"Ngay","ISO_Date","Thu","Loai_Vang","Gia_Mua_VND_Luong","Gia_Ban_VND_Luong","Chenh_Lech_VND_Luong","Gia_Mua_VND_Chi","Gia_Ban_VND_Chi","Gia_The_Gioi_USD_oz","SJC_Mieng_Mua_VND_Luong","SJC_Mieng_Ban_VND_Luong","Cap_Nhat_Luc"
"04/01/2016","2016-01-04","Thứ Hai","Vàng nhẫn SJC 9999",27100000,30100000,3000000,2710000,3010000,1075.1,27600000,30600000,"23:30"
"05/01/2016","2016-01-05","Thứ Ba","Vàng nhẫn SJC 9999",27200000,30200000,3000000,2720000,3020000,1078.4,27700000,30700000,"23:30"
"06/01/2016","2016-01-06","Thứ Tư","Vàng nhẫn SJC 9999",27600000,30600000,3000000,2760000,3060000,1091.9,28100000,31100000,"23:30"
"07/01/2016","2016-01-07","Thứ Năm","Vàng nhẫn SJC 9999",28000000,31000000,3000000,2800000,3100000,1107.7,28500000,31500000,"23:30"
"08/01/2016","2016-01-08","Thứ Sáu","Vàng nhẫn SJC 9999",27800000,30800000,3000000,2780000,3080000,1097.8,28300000,31300000,"23:30"
"11/01/2016","2016-01-11","Thứ Hai","Vàng nhẫn SJC 9999",27700000,30700000,3000000,2770000,3070000,1096.5,28200000,31200000,"23:30"
"12/01/2016","2016-01-12","Thứ Ba","Vàng nhẫn SJC 9999",27400000,30400000,3000000,2740000,3040000,1085.6,27900000,30900000,"23:30"
"13/01/2016","2016-01-13","Thứ Tư","Vàng nhẫn SJC 9999",27500000,30500000,3000000,2750000,3050000,1087.5,28000000,31000000,"23:30"
"14/01/2016","2016-01-14","Thứ Năm","Vàng nhẫn SJC 9999",27100000,30100000,3000000,2710000,3010000,1073.9,27600000,30600000,"23:30"
"15/01/2016","2016-01-15","Thứ Sáu","Vàng nhẫn SJC 9999",27600000,30600000,3000000,2760000,3060000,1091.5,28100000,31100000,"23:30"
"19/01/2016","2016-01-19","Thứ Ba","Vàng nhẫn SJC 9999",27500000,30500000,3000000,2750000,3050000,1089.9,28000000,31000000,"23:30"
"20/01/2016","2016-01-20","Thứ Tư","Vàng nhẫn SJC 9999",28000000,31000000,3000000,2800000,3100000,1107.1,28500000,31500000,"23:30"
"21/01/2016","2016-01-21","Thứ Năm","Vàng nhẫn SJC 9999",27800000,30800000,3000000,2780000,3080000,1099.1,28300000,31300000,"23:30"
"22/01/2016","2016-01-22","Thứ Sáu","Vàng nhẫn SJC 9999",27700000,30700000,3000000,2770000,3070000,1097.2,28200000,31200000,"23:30"
"25/01/2016","2016-01-25","Thứ Hai","Vàng nhẫn SJC 9999",28000000,31000000,3000000,2800000,3100000,1106.2,28500000,31500000,"23:30"
"26/01/2016","2016-01-26","Thứ Ba","Vàng nhẫn SJC 9999",28400000,31400000,3000000,2840000,3140000,1121.7,28900000,31900000,"23:30"
"27/01/2016","2016-01-27","Thứ Tư","Vàng nhẫn SJC 9999",28300000,31300000,3000000,2830000,3130000,1116.1,28800000,31800000,"23:30"
"28/01/2016","2016-01-28","Thứ Năm","Vàng nhẫn SJC 9999",28300000,31300000,3000000,2830000,3130000,1115.6,28800000,31800000,"23:30"
"29/01/2016","2016-01-29","Thứ Sáu","Vàng nhẫn SJC 9999",28300000,31300000,3000000,2830000,3130000,1116.4,28800000,31800000,"23:30"
"01/02/2016","2016-02-01","Thứ Hai","Vàng nhẫn SJC 9999",28600000,31600000,3000000,2860000,3160000,1127.9,29100000,32100000,"23:30"
"02/02/2016","2016-02-02","Thứ Ba","Vàng nhẫn SJC 9999",28600000,31600000,3000000,2860000,3160000,1127.3,29100000,32100000,"23:30"
"03/02/2016","2016-02-03","Thứ Tư","Vàng nhẫn SJC 9999",29000000,32000000,3000000,2900000,3200000,1141.3,29500000,32500000,"23:30"
"04/02/2016","2016-02-04","Thứ Năm","Vàng nhẫn SJC 9999",29400000,32400000,3000000,2940000,3240000,1157.6,29900000,32900000,"23:30"
"05/02/2016","2016-02-05","Thứ Sáu","Vàng nhẫn SJC 9999",29400000,32400000,3000000,2940000,3240000,1157.8,29900000,32900000,"23:30"
"08/02/2016","2016-02-08","Thứ Hai","Vàng nhẫn SJC 9999",30600000,33600000,3000000,3060000,3360000,1197.9,31100000,34100000,"23:30"
"09/02/2016","2016-02-09","Thứ Ba","Vàng nhẫn SJC 9999",30600000,33600000,3000000,3060000,3360000,1198.7,31100000,34100000,"23:30"
"10/02/2016","2016-02-10","Thứ Tư","Vàng nhẫn SJC 9999",30500000,33500000,3000000,3050000,3350000,1194.7,31000000,34000000,"23:30"
"11/02/2016","2016-02-11","Thứ Năm","Vàng nhẫn SJC 9999",32000000,35000000,3000000,3200000,3500000,1247.9,32500000,35500000,"23:30"
"12/02/2016","2016-02-12","Thứ Sáu","Vàng nhẫn SJC 9999",31700000,34700000,3000000,3170000,3470000,1239.1,32200000,35200000,"23:30"
"16/02/2016","2016-02-16","Thứ Ba","Vàng nhẫn SJC 9999",30900000,33900000,3000000,3090000,3390000,1207.9,31400000,34400000,"23:30"
"17/02/2016","2016-02-17","Thứ Tư","Vàng nhẫn SJC 9999",30900000,33900000,3000000,3090000,3390000,1211.1,31400000,34400000,"23:30"
"18/02/2016","2016-02-18","Thứ Năm","Vàng nhẫn SJC 9999",31400000,34400000,3000000,3140000,3440000,1226.1,31900000,34900000,"23:30"
"19/02/2016","2016-02-19","Thứ Sáu","Vàng nhẫn SJC 9999",31500000,34500000,3000000,3150000,3450000,1230.4,32000000,35000000,"23:30"
"22/02/2016","2016-02-22","Thứ Hai","Vàng nhẫn SJC 9999",30900000,33900000,3000000,3090000,3390000,1209.5,31400000,34400000,"23:30"
"23/02/2016","2016-02-23","Thứ Ba","Vàng nhẫn SJC 9999",31300000,34300000,3000000,3130000,3430000,1222.3,31800000,34800000,"23:30"
"24/02/2016","2016-02-24","Thứ Tư","Vàng nhẫn SJC 9999",31700000,34700000,3000000,3170000,3470000,1238.7,32200000,35200000,"23:30"
"25/02/2016","2016-02-25","Thứ Năm","Vàng nhẫn SJC 9999",31700000,34700000,3000000,3170000,3470000,1238.2,32200000,35200000,"23:30"
"26/02/2016","2016-02-26","Thứ Sáu","Vàng nhẫn SJC 9999",31200000,34200000,3000000,3120000,3420000,1219.8,31700000,34700000,"23:30"
"29/02/2016","2016-02-29","Thứ Hai","Vàng nhẫn SJC 9999",31600000,34600000,3000000,3160000,3460000,1233.9,32100000,35100000,"23:30"
"01/03/2016","2016-03-01","Thứ Ba","Vàng nhẫn SJC 9999",31500000,34500000,3000000,3150000,3450000,1230.3,32000000,35000000,"23:30"
"02/03/2016","2016-03-02","Thứ Tư","Vàng nhẫn SJC 9999",31800000,34800000,3000000,3180000,3480000,1241.1,32300000,35300000,"23:30"
"03/03/2016","2016-03-03","Thứ Năm","Vàng nhẫn SJC 9999",32200000,35200000,3000000,3220000,3520000,1257.4,32700000,35700000,"23:30"
"04/03/2016","2016-03-04","Thứ Sáu","Vàng nhẫn SJC 9999",32600000,35600000,3000000,3260000,3560000,1269.9,33100000,36100000,"23:30"
"07/03/2016","2016-03-07","Thứ Hai","Vàng nhẫn SJC 9999",32400000,35400000,3000000,3240000,3540000,1263.2,32900000,35900000,"23:30"
"08/03/2016","2016-03-08","Thứ Ba","Vàng nhẫn SJC 9999",32400000,35400000,3000000,3240000,3540000,1262.1,32900000,35900000,"23:30"
"09/03/2016","2016-03-09","Thứ Tư","Vàng nhẫn SJC 9999",32200000,35200000,3000000,3220000,3520000,1256.6,32700000,35700000,"23:30"
"10/03/2016","2016-03-10","Thứ Năm","Vàng nhẫn SJC 9999",32600000,35600000,3000000,3260000,3560000,1272,33100000,36100000,"23:30"
"11/03/2016","2016-03-11","Thứ Sáu","Vàng nhẫn SJC 9999",32300000,35300000,3000000,3230000,3530000,1258.7,32800000,35800000,"23:30"
"14/03/2016","2016-03-14","Thứ Hai","Vàng nhẫn SJC 9999",31900000,34900000,3000000,3190000,3490000,1244.4,32400000,35400000,"23:30"
"15/03/2016","2016-03-15","Thứ Ba","Vàng nhẫn SJC 9999",31500000,34500000,3000000,3150000,3450000,1230.4,32000000,35000000,"23:30"
"16/03/2016","2016-03-16","Thứ Tư","Vàng nhẫn SJC 9999",31500000,34500000,3000000,3150000,3450000,1229.3,32000000,35000000,"23:30"
"17/03/2016","2016-03-17","Thứ Năm","Vàng nhẫn SJC 9999",32400000,35400000,3000000,3240000,3540000,1264.5,32900000,35900000,"23:30"
"18/03/2016","2016-03-18","Thứ Sáu","Vàng nhẫn SJC 9999",32100000,35100000,3000000,3210000,3510000,1253.8,32600000,35600000,"23:30"
"21/03/2016","2016-03-21","Thứ Hai","Vàng nhẫn SJC 9999",31900000,34900000,3000000,3190000,3490000,1243.8,32400000,35400000,"23:30"
"22/03/2016","2016-03-22","Thứ Ba","Vàng nhẫn SJC 9999",32000000,35000000,3000000,3200000,3500000,1248.2,32500000,35500000,"23:30"
"23/03/2016","2016-03-23","Thứ Tư","Vàng nhẫn SJC 9999",31300000,34300000,3000000,3130000,3430000,1223.7,31800000,34800000,"23:30"
"24/03/2016","2016-03-24","Thứ Năm","Vàng nhẫn SJC 9999",31200000,34200000,3000000,3120000,3420000,1221.4,31700000,34700000,"23:30"
"28/03/2016","2016-03-28","Thứ Hai","Vàng nhẫn SJC 9999",31200000,34200000,3000000,3120000,3420000,1219.9,31700000,34700000,"23:30"
"29/03/2016","2016-03-29","Thứ Ba","Vàng nhẫn SJC 9999",31600000,34600000,3000000,3160000,3460000,1235.6,32100000,35100000,"23:30"
"30/03/2016","2016-03-30","Thứ Tư","Vàng nhẫn SJC 9999",31400000,34400000,3000000,3140000,3440000,1226.9,31900000,34900000,"23:30"
"31/03/2016","2016-03-31","Thứ Năm","Vàng nhẫn SJC 9999",31600000,34600000,3000000,3160000,3460000,1234.2,32100000,35100000,"23:30"
"01/04/2016","2016-04-01","Thứ Sáu","Vàng nhẫn SJC 9999",31300000,34300000,3000000,3130000,3430000,1222.2,31800000,34800000,"23:30"
"04/04/2016","2016-04-04","Thứ Hai","Vàng nhẫn SJC 9999",31100000,34100000,3000000,3110000,3410000,1218,31600000,34600000,"23:30"
"05/04/2016","2016-04-05","Thứ Ba","Vàng nhẫn SJC 9999",31400000,34400000,3000000,3140000,3440000,1228.4,31900000,34900000,"23:30"
"06/04/2016","2016-04-06","Thứ Tư","Vàng nhẫn SJC 9999",31300000,34300000,3000000,3130000,3430000,1222.5,31800000,34800000,"23:30"
"07/04/2016","2016-04-07","Thứ Năm","Vàng nhẫn SJC 9999",31600000,34600000,3000000,3160000,3460000,1236.2,32100000,35100000,"23:30"
"08/04/2016","2016-04-08","Thứ Sáu","Vàng nhẫn SJC 9999",31800000,34800000,3000000,3180000,3480000,1242.5,32300000,35300000,"23:30"
"11/04/2016","2016-04-11","Thứ Hai","Vàng nhẫn SJC 9999",32200000,35200000,3000000,3220000,3520000,1256.7,32700000,35700000,"23:30"
"12/04/2016","2016-04-12","Thứ Ba","Vàng nhẫn SJC 9999",32300000,35300000,3000000,3230000,3530000,1259.4,32800000,35800000,"23:30"
"13/04/2016","2016-04-13","Thứ Tư","Vàng nhẫn SJC 9999",31900000,34900000,3000000,3190000,3490000,1246.8,32400000,35400000,"23:30"
"14/04/2016","2016-04-14","Thứ Năm","Vàng nhẫn SJC 9999",31300000,34300000,3000000,3130000,3430000,1225,31800000,34800000,"23:30"
"15/04/2016","2016-04-15","Thứ Sáu","Vàng nhẫn SJC 9999",31600000,34600000,3000000,3160000,3460000,1233.1,32100000,35100000,"23:30"
"18/04/2016","2016-04-18","Thứ Hai","Vàng nhẫn SJC 9999",31600000,34600000,3000000,3160000,3460000,1233.6,32100000,35100000,"23:30"
"19/04/2016","2016-04-19","Thứ Ba","Vàng nhẫn SJC 9999",32100000,35100000,3000000,3210000,3510000,1253,32600000,35600000,"23:30"
"20/04/2016","2016-04-20","Thứ Tư","Vàng nhẫn SJC 9999",32100000,35100000,3000000,3210000,3510000,1253.2,32600000,35600000,"23:30"
"21/04/2016","2016-04-21","Thứ Năm","Vàng nhẫn SJC 9999",32000000,35000000,3000000,3200000,3500000,1249,32500000,35500000,"23:30"
"22/04/2016","2016-04-22","Thứ Sáu","Vàng nhẫn SJC 9999",31400000,34400000,3000000,3140000,3440000,1228.7,31900000,34900000,"23:30"
"25/04/2016","2016-04-25","Thứ Hai","Vàng nhẫn SJC 9999",31700000,34700000,3000000,3170000,3470000,1238.9,32200000,35200000,"23:30"
"26/04/2016","2016-04-26","Thứ Ba","Vàng nhẫn SJC 9999",31800000,34800000,3000000,3180000,3480000,1242.2,32300000,35300000,"23:30"
"27/04/2016","2016-04-27","Thứ Tư","Vàng nhẫn SJC 9999",32000000,35000000,3000000,3200000,3500000,1249.2,32500000,35500000,"23:30"
"28/04/2016","2016-04-28","Thứ Năm","Vàng nhẫn SJC 9999",32500000,35500000,3000000,3250000,3550000,1265.5,33000000,36000000,"23:30"
"29/04/2016","2016-04-29","Thứ Sáu","Vàng nhẫn SJC 9999",33100000,36100000,3000000,3310000,3610000,1289.2,33600000,36600000,"23:30"
"02/05/2016","2016-05-02","Thứ Hai","Vàng nhẫn SJC 9999",33300000,36300000,3000000,3330000,3630000,1294.7,33800000,36800000,"23:30"
"03/05/2016","2016-05-03","Thứ Ba","Vàng nhẫn SJC 9999",33200000,36200000,3000000,3320000,3620000,1290.7,33700000,36700000,"23:30"
"04/05/2016","2016-05-04","Thứ Tư","Vàng nhẫn SJC 9999",32700000,35700000,3000000,3270000,3570000,1273.3,33200000,36200000,"23:30"
"05/05/2016","2016-05-05","Thứ Năm","Vàng nhẫn SJC 9999",32600000,35600000,3000000,3260000,3560000,1271.4,33100000,36100000,"23:30"
"06/05/2016","2016-05-06","Thứ Sáu","Vàng nhẫn SJC 9999",33200000,36200000,3000000,3320000,3620000,1292.9,33700000,36700000,"23:30"
"09/05/2016","2016-05-09","Thứ Hai","Vàng nhẫn SJC 9999",32500000,35500000,3000000,3250000,3550000,1265.6,33000000,36000000,"23:30"
"10/05/2016","2016-05-10","Thứ Ba","Vàng nhẫn SJC 9999",32400000,35400000,3000000,3240000,3540000,1263.9,32900000,35900000,"23:30"
"11/05/2016","2016-05-11","Thứ Tư","Vàng nhẫn SJC 9999",32700000,35700000,3000000,3270000,3570000,1274.6,33200000,36200000,"23:30"
"12/05/2016","2016-05-12","Thứ Năm","Vàng nhẫn SJC 9999",32600000,35600000,3000000,3260000,3560000,1270.3,33100000,36100000,"23:30"
"13/05/2016","2016-05-13","Thứ Sáu","Vàng nhẫn SJC 9999",32600000,35600000,3000000,3260000,3560000,1271.9,33100000,36100000,"23:30"
"16/05/2016","2016-05-16","Thứ Hai","Vàng nhẫn SJC 9999",32700000,35700000,3000000,3270000,3570000,1273.4,33200000,36200000,"23:30"
"17/05/2016","2016-05-17","Thứ Ba","Vàng nhẫn SJC 9999",32800000,35800000,3000000,3280000,3580000,1276.2,33300000,36300000,"23:30"
"18/05/2016","2016-05-18","Thứ Tư","Vàng nhẫn SJC 9999",32700000,35700000,3000000,3270000,3570000,1273.7,33200000,36200000,"23:30"
"19/05/2016","2016-05-19","Thứ Năm","Vàng nhẫn SJC 9999",32100000,35100000,3000000,3210000,3510000,1254.2,32600000,35600000,"23:30"
"20/05/2016","2016-05-20","Thứ Sáu","Vàng nhẫn SJC 9999",32100000,35100000,3000000,3210000,3510000,1252.4,32600000,35600000,"23:30"
"23/05/2016","2016-05-23","Thứ Hai","Vàng nhẫn SJC 9999",32100000,35100000,3000000,3210000,3510000,1251.1,32600000,35600000,"23:30"
"24/05/2016","2016-05-24","Thứ Ba","Vàng nhẫn SJC 9999",31400000,34400000,3000000,3140000,3440000,1228.9,31900000,34900000,"23:30"
"25/05/2016","2016-05-25","Thứ Tư","Vàng nhẫn SJC 9999",31300000,34300000,3000000,3130000,3430000,1223.5,31800000,34800000,"23:30"
"26/05/2016","2016-05-26","Thứ Năm","Vàng nhẫn SJC 9999",31200000,34200000,3000000,3120000,3420000,1220.1,31700000,34700000,"23:30"
"27/05/2016","2016-05-27","Thứ Sáu","Vàng nhẫn SJC 9999",31000000,34000000,3000000,3100000,3400000,1213.8,31500000,34500000,"23:30"
"31/05/2016","2016-05-31","Thứ Ba","Vàng nhẫn SJC 9999",31000000,34000000,3000000,3100000,3400000,1214.8,31500000,34500000,"23:30"
"01/06/2016","2016-06-01","Thứ Tư","Vàng nhẫn SJC 9999",31000000,34000000,3000000,3100000,3400000,1211.9,31500000,34500000,"23:30"
"02/06/2016","2016-06-02","Thứ Năm","Vàng nhẫn SJC 9999",30900000,33900000,3000000,3090000,3390000,1209.8,31400000,34400000,"23:30"
"03/06/2016","2016-06-03","Thứ Sáu","Vàng nhẫn SJC 9999",31800000,34800000,3000000,3180000,3480000,1240.1,32300000,35300000,"23:30"
"06/06/2016","2016-06-06","Thứ Hai","Vàng nhẫn SJC 9999",31900000,34900000,3000000,3190000,3490000,1244.6,32400000,35400000,"23:30"
"07/06/2016","2016-06-07","Thứ Ba","Vàng nhẫn SJC 9999",31900000,34900000,3000000,3190000,3490000,1244.4,32400000,35400000,"23:30"
"08/06/2016","2016-06-08","Thứ Tư","Vàng nhẫn SJC 9999",32300000,35300000,3000000,3230000,3530000,1259.8,32800000,35800000,"23:30"
"09/06/2016","2016-06-09","Thứ Năm","Vàng nhẫn SJC 9999",32600000,35600000,3000000,3260000,3560000,1270.2,33100000,36100000,"23:30"
"10/06/2016","2016-06-10","Thứ Sáu","Vàng nhẫn SJC 9999",32700000,35700000,3000000,3270000,3570000,1273.4,33200000,36200000,"23:30"
"13/06/2016","2016-06-13","Thứ Hai","Vàng nhẫn SJC 9999",33000000,36000000,3000000,3300000,3600000,1284.4,33500000,36500000,"23:30"
"14/06/2016","2016-06-14","Thứ Ba","Vàng nhẫn SJC 9999",33000000,36000000,3000000,3300000,3600000,1285.6,33500000,36500000,"23:30"
"15/06/2016","2016-06-15","Thứ Tư","Vàng nhẫn SJC 9999",33000000,36000000,3000000,3300000,3600000,1285.8,33500000,36500000,"23:30"
"16/06/2016","2016-06-16","Thứ Năm","Vàng nhẫn SJC 9999",33300000,36300000,3000000,3330000,3630000,1296.1,33800000,36800000,"23:30"
"17/06/2016","2016-06-17","Thứ Sáu","Vàng nhẫn SJC 9999",33200000,36200000,3000000,3320000,3620000,1292.5,33700000,36700000,"23:30"
"20/06/2016","2016-06-20","Thứ Hai","Vàng nhẫn SJC 9999",33200000,36200000,3000000,3320000,3620000,1290,33700000,36700000,"23:30"
"21/06/2016","2016-06-21","Thứ Ba","Vàng nhẫn SJC 9999",32600000,35600000,3000000,3260000,3560000,1270.5,33100000,36100000,"23:30"
"22/06/2016","2016-06-22","Thứ Tư","Vàng nhẫn SJC 9999",32500000,35500000,3000000,3250000,3550000,1268,33000000,36000000,"23:30"
"23/06/2016","2016-06-23","Thứ Năm","Vàng nhẫn SJC 9999",32300000,35300000,3000000,3230000,3530000,1261.2,32800000,35800000,"23:30"
"24/06/2016","2016-06-24","Thứ Sáu","Vàng nhẫn SJC 9999",34000000,37000000,3000000,3400000,3700000,1320,34500000,37500000,"23:30"
"27/06/2016","2016-06-27","Thứ Hai","Vàng nhẫn SJC 9999",34100000,37100000,3000000,3410000,3710000,1322.5,34600000,37600000,"23:30"
"28/06/2016","2016-06-28","Thứ Ba","Vàng nhẫn SJC 9999",33900000,36900000,3000000,3390000,3690000,1315.3,34400000,37400000,"23:30"
"29/06/2016","2016-06-29","Thứ Tư","Vàng nhẫn SJC 9999",34100000,37100000,3000000,3410000,3710000,1323.9,34600000,37600000,"23:30"
"30/06/2016","2016-06-30","Thứ Năm","Vàng nhẫn SJC 9999",33900000,36900000,3000000,3390000,3690000,1318.4,34400000,37400000,"23:30"
"01/07/2016","2016-07-01","Thứ Sáu","Vàng nhẫn SJC 9999",34500000,37500000,3000000,3450000,3750000,1336.7,35000000,38000000,"23:30"
"05/07/2016","2016-07-05","Thứ Ba","Vàng nhẫn SJC 9999",35000000,38000000,3000000,3500000,3800000,1356.4,35500000,38500000,"23:30"
"06/07/2016","2016-07-06","Thứ Tư","Vàng nhẫn SJC 9999",35300000,38300000,3000000,3530000,3830000,1364.9,35800000,38800000,"23:30"
"07/07/2016","2016-07-07","Thứ Năm","Vàng nhẫn SJC 9999",35100000,38100000,3000000,3510000,3810000,1360.1,35600000,38600000,"23:30"
"08/07/2016","2016-07-08","Thứ Sáu","Vàng nhẫn SJC 9999",35000000,38000000,3000000,3500000,3800000,1356.6,35500000,38500000,"23:30"
"11/07/2016","2016-07-11","Thứ Hai","Vàng nhẫn SJC 9999",35000000,38000000,3000000,3500000,3800000,1355,35500000,38500000,"23:30"
"12/07/2016","2016-07-12","Thứ Ba","Vàng nhẫn SJC 9999",34400000,37400000,3000000,3440000,3740000,1334.1,34900000,37900000,"23:30"
"13/07/2016","2016-07-13","Thứ Tư","Vàng nhẫn SJC 9999",34600000,37600000,3000000,3460000,3760000,1342.4,35100000,38100000,"23:30"
"14/07/2016","2016-07-14","Thứ Năm","Vàng nhẫn SJC 9999",34300000,37300000,3000000,3430000,3730000,1331.3,34800000,37800000,"23:30"
"15/07/2016","2016-07-15","Thứ Sáu","Vàng nhẫn SJC 9999",34200000,37200000,3000000,3420000,3720000,1326.5,34700000,37700000,"23:30"
"18/07/2016","2016-07-18","Thứ Hai","Vàng nhẫn SJC 9999",34200000,37200000,3000000,3420000,3720000,1328.4,34700000,37700000,"23:30"
"19/07/2016","2016-07-19","Thứ Ba","Vàng nhẫn SJC 9999",34300000,37300000,3000000,3430000,3730000,1331.5,34800000,37800000,"23:30"
"20/07/2016","2016-07-20","Thứ Tư","Vàng nhẫn SJC 9999",34000000,37000000,3000000,3400000,3700000,1318.8,34500000,37500000,"23:30"
"21/07/2016","2016-07-21","Thứ Năm","Vàng nhẫn SJC 9999",34300000,37300000,3000000,3430000,3730000,1330.5,34800000,37800000,"23:30"
"22/07/2016","2016-07-22","Thứ Sáu","Vàng nhẫn SJC 9999",34100000,37100000,3000000,3410000,3710000,1323.1,34600000,37600000,"23:30"
"25/07/2016","2016-07-25","Thứ Hai","Vàng nhẫn SJC 9999",34000000,37000000,3000000,3400000,3700000,1319.3,34500000,37500000,"23:30"
"26/07/2016","2016-07-26","Thứ Ba","Vàng nhẫn SJC 9999",34000000,37000000,3000000,3400000,3700000,1320.7,34500000,37500000,"23:30"
"27/07/2016","2016-07-27","Thứ Tư","Vàng nhẫn SJC 9999",34200000,37200000,3000000,3420000,3720000,1326.6,34700000,37700000,"23:30"
"28/07/2016","2016-07-28","Thứ Năm","Vàng nhẫn SJC 9999",34300000,37300000,3000000,3430000,3730000,1332.3,34800000,37800000,"23:30"
"29/07/2016","2016-07-29","Thứ Sáu","Vàng nhẫn SJC 9999",34800000,37800000,3000000,3480000,3780000,1349,35300000,38300000,"23:30"
"01/08/2016","2016-08-01","Thứ Hai","Vàng nhẫn SJC 9999",34900000,37900000,3000000,3490000,3790000,1351.4,35400000,38400000,"23:30"
"02/08/2016","2016-08-02","Thứ Ba","Vàng nhẫn SJC 9999",35200000,38200000,3000000,3520000,3820000,1364.4,35700000,38700000,"23:30"
"03/08/2016","2016-08-03","Thứ Tư","Vàng nhẫn SJC 9999",35000000,38000000,3000000,3500000,3800000,1356.1,35500000,38500000,"23:30"
"04/08/2016","2016-08-04","Thứ Năm","Vàng nhẫn SJC 9999",35100000,38100000,3000000,3510000,3810000,1358.8,35600000,38600000,"23:30"
"05/08/2016","2016-08-05","Thứ Sáu","Vàng nhẫn SJC 9999",34500000,37500000,3000000,3450000,3750000,1336.4,35000000,38000000,"23:30"
"08/08/2016","2016-08-08","Thứ Hai","Vàng nhẫn SJC 9999",34400000,37400000,3000000,3440000,3740000,1333.4,34900000,37900000,"23:30"
"09/08/2016","2016-08-09","Thứ Ba","Vàng nhẫn SJC 9999",34500000,37500000,3000000,3450000,3750000,1339,35000000,38000000,"23:30"
"10/08/2016","2016-08-10","Thứ Tư","Vàng nhẫn SJC 9999",34700000,37700000,3000000,3470000,3770000,1344.3,35200000,38200000,"23:30"
"11/08/2016","2016-08-11","Thứ Năm","Vàng nhẫn SJC 9999",34600000,37600000,3000000,3460000,3760000,1342.5,35100000,38100000,"23:30"
"12/08/2016","2016-08-12","Thứ Sáu","Vàng nhẫn SJC 9999",34400000,37400000,3000000,3440000,3740000,1335.8,34900000,37900000,"23:30"
"15/08/2016","2016-08-15","Thứ Hai","Vàng nhẫn SJC 9999",34600000,37600000,3000000,3460000,3760000,1340.3,35100000,38100000,"23:30"
"16/08/2016","2016-08-16","Thứ Ba","Vàng nhẫn SJC 9999",34800000,37800000,3000000,3480000,3780000,1350.5,35300000,38300000,"23:30"
"17/08/2016","2016-08-17","Thứ Tư","Vàng nhẫn SJC 9999",34600000,37600000,3000000,3460000,3760000,1342.7,35100000,38100000,"23:30"
"18/08/2016","2016-08-18","Thứ Năm","Vàng nhẫn SJC 9999",34900000,37900000,3000000,3490000,3790000,1351.2,35400000,38400000,"23:30"
"19/08/2016","2016-08-19","Thứ Sáu","Vàng nhẫn SJC 9999",34600000,37600000,3000000,3460000,3760000,1340.4,35100000,38100000,"23:30"
"22/08/2016","2016-08-22","Thứ Hai","Vàng nhẫn SJC 9999",34500000,37500000,3000000,3450000,3750000,1337.7,35000000,38000000,"23:30"
"23/08/2016","2016-08-23","Thứ Ba","Vàng nhẫn SJC 9999",34600000,37600000,3000000,3460000,3760000,1340.6,35100000,38100000,"23:30"
"24/08/2016","2016-08-24","Thứ Tư","Vàng nhẫn SJC 9999",34100000,37100000,3000000,3410000,3710000,1324.4,34600000,37600000,"23:30"
"25/08/2016","2016-08-25","Thứ Năm","Vàng nhẫn SJC 9999",34000000,37000000,3000000,3400000,3700000,1320.1,34500000,37500000,"23:30"
"26/08/2016","2016-08-26","Thứ Sáu","Vàng nhẫn SJC 9999",34000000,37000000,3000000,3400000,3700000,1321.5,34500000,37500000,"23:30"
"29/08/2016","2016-08-29","Thứ Hai","Vàng nhẫn SJC 9999",34100000,37100000,3000000,3410000,3710000,1322.9,34600000,37600000,"23:30"
"30/08/2016","2016-08-30","Thứ Ba","Vàng nhẫn SJC 9999",33800000,36800000,3000000,3380000,3680000,1311.7,34300000,37300000,"23:30"
"31/08/2016","2016-08-31","Thứ Tư","Vàng nhẫn SJC 9999",33600000,36600000,3000000,3360000,3660000,1306.9,34100000,37100000,"23:30"
"01/09/2016","2016-09-01","Thứ Năm","Vàng nhẫn SJC 9999",33800000,36800000,3000000,3380000,3680000,1312.2,34300000,37300000,"23:30"
"02/09/2016","2016-09-02","Thứ Sáu","Vàng nhẫn SJC 9999",34100000,37100000,3000000,3410000,3710000,1322.1,34600000,37600000,"23:30"
"06/09/2016","2016-09-06","Thứ Ba","Vàng nhẫn SJC 9999",34800000,37800000,3000000,3480000,3780000,1349.4,35300000,38300000,"23:30"
"07/09/2016","2016-09-07","Thứ Tư","Vàng nhẫn SJC 9999",34700000,37700000,3000000,3470000,3770000,1344.3,35200000,38200000,"23:30"
"08/09/2016","2016-09-08","Thứ Năm","Vàng nhẫn SJC 9999",34500000,37500000,3000000,3450000,3750000,1336.8,35000000,38000000,"23:30"
"09/09/2016","2016-09-09","Thứ Sáu","Vàng nhẫn SJC 9999",34300000,37300000,3000000,3430000,3730000,1330.1,34800000,37800000,"23:30"
"12/09/2016","2016-09-12","Thứ Hai","Vàng nhẫn SJC 9999",34000000,37000000,3000000,3400000,3700000,1321,34500000,37500000,"23:30"
"13/09/2016","2016-09-13","Thứ Ba","Vàng nhẫn SJC 9999",34000000,37000000,3000000,3400000,3700000,1319,34500000,37500000,"23:30"
"14/09/2016","2016-09-14","Thứ Tư","Vàng nhẫn SJC 9999",34000000,37000000,3000000,3400000,3700000,1321.5,34500000,37500000,"23:30"
"15/09/2016","2016-09-15","Thứ Năm","Vàng nhẫn SJC 9999",33800000,36800000,3000000,3380000,3680000,1313.5,34300000,37300000,"23:30"
"16/09/2016","2016-09-16","Thứ Sáu","Vàng nhẫn SJC 9999",33600000,36600000,3000000,3360000,3660000,1305.8,34100000,37100000,"23:30"
"19/09/2016","2016-09-19","Thứ Hai","Vàng nhẫn SJC 9999",33800000,36800000,3000000,3380000,3680000,1313.5,34300000,37300000,"23:30"
"20/09/2016","2016-09-20","Thứ Ba","Vàng nhẫn SJC 9999",33800000,36800000,3000000,3380000,3680000,1313.7,34300000,37300000,"23:30"
"21/09/2016","2016-09-21","Thứ Tư","Vàng nhẫn SJC 9999",34200000,37200000,3000000,3420000,3720000,1326.9,34700000,37700000,"23:30"
"22/09/2016","2016-09-22","Thứ Năm","Vàng nhẫn SJC 9999",34600000,37600000,3000000,3460000,3760000,1340.4,35100000,38100000,"23:30"
"23/09/2016","2016-09-23","Thứ Sáu","Vàng nhẫn SJC 9999",34500000,37500000,3000000,3450000,3750000,1337.2,35000000,38000000,"23:30"
"26/09/2016","2016-09-26","Thứ Hai","Vàng nhẫn SJC 9999",34500000,37500000,3000000,3450000,3750000,1339.7,35000000,38000000,"23:30"
"27/09/2016","2016-09-27","Thứ Ba","Vàng nhẫn SJC 9999",34200000,37200000,3000000,3420000,3720000,1325.9,34700000,37700000,"23:30"
"28/09/2016","2016-09-28","Thứ Tư","Vàng nhẫn SJC 9999",34000000,37000000,3000000,3400000,3700000,1319.4,34500000,37500000,"23:30"
"29/09/2016","2016-09-29","Thứ Năm","Vàng nhẫn SJC 9999",34000000,37000000,3000000,3400000,3700000,1321.7,34500000,37500000,"23:30"
"30/09/2016","2016-09-30","Thứ Sáu","Vàng nhẫn SJC 9999",33800000,36800000,3000000,3380000,3680000,1313.3,34300000,37300000,"23:30"
"03/10/2016","2016-10-03","Thứ Hai","Vàng nhẫn SJC 9999",33700000,36700000,3000000,3370000,3670000,1309,34200000,37200000,"23:30"
"04/10/2016","2016-10-04","Thứ Ba","Vàng nhẫn SJC 9999",32500000,35500000,3000000,3250000,3550000,1266.3,33000000,36000000,"23:30"
"05/10/2016","2016-10-05","Thứ Tư","Vàng nhẫn SJC 9999",32500000,35500000,3000000,3250000,3550000,1265.2,33000000,36000000,"23:30"
"06/10/2016","2016-10-06","Thứ Năm","Vàng nhẫn SJC 9999",32000000,35000000,3000000,3200000,3500000,1249.8,32500000,35500000,"23:30"
"07/10/2016","2016-10-07","Thứ Sáu","Vàng nhẫn SJC 9999",32000000,35000000,3000000,3200000,3500000,1248.9,32500000,35500000,"23:30"
"11/10/2016","2016-10-11","Thứ Ba","Vàng nhẫn SJC 9999",32100000,35100000,3000000,3210000,3510000,1253,32600000,35600000,"23:30"
"12/10/2016","2016-10-12","Thứ Tư","Vàng nhẫn SJC 9999",32100000,35100000,3000000,3210000,3510000,1251.1,32600000,35600000,"23:30"
"13/10/2016","2016-10-13","Thứ Năm","Vàng nhẫn SJC 9999",32200000,35200000,3000000,3220000,3520000,1255,32700000,35700000,"23:30"
"14/10/2016","2016-10-14","Thứ Sáu","Vàng nhẫn SJC 9999",32100000,35100000,3000000,3210000,3510000,1253.1,32600000,35600000,"23:30"
"17/10/2016","2016-10-17","Thứ Hai","Vàng nhẫn SJC 9999",32200000,35200000,3000000,3220000,3520000,1254.4,32700000,35700000,"23:30"
"18/10/2016","2016-10-18","Thứ Ba","Vàng nhẫn SJC 9999",32300000,35300000,3000000,3230000,3530000,1260.8,32800000,35800000,"23:30"
"19/10/2016","2016-10-19","Thứ Tư","Vàng nhẫn SJC 9999",32500000,35500000,3000000,3250000,3550000,1267.9,33000000,36000000,"23:30"
"20/10/2016","2016-10-20","Thứ Năm","Vàng nhẫn SJC 9999",32500000,35500000,3000000,3250000,3550000,1265.6,33000000,36000000,"23:30"
"21/10/2016","2016-10-21","Thứ Sáu","Vàng nhẫn SJC 9999",32500000,35500000,3000000,3250000,3550000,1265.9,33000000,36000000,"23:30"
"24/10/2016","2016-10-24","Thứ Hai","Vàng nhẫn SJC 9999",32400000,35400000,3000000,3240000,3540000,1262,32900000,35900000,"23:30"
"25/10/2016","2016-10-25","Thứ Ba","Vàng nhẫn SJC 9999",32600000,35600000,3000000,3260000,3560000,1271.9,33100000,36100000,"23:30"
"26/10/2016","2016-10-26","Thứ Tư","Vàng nhẫn SJC 9999",32400000,35400000,3000000,3240000,3540000,1264.8,32900000,35900000,"23:30"
"27/10/2016","2016-10-27","Thứ Năm","Vàng nhẫn SJC 9999",32500000,35500000,3000000,3250000,3550000,1267.9,33000000,36000000,"23:30"
"28/10/2016","2016-10-28","Thứ Sáu","Vàng nhẫn SJC 9999",32700000,35700000,3000000,3270000,3570000,1275.5,33200000,36200000,"23:30"
"31/10/2016","2016-10-31","Thứ Hai","Vàng nhẫn SJC 9999",32600000,35600000,3000000,3260000,3560000,1271.5,33100000,36100000,"23:30"
"01/11/2016","2016-11-01","Thứ Ba","Vàng nhẫn SJC 9999",33100000,36100000,3000000,3310000,3610000,1286.4,33600000,36600000,"23:30"
"02/11/2016","2016-11-02","Thứ Tư","Vàng nhẫn SJC 9999",33600000,36600000,3000000,3360000,3660000,1306.8,34100000,37100000,"23:30"
"03/11/2016","2016-11-03","Thứ Năm","Vàng nhẫn SJC 9999",33500000,36500000,3000000,3350000,3650000,1302.1,34000000,37000000,"23:30"
"04/11/2016","2016-11-04","Thứ Sáu","Vàng nhẫn SJC 9999",33500000,36500000,3000000,3350000,3650000,1303.3,34000000,37000000,"23:30"
"07/11/2016","2016-11-07","Thứ Hai","Vàng nhẫn SJC 9999",32800000,35800000,3000000,3280000,3580000,1278.3,33300000,36300000,"23:30"
"08/11/2016","2016-11-08","Thứ Ba","Vàng nhẫn SJC 9999",32700000,35700000,3000000,3270000,3570000,1273.4,33200000,36200000,"23:30"
"09/11/2016","2016-11-09","Thứ Tư","Vàng nhẫn SJC 9999",32700000,35700000,3000000,3270000,3570000,1272.6,33200000,36200000,"23:30"
"10/11/2016","2016-11-10","Thứ Năm","Vàng nhẫn SJC 9999",32500000,35500000,3000000,3250000,3550000,1265.5,33000000,36000000,"23:30"
"14/11/2016","2016-11-14","Thứ Hai","Vàng nhẫn SJC 9999",31200000,34200000,3000000,3120000,3420000,1221.2,31700000,34700000,"23:30"
"15/11/2016","2016-11-15","Thứ Ba","Vàng nhẫn SJC 9999",31300000,34300000,3000000,3130000,3430000,1224,31800000,34800000,"23:30"
"16/11/2016","2016-11-16","Thứ Tư","Vàng nhẫn SJC 9999",31300000,34300000,3000000,3130000,3430000,1223.4,31800000,34800000,"23:30"
"17/11/2016","2016-11-17","Thứ Năm","Vàng nhẫn SJC 9999",31100000,34100000,3000000,3110000,3410000,1216.5,31600000,34600000,"23:30"
"18/11/2016","2016-11-18","Thứ Sáu","Vàng nhẫn SJC 9999",30900000,33900000,3000000,3090000,3390000,1208.5,31400000,34400000,"23:30"
"21/11/2016","2016-11-21","Thứ Hai","Vàng nhẫn SJC 9999",30900000,33900000,3000000,3090000,3390000,1209.6,31400000,34400000,"23:30"
"22/11/2016","2016-11-22","Thứ Ba","Vàng nhẫn SJC 9999",30900000,33900000,3000000,3090000,3390000,1211,31400000,34400000,"23:30"
"23/11/2016","2016-11-23","Thứ Tư","Vàng nhẫn SJC 9999",30300000,33300000,3000000,3030000,3330000,1189.1,30800000,33800000,"23:30"
"25/11/2016","2016-11-25","Thứ Sáu","Vàng nhẫn SJC 9999",30000000,33000000,3000000,3000000,3300000,1178.2,30500000,33500000,"23:30"
"28/11/2016","2016-11-28","Thứ Hai","Vàng nhẫn SJC 9999",30400000,33400000,3000000,3040000,3340000,1190.6,30900000,33900000,"23:30"
"29/11/2016","2016-11-29","Thứ Ba","Vàng nhẫn SJC 9999",30300000,33300000,3000000,3030000,3330000,1187.9,30800000,33800000,"23:30"
"30/11/2016","2016-11-30","Thứ Tư","Vàng nhẫn SJC 9999",29800000,32800000,3000000,2980000,3280000,1170.8,30300000,33300000,"23:30"
"01/12/2016","2016-12-01","Thứ Năm","Vàng nhẫn SJC 9999",29700000,32700000,3000000,2970000,3270000,1166.9,30200000,33200000,"23:30"
"02/12/2016","2016-12-02","Thứ Sáu","Vàng nhẫn SJC 9999",29900000,32900000,3000000,2990000,3290000,1175.1,30400000,33400000,"23:30"
"05/12/2016","2016-12-05","Thứ Hai","Vàng nhẫn SJC 9999",29900000,32900000,3000000,2990000,3290000,1174,30400000,33400000,"23:30"
"06/12/2016","2016-12-06","Thứ Ba","Vàng nhẫn SJC 9999",29700000,32700000,3000000,2970000,3270000,1167.6,30200000,33200000,"23:30"
"07/12/2016","2016-12-07","Thứ Tư","Vàng nhẫn SJC 9999",29900000,32900000,3000000,2990000,3290000,1175,30400000,33400000,"23:30"
"08/12/2016","2016-12-08","Thứ Năm","Vàng nhẫn SJC 9999",29800000,32800000,3000000,2980000,3280000,1169.8,30300000,33300000,"23:30"
"09/12/2016","2016-12-09","Thứ Sáu","Vàng nhẫn SJC 9999",29500000,32500000,3000000,2950000,3250000,1159.4,30000000,33000000,"23:30"
"12/12/2016","2016-12-12","Thứ Hai","Vàng nhẫn SJC 9999",29600000,32600000,3000000,2960000,3260000,1163.5,30100000,33100000,"23:30"
"13/12/2016","2016-12-13","Thứ Ba","Vàng nhẫn SJC 9999",29400000,32400000,3000000,2940000,3240000,1156.7,29900000,32900000,"23:30"
"14/12/2016","2016-12-14","Thứ Tư","Vàng nhẫn SJC 9999",29500000,32500000,3000000,2950000,3250000,1161.3,30000000,33000000,"23:30"
"15/12/2016","2016-12-15","Thứ Năm","Vàng nhẫn SJC 9999",28600000,31600000,3000000,2860000,3160000,1127.8,29100000,32100000,"23:30"
"16/12/2016","2016-12-16","Thứ Sáu","Vàng nhẫn SJC 9999",28800000,31800000,3000000,2880000,3180000,1135.3,29300000,32300000,"23:30"
"19/12/2016","2016-12-19","Thứ Hai","Vàng nhẫn SJC 9999",29000000,32000000,3000000,2900000,3200000,1140.5,29500000,32500000,"23:30"
"20/12/2016","2016-12-20","Thứ Ba","Vàng nhẫn SJC 9999",28700000,31700000,3000000,2870000,3170000,1131.5,29200000,32200000,"23:30"
"21/12/2016","2016-12-21","Thứ Tư","Vàng nhẫn SJC 9999",28700000,31700000,3000000,2870000,3170000,1131.1,29200000,32200000,"23:30"
"22/12/2016","2016-12-22","Thứ Năm","Vàng nhẫn SJC 9999",28600000,31600000,3000000,2860000,3160000,1128.8,29100000,32100000,"23:30"
"23/12/2016","2016-12-23","Thứ Sáu","Vàng nhẫn SJC 9999",28700000,31700000,3000000,2870000,3170000,1131.9,29200000,32200000,"23:30"
"27/12/2016","2016-12-27","Thứ Ba","Vàng nhẫn SJC 9999",28900000,31900000,3000000,2890000,3190000,1137.3,29400000,32400000,"23:30"
"28/12/2016","2016-12-28","Thứ Tư","Vàng nhẫn SJC 9999",28900000,31900000,3000000,2890000,3190000,1139.4,29400000,32400000,"23:30"
"29/12/2016","2016-12-29","Thứ Năm","Vàng nhẫn SJC 9999",29400000,32400000,3000000,2940000,3240000,1156.4,29900000,32900000,"23:30"
"30/12/2016","2016-12-30","Thứ Sáu","Vàng nhẫn SJC 9999",29200000,32200000,3000000,2920000,3220000,1150,29700000,32700000,"23:30"
"03/01/2017","2017-01-03","Thứ Ba","Vàng nhẫn SJC 9999",30300000,33300000,3000000,3030000,3330000,1160.4,30800000,33800000,"23:30"
"04/01/2017","2017-01-04","Thứ Tư","Vàng nhẫn SJC 9999",30400000,33400000,3000000,3040000,3340000,1163.8,30900000,33900000,"23:30"
"05/01/2017","2017-01-05","Thứ Năm","Vàng nhẫn SJC 9999",30900000,33900000,3000000,3090000,3390000,1179.7,31400000,34400000,"23:30"
"06/01/2017","2017-01-06","Thứ Sáu","Vàng nhẫn SJC 9999",30700000,33700000,3000000,3070000,3370000,1171.9,31200000,34200000,"23:30"
"09/01/2017","2017-01-09","Thứ Hai","Vàng nhẫn SJC 9999",31000000,34000000,3000000,3100000,3400000,1183.5,31500000,34500000,"23:30"
"10/01/2017","2017-01-10","Thứ Ba","Vàng nhẫn SJC 9999",31000000,34000000,3000000,3100000,3400000,1184.2,31500000,34500000,"23:30"
"11/01/2017","2017-01-11","Thứ Tư","Vàng nhẫn SJC 9999",31400000,34400000,3000000,3140000,3440000,1195.6,31900000,34900000,"23:30"
"12/01/2017","2017-01-12","Thứ Năm","Vàng nhẫn SJC 9999",31500000,34500000,3000000,3150000,3450000,1198.9,32000000,35000000,"23:30"
"13/01/2017","2017-01-13","Thứ Sáu","Vàng nhẫn SJC 9999",31300000,34300000,3000000,3130000,3430000,1195.3,31800000,34800000,"23:30"
"17/01/2017","2017-01-17","Thứ Ba","Vàng nhẫn SJC 9999",31800000,34800000,3000000,3180000,3480000,1212,32300000,35300000,"23:30"
"18/01/2017","2017-01-18","Thứ Tư","Vàng nhẫn SJC 9999",31800000,34800000,3000000,3180000,3480000,1211.3,32300000,35300000,"23:30"
"19/01/2017","2017-01-19","Thứ Năm","Vàng nhẫn SJC 9999",31500000,34500000,3000000,3150000,3450000,1200.9,32000000,35000000,"23:30"
"20/01/2017","2017-01-20","Thứ Sáu","Vàng nhẫn SJC 9999",31600000,34600000,3000000,3160000,3460000,1204.3,32100000,35100000,"23:30"
"23/01/2017","2017-01-23","Thứ Hai","Vàng nhẫn SJC 9999",31900000,34900000,3000000,3190000,3490000,1215,32400000,35400000,"23:30"
"24/01/2017","2017-01-24","Thứ Ba","Vàng nhẫn SJC 9999",31800000,34800000,3000000,3180000,3480000,1210.3,32300000,35300000,"23:30"
"25/01/2017","2017-01-25","Thứ Tư","Vàng nhẫn SJC 9999",31400000,34400000,3000000,3140000,3440000,1197.3,31900000,34900000,"23:30"
"26/01/2017","2017-01-26","Thứ Năm","Vàng nhẫn SJC 9999",31200000,34200000,3000000,3120000,3420000,1189.5,31700000,34700000,"23:30"
"27/01/2017","2017-01-27","Thứ Sáu","Vàng nhẫn SJC 9999",31100000,34100000,3000000,3110000,3410000,1188.1,31600000,34600000,"23:30"
"30/01/2017","2017-01-30","Thứ Hai","Vàng nhẫn SJC 9999",31300000,34300000,3000000,3130000,3430000,1193.2,31800000,34800000,"23:30"
"31/01/2017","2017-01-31","Thứ Ba","Vàng nhẫn SJC 9999",31700000,34700000,3000000,3170000,3470000,1208.6,32200000,35200000,"23:30"
"01/02/2017","2017-02-01","Thứ Tư","Vàng nhẫn SJC 9999",31600000,34600000,3000000,3160000,3460000,1205.6,32100000,35100000,"23:30"
"02/02/2017","2017-02-02","Thứ Năm","Vàng nhẫn SJC 9999",32000000,35000000,3000000,3200000,3500000,1216.7,32500000,35500000,"23:30"
"03/02/2017","2017-02-03","Thứ Sáu","Vàng nhẫn SJC 9999",32000000,35000000,3000000,3200000,3500000,1218.5,32500000,35500000,"23:30"
"06/02/2017","2017-02-06","Thứ Hai","Vàng nhẫn SJC 9999",32300000,35300000,3000000,3230000,3530000,1230,32800000,35800000,"23:30"
"07/02/2017","2017-02-07","Thứ Ba","Vàng nhẫn SJC 9999",32500000,35500000,3000000,3250000,3550000,1234.2,33000000,36000000,"23:30"
"08/02/2017","2017-02-08","Thứ Tư","Vàng nhẫn SJC 9999",32600000,35600000,3000000,3260000,3560000,1237.6,33100000,36100000,"23:30"
"09/02/2017","2017-02-09","Thứ Năm","Vàng nhẫn SJC 9999",32500000,35500000,3000000,3250000,3550000,1235.1,33000000,36000000,"23:30"
"10/02/2017","2017-02-10","Thứ Sáu","Vàng nhẫn SJC 9999",32500000,35500000,3000000,3250000,3550000,1234.4,33000000,36000000,"23:30"
"13/02/2017","2017-02-13","Thứ Hai","Vàng nhẫn SJC 9999",32200000,35200000,3000000,3220000,3520000,1224.4,32700000,35700000,"23:30"
"14/02/2017","2017-02-14","Thứ Ba","Vàng nhẫn SJC 9999",32200000,35200000,3000000,3220000,3520000,1223.9,32700000,35700000,"23:30"
"15/02/2017","2017-02-15","Thứ Tư","Vàng nhẫn SJC 9999",32400000,35400000,3000000,3240000,3540000,1231.7,32900000,35900000,"23:30"
"16/02/2017","2017-02-16","Thứ Năm","Vàng nhẫn SJC 9999",32600000,35600000,3000000,3260000,3560000,1240,33100000,36100000,"23:30"
"17/02/2017","2017-02-17","Thứ Sáu","Vàng nhẫn SJC 9999",32600000,35600000,3000000,3260000,3560000,1237.6,33100000,36100000,"23:30"
"21/02/2017","2017-02-21","Thứ Ba","Vàng nhẫn SJC 9999",32600000,35600000,3000000,3260000,3560000,1237.5,33100000,36100000,"23:30"
"22/02/2017","2017-02-22","Thứ Tư","Vàng nhẫn SJC 9999",32400000,35400000,3000000,3240000,3540000,1232,32900000,35900000,"23:30"
"23/02/2017","2017-02-23","Thứ Năm","Vàng nhẫn SJC 9999",32900000,35900000,3000000,3290000,3590000,1250.2,33400000,36400000,"23:30"
"24/02/2017","2017-02-24","Thứ Sáu","Vàng nhẫn SJC 9999",33100000,36100000,3000000,3310000,3610000,1256.9,33600000,36600000,"23:30"
"27/02/2017","2017-02-27","Thứ Hai","Vàng nhẫn SJC 9999",33100000,36100000,3000000,3310000,3610000,1257.4,33600000,36600000,"23:30"
"28/02/2017","2017-02-28","Thứ Ba","Vàng nhẫn SJC 9999",33000000,36000000,3000000,3300000,3600000,1252.6,33500000,36500000,"23:30"
"01/03/2017","2017-03-01","Thứ Tư","Vàng nhẫn SJC 9999",32900000,35900000,3000000,3290000,3590000,1248.9,33400000,36400000,"23:30"
"02/03/2017","2017-03-02","Thứ Năm","Vàng nhẫn SJC 9999",32400000,35400000,3000000,3240000,3540000,1231.9,32900000,35900000,"23:30"
"03/03/2017","2017-03-03","Thứ Sáu","Vàng nhẫn SJC 9999",32200000,35200000,3000000,3220000,3520000,1225.5,32700000,35700000,"23:30"
"06/03/2017","2017-03-06","Thứ Hai","Vàng nhẫn SJC 9999",32200000,35200000,3000000,3220000,3520000,1224.5,32700000,35700000,"23:30"
"07/03/2017","2017-03-07","Thứ Ba","Vàng nhẫn SJC 9999",31900000,34900000,3000000,3190000,3490000,1215.1,32400000,35400000,"23:30"
"08/03/2017","2017-03-08","Thứ Tư","Vàng nhẫn SJC 9999",31700000,34700000,3000000,3170000,3470000,1208.5,32200000,35200000,"23:30"
"09/03/2017","2017-03-09","Thứ Năm","Vàng nhẫn SJC 9999",31600000,34600000,3000000,3160000,3460000,1202.4,32100000,35100000,"23:30"
"10/03/2017","2017-03-10","Thứ Sáu","Vàng nhẫn SJC 9999",31500000,34500000,3000000,3150000,3450000,1200.7,32000000,35000000,"23:30"
"13/03/2017","2017-03-13","Thứ Hai","Vàng nhẫn SJC 9999",31600000,34600000,3000000,3160000,3460000,1202.4,32100000,35100000,"23:30"
"14/03/2017","2017-03-14","Thứ Ba","Vàng nhẫn SJC 9999",31500000,34500000,3000000,3150000,3450000,1201.9,32000000,35000000,"23:30"
"15/03/2017","2017-03-15","Thứ Tư","Vàng nhẫn SJC 9999",31500000,34500000,3000000,3150000,3450000,1200.1,32000000,35000000,"23:30"
"16/03/2017","2017-03-16","Thứ Năm","Vàng nhẫn SJC 9999",32200000,35200000,3000000,3220000,3520000,1226.5,32700000,35700000,"23:30"
"17/03/2017","2017-03-17","Thứ Sáu","Vàng nhẫn SJC 9999",32300000,35300000,3000000,3230000,3530000,1229.8,32800000,35800000,"23:30"
"20/03/2017","2017-03-20","Thứ Hai","Vàng nhẫn SJC 9999",32400000,35400000,3000000,3240000,3540000,1233.6,32900000,35900000,"23:30"
"21/03/2017","2017-03-21","Thứ Ba","Vàng nhẫn SJC 9999",32800000,35800000,3000000,3280000,3580000,1246.1,33300000,36300000,"23:30"
"22/03/2017","2017-03-22","Thứ Tư","Vàng nhẫn SJC 9999",32900000,35900000,3000000,3290000,3590000,1249.3,33400000,36400000,"23:30"
"23/03/2017","2017-03-23","Thứ Năm","Vàng nhẫn SJC 9999",32800000,35800000,3000000,3280000,3580000,1246.9,33300000,36300000,"23:30"
"24/03/2017","2017-03-24","Thứ Sáu","Vàng nhẫn SJC 9999",32900000,35900000,3000000,3290000,3590000,1248.2,33400000,36400000,"23:30"
"27/03/2017","2017-03-27","Thứ Hai","Vàng nhẫn SJC 9999",33100000,36100000,3000000,3310000,3610000,1255.4,33600000,36600000,"23:30"
"28/03/2017","2017-03-28","Thứ Ba","Vàng nhẫn SJC 9999",33100000,36100000,3000000,3310000,3610000,1255.3,33600000,36600000,"23:30"
"29/03/2017","2017-03-29","Thứ Tư","Vàng nhẫn SJC 9999",33000000,36000000,3000000,3300000,3600000,1253.4,33500000,36500000,"23:30"
"30/03/2017","2017-03-30","Thứ Năm","Vàng nhẫn SJC 9999",32800000,35800000,3000000,3280000,3580000,1245,33300000,36300000,"23:30"
"31/03/2017","2017-03-31","Thứ Sáu","Vàng nhẫn SJC 9999",32800000,35800000,3000000,3280000,3580000,1247.3,33300000,36300000,"23:30"
"03/04/2017","2017-04-03","Thứ Hai","Vàng nhẫn SJC 9999",32900000,35900000,3000000,3290000,3590000,1250.8,33400000,36400000,"23:30"
"04/04/2017","2017-04-04","Thứ Ba","Vàng nhẫn SJC 9999",33100000,36100000,3000000,3310000,3610000,1255,33600000,36600000,"23:30"
"05/04/2017","2017-04-05","Thứ Tư","Vàng nhẫn SJC 9999",32800000,35800000,3000000,3280000,3580000,1245.4,33300000,36300000,"23:30"
"06/04/2017","2017-04-06","Thứ Năm","Vàng nhẫn SJC 9999",32900000,35900000,3000000,3290000,3590000,1250.3,33400000,36400000,"23:30"
"07/04/2017","2017-04-07","Thứ Sáu","Vàng nhẫn SJC 9999",33000000,36000000,3000000,3300000,3600000,1254.3,33500000,36500000,"23:30"
"10/04/2017","2017-04-10","Thứ Hai","Vàng nhẫn SJC 9999",33000000,36000000,3000000,3300000,3600000,1251.1,33500000,36500000,"23:30"
"11/04/2017","2017-04-11","Thứ Ba","Vàng nhẫn SJC 9999",33500000,36500000,3000000,3350000,3650000,1271.2,34000000,37000000,"23:30"
"12/04/2017","2017-04-12","Thứ Tư","Vàng nhẫn SJC 9999",33600000,36600000,3000000,3360000,3660000,1275.3,34100000,37100000,"23:30"
"13/04/2017","2017-04-13","Thứ Năm","Vàng nhẫn SJC 9999",34000000,37000000,3000000,3400000,3700000,1285.9,34500000,37500000,"23:30"
"17/04/2017","2017-04-17","Thứ Hai","Vàng nhẫn SJC 9999",34100000,37100000,3000000,3410000,3710000,1289.4,34600000,37600000,"23:30"
"18/04/2017","2017-04-18","Thứ Ba","Vàng nhẫn SJC 9999",34100000,37100000,3000000,3410000,3710000,1291.7,34600000,37600000,"23:30"
"19/04/2017","2017-04-19","Thứ Tư","Vàng nhẫn SJC 9999",33800000,36800000,3000000,3380000,3680000,1281.4,34300000,37300000,"23:30"
"20/04/2017","2017-04-20","Thứ Năm","Vàng nhẫn SJC 9999",33800000,36800000,3000000,3380000,3680000,1281.9,34300000,37300000,"23:30"
"21/04/2017","2017-04-21","Thứ Sáu","Vàng nhẫn SJC 9999",34000000,37000000,3000000,3400000,3700000,1287.4,34500000,37500000,"23:30"
"24/04/2017","2017-04-24","Thứ Hai","Vàng nhẫn SJC 9999",33700000,36700000,3000000,3370000,3670000,1275.8,34200000,37200000,"23:30"
"25/04/2017","2017-04-25","Thứ Ba","Vàng nhẫn SJC 9999",33400000,36400000,3000000,3340000,3640000,1265.6,33900000,36900000,"23:30"
"26/04/2017","2017-04-26","Thứ Tư","Vàng nhẫn SJC 9999",33300000,36300000,3000000,3330000,3630000,1262.1,33800000,36800000,"23:30"
"27/04/2017","2017-04-27","Thứ Năm","Vàng nhẫn SJC 9999",33300000,36300000,3000000,3330000,3630000,1263.7,33800000,36800000,"23:30"
"28/04/2017","2017-04-28","Thứ Sáu","Vàng nhẫn SJC 9999",33400000,36400000,3000000,3340000,3640000,1266.1,33900000,36900000,"23:30"
"01/05/2017","2017-05-01","Thứ Hai","Vàng nhẫn SJC 9999",33000000,36000000,3000000,3300000,3600000,1253.3,33500000,36500000,"23:30"
"02/05/2017","2017-05-02","Thứ Ba","Vàng nhẫn SJC 9999",33100000,36100000,3000000,3310000,3610000,1255.1,33600000,36600000,"23:30"
"03/05/2017","2017-05-03","Thứ Tư","Vàng nhẫn SJC 9999",32800000,35800000,3000000,3280000,3580000,1246.4,33300000,36300000,"23:30"
"04/05/2017","2017-05-04","Thứ Năm","Vàng nhẫn SJC 9999",32200000,35200000,3000000,3220000,3520000,1226.5,32700000,35700000,"23:30"
"05/05/2017","2017-05-05","Thứ Sáu","Vàng nhẫn SJC 9999",32200000,35200000,3000000,3220000,3520000,1224.8,32700000,35700000,"23:30"
"08/05/2017","2017-05-08","Thứ Hai","Vàng nhẫn SJC 9999",32200000,35200000,3000000,3220000,3520000,1225.3,32700000,35700000,"23:30"
"09/05/2017","2017-05-09","Thứ Ba","Vàng nhẫn SJC 9999",31900000,34900000,3000000,3190000,3490000,1214.3,32400000,35400000,"23:30"
"10/05/2017","2017-05-10","Thứ Tư","Vàng nhẫn SJC 9999",32000000,35000000,3000000,3200000,3500000,1217.3,32500000,35500000,"23:30"
"11/05/2017","2017-05-11","Thứ Năm","Vàng nhẫn SJC 9999",32100000,35100000,3000000,3210000,3510000,1222.7,32600000,35600000,"23:30"
"12/05/2017","2017-05-12","Thứ Sáu","Vàng nhẫn SJC 9999",32200000,35200000,3000000,3220000,3520000,1226.2,32700000,35700000,"23:30"
"15/05/2017","2017-05-15","Thứ Hai","Vàng nhẫn SJC 9999",32300000,35300000,3000000,3230000,3530000,1228.6,32800000,35800000,"23:30"
"16/05/2017","2017-05-16","Thứ Ba","Vàng nhẫn SJC 9999",32500000,35500000,3000000,3250000,3550000,1235,33000000,36000000,"23:30"
"17/05/2017","2017-05-17","Thứ Tư","Vàng nhẫn SJC 9999",33100000,36100000,3000000,3310000,3610000,1257.5,33600000,36600000,"23:30"
"18/05/2017","2017-05-18","Thứ Năm","Vàng nhẫn SJC 9999",33000000,36000000,3000000,3300000,3600000,1251.7,33500000,36500000,"23:30"
"19/05/2017","2017-05-19","Thứ Sáu","Vàng nhẫn SJC 9999",33000000,36000000,3000000,3300000,3600000,1252.7,33500000,36500000,"23:30"
"22/05/2017","2017-05-22","Thứ Hai","Vàng nhẫn SJC 9999",33200000,36200000,3000000,3320000,3620000,1260.7,33700000,36700000,"23:30"
"23/05/2017","2017-05-23","Thứ Ba","Vàng nhẫn SJC 9999",33100000,36100000,3000000,3310000,3610000,1254.8,33600000,36600000,"23:30"
"24/05/2017","2017-05-24","Thứ Tư","Vàng nhẫn SJC 9999",33000000,36000000,3000000,3300000,3600000,1252.4,33500000,36500000,"23:30"
"25/05/2017","2017-05-25","Thứ Năm","Vàng nhẫn SJC 9999",33100000,36100000,3000000,3310000,3610000,1255.8,33600000,36600000,"23:30"
"26/05/2017","2017-05-26","Thứ Sáu","Vàng nhẫn SJC 9999",33400000,36400000,3000000,3340000,3640000,1267.6,33900000,36900000,"23:30"
"30/05/2017","2017-05-30","Thứ Ba","Vàng nhẫn SJC 9999",33300000,36300000,3000000,3330000,3630000,1262.1,33800000,36800000,"23:30"
"31/05/2017","2017-05-31","Thứ Tư","Vàng nhẫn SJC 9999",33600000,36600000,3000000,3360000,3660000,1272,34100000,37100000,"23:30"
"01/06/2017","2017-06-01","Thứ Năm","Vàng nhẫn SJC 9999",33400000,36400000,3000000,3340000,3640000,1267,33900000,36900000,"23:30"
"02/06/2017","2017-06-02","Thứ Sáu","Vàng nhẫn SJC 9999",33700000,36700000,3000000,3370000,3670000,1276.8,34200000,37200000,"23:30"
"05/06/2017","2017-06-05","Thứ Hai","Vàng nhẫn SJC 9999",33800000,36800000,3000000,3380000,3680000,1279.3,34300000,37300000,"23:30"
"06/06/2017","2017-06-06","Thứ Ba","Vàng nhẫn SJC 9999",34200000,37200000,3000000,3420000,3720000,1294.4,34700000,37700000,"23:30"
"07/06/2017","2017-06-07","Thứ Tư","Vàng nhẫn SJC 9999",34100000,37100000,3000000,3410000,3710000,1290.1,34600000,37600000,"23:30"
"08/06/2017","2017-06-08","Thứ Năm","Vàng nhẫn SJC 9999",33700000,36700000,3000000,3370000,3670000,1276.3,34200000,37200000,"23:30"
"09/06/2017","2017-06-09","Thứ Sáu","Vàng nhẫn SJC 9999",33500000,36500000,3000000,3350000,3650000,1268.5,34000000,37000000,"23:30"
"12/06/2017","2017-06-12","Thứ Hai","Vàng nhẫn SJC 9999",33400000,36400000,3000000,3340000,3640000,1266.1,33900000,36900000,"23:30"
"13/06/2017","2017-06-13","Thứ Ba","Vàng nhẫn SJC 9999",33400000,36400000,3000000,3340000,3640000,1265.8,33900000,36900000,"23:30"
"14/06/2017","2017-06-14","Thứ Tư","Vàng nhẫn SJC 9999",33600000,36600000,3000000,3360000,3660000,1272.8,34100000,37100000,"23:30"
"15/06/2017","2017-06-15","Thứ Năm","Vàng nhẫn SJC 9999",33000000,36000000,3000000,3300000,3600000,1252.2,33500000,36500000,"23:30"
"16/06/2017","2017-06-16","Thứ Sáu","Vàng nhẫn SJC 9999",33000000,36000000,3000000,3300000,3600000,1254,33500000,36500000,"23:30"
"19/06/2017","2017-06-19","Thứ Hai","Vàng nhẫn SJC 9999",32800000,35800000,3000000,3280000,3580000,1244.2,33300000,36300000,"23:30"
"20/06/2017","2017-06-20","Thứ Ba","Vàng nhẫn SJC 9999",32700000,35700000,3000000,3270000,3570000,1241,33200000,36200000,"23:30"
"21/06/2017","2017-06-21","Thứ Tư","Vàng nhẫn SJC 9999",32700000,35700000,3000000,3270000,3570000,1243.4,33200000,36200000,"23:30"
"22/06/2017","2017-06-22","Thứ Năm","Vàng nhẫn SJC 9999",32900000,35900000,3000000,3290000,3590000,1247.6,33400000,36400000,"23:30"
"23/06/2017","2017-06-23","Thứ Sáu","Vàng nhẫn SJC 9999",33100000,36100000,3000000,3310000,3610000,1256.2,33600000,36600000,"23:30"
"26/06/2017","2017-06-26","Thứ Hai","Vàng nhẫn SJC 9999",32800000,35800000,3000000,3280000,3580000,1246.3,33300000,36300000,"23:30"
"27/06/2017","2017-06-27","Thứ Ba","Vàng nhẫn SJC 9999",32800000,35800000,3000000,3280000,3580000,1246.4,33300000,36300000,"23:30"
"28/06/2017","2017-06-28","Thứ Tư","Vàng nhẫn SJC 9999",32900000,35900000,3000000,3290000,3590000,1248,33400000,36400000,"23:30"
"29/06/2017","2017-06-29","Thứ Năm","Vàng nhẫn SJC 9999",32800000,35800000,3000000,3280000,3580000,1244.2,33300000,36300000,"23:30"
"30/06/2017","2017-06-30","Thứ Sáu","Vàng nhẫn SJC 9999",32700000,35700000,3000000,3270000,3570000,1240.7,33200000,36200000,"23:30"
"03/07/2017","2017-07-03","Thứ Hai","Vàng nhẫn SJC 9999",32000000,35000000,3000000,3200000,3500000,1217.9,32500000,35500000,"23:30"
"05/07/2017","2017-07-05","Thứ Tư","Vàng nhẫn SJC 9999",32100000,35100000,3000000,3210000,3510000,1220.4,32600000,35600000,"23:30"
"06/07/2017","2017-07-06","Thứ Năm","Vàng nhẫn SJC 9999",32100000,35100000,3000000,3210000,3510000,1222.2,32600000,35600000,"23:30"
"07/07/2017","2017-07-07","Thứ Sáu","Vàng nhẫn SJC 9999",31700000,34700000,3000000,3170000,3470000,1208.6,32200000,35200000,"23:30"
"10/07/2017","2017-07-10","Thứ Hai","Vàng nhẫn SJC 9999",31800000,34800000,3000000,3180000,3480000,1212.1,32300000,35300000,"23:30"
"11/07/2017","2017-07-11","Thứ Ba","Vàng nhẫn SJC 9999",31900000,34900000,3000000,3190000,3490000,1213.6,32400000,35400000,"23:30"
"12/07/2017","2017-07-12","Thứ Tư","Vàng nhẫn SJC 9999",32000000,35000000,3000000,3200000,3500000,1218.1,32500000,35500000,"23:30"
"13/07/2017","2017-07-13","Thứ Năm","Vàng nhẫn SJC 9999",32000000,35000000,3000000,3200000,3500000,1216.3,32500000,35500000,"23:30"
"14/07/2017","2017-07-14","Thứ Sáu","Vàng nhẫn SJC 9999",32200000,35200000,3000000,3220000,3520000,1226.6,32700000,35700000,"23:30"
"17/07/2017","2017-07-17","Thứ Hai","Vàng nhẫn SJC 9999",32400000,35400000,3000000,3240000,3540000,1232.8,32900000,35900000,"23:30"
"18/07/2017","2017-07-18","Thứ Ba","Vàng nhẫn SJC 9999",32700000,35700000,3000000,3270000,3570000,1241.1,33200000,36200000,"23:30"
"19/07/2017","2017-07-19","Thứ Tư","Vàng nhẫn SJC 9999",32700000,35700000,3000000,3270000,3570000,1241.2,33200000,36200000,"23:30"
"20/07/2017","2017-07-20","Thứ Năm","Vàng nhẫn SJC 9999",32800000,35800000,3000000,3280000,3580000,1244.8,33300000,36300000,"23:30"
"21/07/2017","2017-07-21","Thứ Sáu","Vàng nhẫn SJC 9999",33000000,36000000,3000000,3300000,3600000,1254.3,33500000,36500000,"23:30"
"24/07/2017","2017-07-24","Thứ Hai","Vàng nhẫn SJC 9999",33000000,36000000,3000000,3300000,3600000,1253.9,33500000,36500000,"23:30"
"25/07/2017","2017-07-25","Thứ Ba","Vàng nhẫn SJC 9999",33000000,36000000,3000000,3300000,3600000,1251.7,33500000,36500000,"23:30"
"26/07/2017","2017-07-26","Thứ Tư","Vàng nhẫn SJC 9999",32900000,35900000,3000000,3290000,3590000,1249,33400000,36400000,"23:30"
"27/07/2017","2017-07-27","Thứ Năm","Vàng nhẫn SJC 9999",33200000,36200000,3000000,3320000,3620000,1259.6,33700000,36700000,"23:30"
"28/07/2017","2017-07-28","Thứ Sáu","Vàng nhẫn SJC 9999",33400000,36400000,3000000,3340000,3640000,1268.4,33900000,36900000,"23:30"
"31/07/2017","2017-07-31","Thứ Hai","Vàng nhẫn SJC 9999",33400000,36400000,3000000,3340000,3640000,1266.6,33900000,36900000,"23:30"
"01/08/2017","2017-08-01","Thứ Ba","Vàng nhẫn SJC 9999",33600000,36600000,3000000,3360000,3660000,1272.6,34100000,37100000,"23:30"
"02/08/2017","2017-08-02","Thứ Tư","Vàng nhẫn SJC 9999",33500000,36500000,3000000,3350000,3650000,1271.8,34000000,37000000,"23:30"
"03/08/2017","2017-08-03","Thứ Năm","Vàng nhẫn SJC 9999",33400000,36400000,3000000,3340000,3640000,1267.8,33900000,36900000,"23:30"
"04/08/2017","2017-08-04","Thứ Sáu","Vàng nhẫn SJC 9999",33200000,36200000,3000000,3320000,3620000,1258.3,33700000,36700000,"23:30"
"07/08/2017","2017-08-07","Thứ Hai","Vàng nhẫn SJC 9999",33200000,36200000,3000000,3320000,3620000,1258.2,33700000,36700000,"23:30"
"08/08/2017","2017-08-08","Thứ Ba","Vàng nhẫn SJC 9999",33100000,36100000,3000000,3310000,3610000,1256.4,33600000,36600000,"23:30"
"09/08/2017","2017-08-09","Thứ Tư","Vàng nhẫn SJC 9999",33600000,36600000,3000000,3360000,3660000,1273,34100000,37100000,"23:30"
"10/08/2017","2017-08-10","Thứ Năm","Vàng nhẫn SJC 9999",33900000,36900000,3000000,3390000,3690000,1283.7,34400000,37400000,"23:30"
"11/08/2017","2017-08-11","Thứ Sáu","Vàng nhẫn SJC 9999",34000000,37000000,3000000,3400000,3700000,1287.7,34500000,37500000,"23:30"
"14/08/2017","2017-08-14","Thứ Hai","Vàng nhẫn SJC 9999",33900000,36900000,3000000,3390000,3690000,1284.2,34400000,37400000,"23:30"
"15/08/2017","2017-08-15","Thứ Ba","Vàng nhẫn SJC 9999",33600000,36600000,3000000,3360000,3660000,1273.7,34100000,37100000,"23:30"
"16/08/2017","2017-08-16","Thứ Tư","Vàng nhẫn SJC 9999",33700000,36700000,3000000,3370000,3670000,1276.9,34200000,37200000,"23:30"
"17/08/2017","2017-08-17","Thứ Năm","Vàng nhẫn SJC 9999",34000000,37000000,3000000,3400000,3700000,1286.4,34500000,37500000,"23:30"
"18/08/2017","2017-08-18","Thứ Sáu","Vàng nhẫn SJC 9999",33900000,36900000,3000000,3390000,3690000,1285.7,34400000,37400000,"23:30"
"21/08/2017","2017-08-21","Thứ Hai","Vàng nhẫn SJC 9999",34100000,37100000,3000000,3410000,3710000,1290.8,34600000,37600000,"23:30"
"22/08/2017","2017-08-22","Thứ Ba","Vàng nhẫn SJC 9999",33900000,36900000,3000000,3390000,3690000,1285.1,34400000,37400000,"23:30"
"23/08/2017","2017-08-23","Thứ Tư","Vàng nhẫn SJC 9999",34000000,37000000,3000000,3400000,3700000,1288.9,34500000,37500000,"23:30"
"24/08/2017","2017-08-24","Thứ Năm","Vàng nhẫn SJC 9999",34000000,37000000,3000000,3400000,3700000,1286.5,34500000,37500000,"23:30"
"25/08/2017","2017-08-25","Thứ Sáu","Vàng nhẫn SJC 9999",34100000,37100000,3000000,3410000,3710000,1292.5,34600000,37600000,"23:30"
"28/08/2017","2017-08-28","Thứ Hai","Vàng nhẫn SJC 9999",34600000,37600000,3000000,3460000,3760000,1309.7,35100000,38100000,"23:30"
"29/08/2017","2017-08-29","Thứ Ba","Vàng nhẫn SJC 9999",34700000,37700000,3000000,3470000,3770000,1313.1,35200000,38200000,"23:30"
"30/08/2017","2017-08-30","Thứ Tư","Vàng nhẫn SJC 9999",34600000,37600000,3000000,3460000,3760000,1308.1,35100000,38100000,"23:30"
"31/08/2017","2017-08-31","Thứ Năm","Vàng nhẫn SJC 9999",34800000,37800000,3000000,3480000,3780000,1316.2,35300000,38300000,"23:30"
"01/09/2017","2017-09-01","Thứ Sáu","Vàng nhẫn SJC 9999",35100000,38100000,3000000,3510000,3810000,1324.5,35600000,38600000,"23:30"
"05/09/2017","2017-09-05","Thứ Ba","Vàng nhẫn SJC 9999",35500000,38500000,3000000,3550000,3850000,1339.2,36000000,39000000,"23:30"
"06/09/2017","2017-09-06","Thứ Tư","Vàng nhẫn SJC 9999",35300000,38300000,3000000,3530000,3830000,1333.9,35800000,38800000,"23:30"
"07/09/2017","2017-09-07","Thứ Năm","Vàng nhẫn SJC 9999",35700000,38700000,3000000,3570000,3870000,1345.1,36200000,39200000,"23:30"
"08/09/2017","2017-09-08","Thứ Sáu","Vàng nhẫn SJC 9999",35700000,38700000,3000000,3570000,3870000,1346,36200000,39200000,"23:30"
"11/09/2017","2017-09-11","Thứ Hai","Vàng nhẫn SJC 9999",35200000,38200000,3000000,3520000,3820000,1331,35700000,38700000,"23:30"
"12/09/2017","2017-09-12","Thứ Ba","Vàng nhẫn SJC 9999",35200000,38200000,3000000,3520000,3820000,1328,35700000,38700000,"23:30"
"13/09/2017","2017-09-13","Thứ Tư","Vàng nhẫn SJC 9999",35000000,38000000,3000000,3500000,3800000,1323.4,35500000,38500000,"23:30"
"14/09/2017","2017-09-14","Thứ Năm","Vàng nhẫn SJC 9999",35100000,38100000,3000000,3510000,3810000,1324.7,35600000,38600000,"23:30"
"15/09/2017","2017-09-15","Thứ Sáu","Vàng nhẫn SJC 9999",34900000,37900000,3000000,3490000,3790000,1320.4,35400000,38400000,"23:30"
"18/09/2017","2017-09-18","Thứ Hai","Vàng nhẫn SJC 9999",34500000,37500000,3000000,3450000,3750000,1306.3,35000000,38000000,"23:30"
"19/09/2017","2017-09-19","Thứ Ba","Vàng nhẫn SJC 9999",34500000,37500000,3000000,3450000,3750000,1306.2,35000000,38000000,"23:30"
"20/09/2017","2017-09-20","Thứ Tư","Vàng nhẫn SJC 9999",34700000,37700000,3000000,3470000,3770000,1312,35200000,38200000,"23:30"
"21/09/2017","2017-09-21","Thứ Năm","Vàng nhẫn SJC 9999",34100000,37100000,3000000,3410000,3710000,1290.6,34600000,37600000,"23:30"
"22/09/2017","2017-09-22","Thứ Sáu","Vàng nhẫn SJC 9999",34200000,37200000,3000000,3420000,3720000,1293.3,34700000,37700000,"23:30"
"25/09/2017","2017-09-25","Thứ Hai","Vàng nhẫn SJC 9999",34600000,37600000,3000000,3460000,3760000,1306.8,35100000,38100000,"23:30"
"26/09/2017","2017-09-26","Thứ Ba","Vàng nhẫn SJC 9999",34300000,37300000,3000000,3430000,3730000,1297,34800000,37800000,"23:30"
"27/09/2017","2017-09-27","Thứ Tư","Vàng nhẫn SJC 9999",33900000,36900000,3000000,3390000,3690000,1283.4,34400000,37400000,"23:30"
"28/09/2017","2017-09-28","Thứ Năm","Vàng nhẫn SJC 9999",33900000,36900000,3000000,3390000,3690000,1285.5,34400000,37400000,"23:30"
"29/09/2017","2017-09-29","Thứ Sáu","Vàng nhẫn SJC 9999",33800000,36800000,3000000,3380000,3680000,1281.5,34300000,37300000,"23:30"
"02/10/2017","2017-10-02","Thứ Hai","Vàng nhẫn SJC 9999",33600000,36600000,3000000,3360000,3660000,1272.7,34100000,37100000,"23:30"
"03/10/2017","2017-10-03","Thứ Ba","Vàng nhẫn SJC 9999",33500000,36500000,3000000,3350000,3650000,1271.5,34000000,37000000,"23:30"
"04/10/2017","2017-10-04","Thứ Tư","Vàng nhẫn SJC 9999",33600000,36600000,3000000,3360000,3660000,1273.7,34100000,37100000,"23:30"
"05/10/2017","2017-10-05","Thứ Năm","Vàng nhẫn SJC 9999",33500000,36500000,3000000,3350000,3650000,1269.9,34000000,37000000,"23:30"
"06/10/2017","2017-10-06","Thứ Sáu","Vàng nhẫn SJC 9999",33500000,36500000,3000000,3350000,3650000,1271.6,34000000,37000000,"23:30"
"09/10/2017","2017-10-09","Thứ Hai","Vàng nhẫn SJC 9999",33800000,36800000,3000000,3380000,3680000,1281.8,34300000,37300000,"23:30"
"10/10/2017","2017-10-10","Thứ Ba","Vàng nhẫn SJC 9999",34100000,37100000,3000000,3410000,3710000,1290.6,34600000,37600000,"23:30"
"11/10/2017","2017-10-11","Thứ Tư","Vàng nhẫn SJC 9999",33900000,36900000,3000000,3390000,3690000,1285.8,34400000,37400000,"23:30"
"12/10/2017","2017-10-12","Thứ Năm","Vàng nhẫn SJC 9999",34200000,37200000,3000000,3420000,3720000,1293.3,34700000,37700000,"23:30"
"13/10/2017","2017-10-13","Thứ Sáu","Vàng nhẫn SJC 9999",34400000,37400000,3000000,3440000,3740000,1301.5,34900000,37900000,"23:30"
"16/10/2017","2017-10-16","Thứ Hai","Vàng nhẫn SJC 9999",34400000,37400000,3000000,3440000,3740000,1299.9,34900000,37900000,"23:30"
"17/10/2017","2017-10-17","Thứ Ba","Vàng nhẫn SJC 9999",33900000,36900000,3000000,3390000,3690000,1283,34400000,37400000,"23:30"
"18/10/2017","2017-10-18","Thứ Tư","Vàng nhẫn SJC 9999",33800000,36800000,3000000,3380000,3680000,1279.9,34300000,37300000,"23:30"
"19/10/2017","2017-10-19","Thứ Năm","Vàng nhẫn SJC 9999",34000000,37000000,3000000,3400000,3700000,1286.9,34500000,37500000,"23:30"
"20/10/2017","2017-10-20","Thứ Sáu","Vàng nhẫn SJC 9999",33700000,36700000,3000000,3370000,3670000,1277.4,34200000,37200000,"23:30"
"23/10/2017","2017-10-23","Thứ Hai","Vàng nhẫn SJC 9999",33700000,36700000,3000000,3370000,3670000,1277.7,34200000,37200000,"23:30"
"24/10/2017","2017-10-24","Thứ Ba","Vàng nhẫn SJC 9999",33600000,36600000,3000000,3360000,3660000,1275,34100000,37100000,"23:30"
"25/10/2017","2017-10-25","Thứ Tư","Vàng nhẫn SJC 9999",33700000,36700000,3000000,3370000,3670000,1275.4,34200000,37200000,"23:30"
"26/10/2017","2017-10-26","Thứ Năm","Vàng nhẫn SJC 9999",33400000,36400000,3000000,3340000,3640000,1266.3,33900000,36900000,"23:30"
"27/10/2017","2017-10-27","Thứ Sáu","Vàng nhẫn SJC 9999",33500000,36500000,3000000,3350000,3650000,1268.5,34000000,37000000,"23:30"
"30/10/2017","2017-10-30","Thứ Hai","Vàng nhẫn SJC 9999",33600000,36600000,3000000,3360000,3660000,1274.1,34100000,37100000,"23:30"
"31/10/2017","2017-10-31","Thứ Ba","Vàng nhẫn SJC 9999",33400000,36400000,3000000,3340000,3640000,1267,33900000,36900000,"23:30"
"01/11/2017","2017-11-01","Thứ Tư","Vàng nhẫn SJC 9999",33600000,36600000,3000000,3360000,3660000,1274.1,34100000,37100000,"23:30"
"02/11/2017","2017-11-02","Thứ Năm","Vàng nhẫn SJC 9999",33600000,36600000,3000000,3360000,3660000,1274.9,34100000,37100000,"23:30"
"03/11/2017","2017-11-03","Thứ Sáu","Vàng nhẫn SJC 9999",33400000,36400000,3000000,3340000,3640000,1266.5,33900000,36900000,"23:30"
"06/11/2017","2017-11-06","Thứ Hai","Vàng nhẫn SJC 9999",33800000,36800000,3000000,3380000,3680000,1279.4,34300000,37300000,"23:30"
"07/11/2017","2017-11-07","Thứ Ba","Vàng nhẫn SJC 9999",33600000,36600000,3000000,3360000,3660000,1273.7,34100000,37100000,"23:30"
"08/11/2017","2017-11-08","Thứ Tư","Vàng nhẫn SJC 9999",33800000,36800000,3000000,3380000,3680000,1281.6,34300000,37300000,"23:30"
"09/11/2017","2017-11-09","Thứ Năm","Vàng nhẫn SJC 9999",33900000,36900000,3000000,3390000,3690000,1285.6,34400000,37400000,"23:30"
"10/11/2017","2017-11-10","Thứ Sáu","Vàng nhẫn SJC 9999",33600000,36600000,3000000,3360000,3660000,1272.4,34100000,37100000,"23:30"
"13/11/2017","2017-11-13","Thứ Hai","Vàng nhẫn SJC 9999",33700000,36700000,3000000,3370000,3670000,1277.3,34200000,37200000,"23:30"
"14/11/2017","2017-11-14","Thứ Ba","Vàng nhẫn SJC 9999",33800000,36800000,3000000,3380000,3680000,1281.5,34300000,37300000,"23:30"
"15/11/2017","2017-11-15","Thứ Tư","Vàng nhẫn SJC 9999",33700000,36700000,3000000,3370000,3670000,1276.5,34200000,37200000,"23:30"
"16/11/2017","2017-11-16","Thứ Năm","Vàng nhẫn SJC 9999",33700000,36700000,3000000,3370000,3670000,1277.4,34200000,37200000,"23:30"
"17/11/2017","2017-11-17","Thứ Sáu","Vàng nhẫn SJC 9999",34200000,37200000,3000000,3420000,3720000,1295.8,34700000,37700000,"23:30"
"20/11/2017","2017-11-20","Thứ Hai","Vàng nhẫn SJC 9999",33600000,36600000,3000000,3360000,3660000,1274.6,34100000,37100000,"23:30"
"21/11/2017","2017-11-21","Thứ Ba","Vàng nhẫn SJC 9999",33800000,36800000,3000000,3380000,3680000,1281.1,34300000,37300000,"23:30"
"22/11/2017","2017-11-22","Thứ Tư","Vàng nhẫn SJC 9999",34100000,37100000,3000000,3410000,3710000,1291.6,34600000,37600000,"23:30"
"24/11/2017","2017-11-24","Thứ Sáu","Vàng nhẫn SJC 9999",34000000,37000000,3000000,3400000,3700000,1286.7,34500000,37500000,"23:30"
"27/11/2017","2017-11-27","Thứ Hai","Vàng nhẫn SJC 9999",34200000,37200000,3000000,3420000,3720000,1293.8,34700000,37700000,"23:30"
"28/11/2017","2017-11-28","Thứ Ba","Vàng nhẫn SJC 9999",34200000,37200000,3000000,3420000,3720000,1294.7,34700000,37700000,"23:30"
"29/11/2017","2017-11-29","Thứ Tư","Vàng nhẫn SJC 9999",33800000,36800000,3000000,3380000,3680000,1282.1,34300000,37300000,"23:30"
"30/11/2017","2017-11-30","Thứ Năm","Vàng nhẫn SJC 9999",33600000,36600000,3000000,3360000,3660000,1273.2,34100000,37100000,"23:30"
"01/12/2017","2017-12-01","Thứ Sáu","Vàng nhẫn SJC 9999",33700000,36700000,3000000,3370000,3670000,1278.8,34200000,37200000,"23:30"
"04/12/2017","2017-12-04","Thứ Hai","Vàng nhẫn SJC 9999",33600000,36600000,3000000,3360000,3660000,1274.3,34100000,37100000,"23:30"
"05/12/2017","2017-12-05","Thứ Ba","Vàng nhẫn SJC 9999",33300000,36300000,3000000,3330000,3630000,1261.6,33800000,36800000,"23:30"
"06/12/2017","2017-12-06","Thứ Tư","Vàng nhẫn SJC 9999",33300000,36300000,3000000,3330000,3630000,1262.8,33800000,36800000,"23:30"
"07/12/2017","2017-12-07","Thứ Năm","Vàng nhẫn SJC 9999",32900000,35900000,3000000,3290000,3590000,1249.8,33400000,36400000,"23:30"
"08/12/2017","2017-12-08","Thứ Sáu","Vàng nhẫn SJC 9999",32800000,35800000,3000000,3280000,3580000,1245.2,33300000,36300000,"23:30"
"11/12/2017","2017-12-11","Thứ Hai","Vàng nhẫn SJC 9999",32700000,35700000,3000000,3270000,3570000,1243.7,33200000,36200000,"23:30"
"12/12/2017","2017-12-12","Thứ Ba","Vàng nhẫn SJC 9999",32600000,35600000,3000000,3260000,3560000,1238.5,33100000,36100000,"23:30"
"13/12/2017","2017-12-13","Thứ Tư","Vàng nhẫn SJC 9999",32800000,35800000,3000000,3280000,3580000,1245.4,33300000,36300000,"23:30"
"14/12/2017","2017-12-14","Thứ Năm","Vàng nhẫn SJC 9999",33000000,36000000,3000000,3300000,3600000,1253.8,33500000,36500000,"23:30"
"15/12/2017","2017-12-15","Thứ Sáu","Vàng nhẫn SJC 9999",33000000,36000000,3000000,3300000,3600000,1254.3,33500000,36500000,"23:30"
"18/12/2017","2017-12-18","Thứ Hai","Vàng nhẫn SJC 9999",33300000,36300000,3000000,3330000,3630000,1262.2,33800000,36800000,"23:30"
"19/12/2017","2017-12-19","Thứ Ba","Vàng nhẫn SJC 9999",33200000,36200000,3000000,3320000,3620000,1260.7,33700000,36700000,"23:30"
"20/12/2017","2017-12-20","Thứ Tư","Vàng nhẫn SJC 9999",33400000,36400000,3000000,3340000,3640000,1266.1,33900000,36900000,"23:30"
"21/12/2017","2017-12-21","Thứ Năm","Vàng nhẫn SJC 9999",33400000,36400000,3000000,3340000,3640000,1267.3,33900000,36900000,"23:30"
"22/12/2017","2017-12-22","Thứ Sáu","Vàng nhẫn SJC 9999",33700000,36700000,3000000,3370000,3670000,1275.4,34200000,37200000,"23:30"
"26/12/2017","2017-12-26","Thứ Ba","Vàng nhẫn SJC 9999",33900000,36900000,3000000,3390000,3690000,1284.1,34400000,37400000,"23:30"
"27/12/2017","2017-12-27","Thứ Tư","Vàng nhẫn SJC 9999",34000000,37000000,3000000,3400000,3700000,1287,34500000,37500000,"23:30"
"28/12/2017","2017-12-28","Thứ Năm","Vàng nhẫn SJC 9999",34200000,37200000,3000000,3420000,3720000,1294.1,34700000,37700000,"23:30"
"29/12/2017","2017-12-29","Thứ Sáu","Vàng nhẫn SJC 9999",34500000,37500000,3000000,3450000,3750000,1306.3,35000000,38000000,"23:30"
"02/01/2018","2018-01-02","Thứ Ba","Vàng nhẫn SJC 9999",35000000,38000000,3000000,3500000,3800000,1313.7,35500000,38500000,"23:30"
"03/01/2018","2018-01-03","Thứ Tư","Vàng nhẫn SJC 9999",35100000,38100000,3000000,3510000,3810000,1316.2,35600000,38600000,"23:30"
"04/01/2018","2018-01-04","Thứ Năm","Vàng nhẫn SJC 9999",35200000,38200000,3000000,3520000,3820000,1319.4,35700000,38700000,"23:30"
"05/01/2018","2018-01-05","Thứ Sáu","Vàng nhẫn SJC 9999",35200000,38200000,3000000,3520000,3820000,1320.3,35700000,38700000,"23:30"
"08/01/2018","2018-01-08","Thứ Hai","Vàng nhẫn SJC 9999",35100000,38100000,3000000,3510000,3810000,1318.6,35600000,38600000,"23:30"
"09/01/2018","2018-01-09","Thứ Ba","Vàng nhẫn SJC 9999",34900000,37900000,3000000,3490000,3790000,1311.7,35400000,38400000,"23:30"
"10/01/2018","2018-01-10","Thứ Tư","Vàng nhẫn SJC 9999",35100000,38100000,3000000,3510000,3810000,1317.4,35600000,38600000,"23:30"
"11/01/2018","2018-01-11","Thứ Năm","Vàng nhẫn SJC 9999",35200000,38200000,3000000,3520000,3820000,1320.6,35700000,38700000,"23:30"
"12/01/2018","2018-01-12","Thứ Sáu","Vàng nhẫn SJC 9999",35600000,38600000,3000000,3560000,3860000,1333.4,36100000,39100000,"23:30"
"16/01/2018","2018-01-16","Thứ Ba","Vàng nhẫn SJC 9999",35600000,38600000,3000000,3560000,3860000,1335.4,36100000,39100000,"23:30"
"17/01/2018","2018-01-17","Thứ Tư","Vàng nhẫn SJC 9999",35700000,38700000,3000000,3570000,3870000,1338,36200000,39200000,"23:30"
"18/01/2018","2018-01-18","Thứ Năm","Vàng nhẫn SJC 9999",35400000,38400000,3000000,3540000,3840000,1326,35900000,38900000,"23:30"
"19/01/2018","2018-01-19","Thứ Sáu","Vàng nhẫn SJC 9999",35500000,38500000,3000000,3550000,3850000,1331.9,36000000,39000000,"23:30"
"22/01/2018","2018-01-22","Thứ Hai","Vàng nhẫn SJC 9999",35500000,38500000,3000000,3550000,3850000,1330.9,36000000,39000000,"23:30"
"23/01/2018","2018-01-23","Thứ Ba","Vàng nhẫn SJC 9999",35600000,38600000,3000000,3560000,3860000,1335.7,36100000,39100000,"23:30"
"24/01/2018","2018-01-24","Thứ Tư","Vàng nhẫn SJC 9999",36200000,39200000,3000000,3620000,3920000,1355.9,36700000,39700000,"23:30"
"25/01/2018","2018-01-25","Thứ Năm","Vàng nhẫn SJC 9999",36400000,39400000,3000000,3640000,3940000,1362.4,36900000,39900000,"23:30"
"26/01/2018","2018-01-26","Thứ Sáu","Vàng nhẫn SJC 9999",36100000,39100000,3000000,3610000,3910000,1351.6,36600000,39600000,"23:30"
"30/01/2018","2018-01-30","Thứ Ba","Vàng nhẫn SJC 9999",35600000,38600000,3000000,3560000,3860000,1335.4,36100000,39100000,"23:30"
"31/01/2018","2018-01-31","Thứ Tư","Vàng nhẫn SJC 9999",35700000,38700000,3000000,3570000,3870000,1339,36200000,39200000,"23:30"
"01/02/2018","2018-02-01","Thứ Năm","Vàng nhẫn SJC 9999",35900000,38900000,3000000,3590000,3890000,1344.3,36400000,39400000,"23:30"
"02/02/2018","2018-02-02","Thứ Sáu","Vàng nhẫn SJC 9999",35600000,38600000,3000000,3560000,3860000,1333.7,36100000,39100000,"23:30"
"05/02/2018","2018-02-05","Thứ Hai","Vàng nhẫn SJC 9999",35600000,38600000,3000000,3560000,3860000,1333,36100000,39100000,"23:30"
"06/02/2018","2018-02-06","Thứ Ba","Vàng nhẫn SJC 9999",35400000,38400000,3000000,3540000,3840000,1326.1,35900000,38900000,"23:30"
"07/02/2018","2018-02-07","Thứ Tư","Vàng nhẫn SJC 9999",34900000,37900000,3000000,3490000,3790000,1311.6,35400000,38400000,"23:30"
"08/02/2018","2018-02-08","Thứ Năm","Vàng nhẫn SJC 9999",35100000,38100000,3000000,3510000,3810000,1316.9,35600000,38600000,"23:30"
"09/02/2018","2018-02-09","Thứ Sáu","Vàng nhẫn SJC 9999",35000000,38000000,3000000,3500000,3800000,1313.1,35500000,38500000,"23:30"
"12/02/2018","2018-02-12","Thứ Hai","Vàng nhẫn SJC 9999",35300000,38300000,3000000,3530000,3830000,1324.2,35800000,38800000,"23:30"
"13/02/2018","2018-02-13","Thứ Ba","Vàng nhẫn SJC 9999",35400000,38400000,3000000,3540000,3840000,1328.1,35900000,38900000,"23:30"
"14/02/2018","2018-02-14","Thứ Tư","Vàng nhẫn SJC 9999",36200000,39200000,3000000,3620000,3920000,1355.5,36700000,39700000,"23:30"
"15/02/2018","2018-02-15","Thứ Năm","Vàng nhẫn SJC 9999",36100000,39100000,3000000,3610000,3910000,1352.1,36600000,39600000,"23:30"
"16/02/2018","2018-02-16","Thứ Sáu","Vàng nhẫn SJC 9999",36100000,39100000,3000000,3610000,3910000,1353.2,36600000,39600000,"23:30"
"20/02/2018","2018-02-20","Thứ Ba","Vàng nhẫn SJC 9999",35400000,38400000,3000000,3540000,3840000,1328.8,35900000,38900000,"23:30"
"21/02/2018","2018-02-21","Thứ Tư","Vàng nhẫn SJC 9999",35500000,38500000,3000000,3550000,3850000,1330,36000000,39000000,"23:30"
"22/02/2018","2018-02-22","Thứ Năm","Vàng nhẫn SJC 9999",35500000,38500000,3000000,3550000,3850000,1330.6,36000000,39000000,"23:30"
"23/02/2018","2018-02-23","Thứ Sáu","Vàng nhẫn SJC 9999",35400000,38400000,3000000,3540000,3840000,1328.2,35900000,38900000,"23:30"
"26/02/2018","2018-02-26","Thứ Hai","Vàng nhẫn SJC 9999",35500000,38500000,3000000,3550000,3850000,1330.7,36000000,39000000,"23:30"
"27/02/2018","2018-02-27","Thứ Ba","Vàng nhẫn SJC 9999",35100000,38100000,3000000,3510000,3810000,1315.5,35600000,38600000,"23:30"
"28/02/2018","2018-02-28","Thứ Tư","Vàng nhẫn SJC 9999",35100000,38100000,3000000,3510000,3810000,1315.5,35600000,38600000,"23:30"
"01/03/2018","2018-03-01","Thứ Năm","Vàng nhẫn SJC 9999",34700000,37700000,3000000,3470000,3770000,1302.9,35200000,38200000,"23:30"
"02/03/2018","2018-03-02","Thứ Sáu","Vàng nhẫn SJC 9999",35200000,38200000,3000000,3520000,3820000,1321.1,35700000,38700000,"23:30"
"05/03/2018","2018-03-05","Thứ Hai","Vàng nhẫn SJC 9999",35100000,38100000,3000000,3510000,3810000,1318.1,35600000,38600000,"23:30"
"06/03/2018","2018-03-06","Thứ Ba","Vàng nhẫn SJC 9999",35600000,38600000,3000000,3560000,3860000,1333.6,36100000,39100000,"23:30"
"07/03/2018","2018-03-07","Thứ Tư","Vàng nhẫn SJC 9999",35400000,38400000,3000000,3540000,3840000,1326,35900000,38900000,"23:30"
"08/03/2018","2018-03-08","Thứ Năm","Vàng nhẫn SJC 9999",35200000,38200000,3000000,3520000,3820000,1319.9,35700000,38700000,"23:30"
"09/03/2018","2018-03-09","Thứ Sáu","Vàng nhẫn SJC 9999",35300000,38300000,3000000,3530000,3830000,1322.4,35800000,38800000,"23:30"
"12/03/2018","2018-03-12","Thứ Hai","Vàng nhẫn SJC 9999",35200000,38200000,3000000,3520000,3820000,1319.4,35700000,38700000,"23:30"
"13/03/2018","2018-03-13","Thứ Ba","Vàng nhẫn SJC 9999",35400000,38400000,3000000,3540000,3840000,1325.9,35900000,38900000,"23:30"
"14/03/2018","2018-03-14","Thứ Tư","Vàng nhẫn SJC 9999",35300000,38300000,3000000,3530000,3830000,1324.4,35800000,38800000,"23:30"
"15/03/2018","2018-03-15","Thứ Năm","Vàng nhẫn SJC 9999",35100000,38100000,3000000,3510000,3810000,1316.8,35600000,38600000,"23:30"
"16/03/2018","2018-03-16","Thứ Sáu","Vàng nhẫn SJC 9999",34900000,37900000,3000000,3490000,3790000,1311.3,35400000,38400000,"23:30"
"19/03/2018","2018-03-19","Thứ Hai","Vàng nhẫn SJC 9999",35100000,38100000,3000000,3510000,3810000,1316.8,35600000,38600000,"23:30"
"20/03/2018","2018-03-20","Thứ Ba","Vàng nhẫn SJC 9999",34900000,37900000,3000000,3490000,3790000,1311.1,35400000,38400000,"23:30"
"21/03/2018","2018-03-21","Thứ Tư","Vàng nhẫn SJC 9999",35200000,38200000,3000000,3520000,3820000,1320.7,35700000,38700000,"23:30"
"22/03/2018","2018-03-22","Thứ Năm","Vàng nhẫn SJC 9999",35400000,38400000,3000000,3540000,3840000,1326.6,35900000,38900000,"23:30"
"23/03/2018","2018-03-23","Thứ Sáu","Vàng nhẫn SJC 9999",36000000,39000000,3000000,3600000,3900000,1349.3,36500000,39500000,"23:30"
"26/03/2018","2018-03-26","Thứ Hai","Vàng nhẫn SJC 9999",36200000,39200000,3000000,3620000,3920000,1354.4,36700000,39700000,"23:30"
"27/03/2018","2018-03-27","Thứ Ba","Vàng nhẫn SJC 9999",35800000,38800000,3000000,3580000,3880000,1341.3,36300000,39300000,"23:30"
"28/03/2018","2018-03-28","Thứ Tư","Vàng nhẫn SJC 9999",35300000,38300000,3000000,3530000,3830000,1324.2,35800000,38800000,"23:30"
"29/03/2018","2018-03-29","Thứ Năm","Vàng nhẫn SJC 9999",35300000,38300000,3000000,3530000,3830000,1322.8,35800000,38800000,"23:30"
"02/04/2018","2018-04-02","Thứ Hai","Vàng nhẫn SJC 9999",35800000,38800000,3000000,3580000,3880000,1342.1,36300000,39300000,"23:30"
"03/04/2018","2018-04-03","Thứ Ba","Vàng nhẫn SJC 9999",35600000,38600000,3000000,3560000,3860000,1332.8,36100000,39100000,"23:30"
"04/04/2018","2018-04-04","Thứ Tư","Vàng nhẫn SJC 9999",35600000,38600000,3000000,3560000,3860000,1335.8,36100000,39100000,"23:30"
"05/04/2018","2018-04-05","Thứ Năm","Vàng nhẫn SJC 9999",35300000,38300000,3000000,3530000,3830000,1324.3,35800000,38800000,"23:30"
"06/04/2018","2018-04-06","Thứ Sáu","Vàng nhẫn SJC 9999",35500000,38500000,3000000,3550000,3850000,1331.9,36000000,39000000,"23:30"
"09/04/2018","2018-04-09","Thứ Hai","Vàng nhẫn SJC 9999",35700000,38700000,3000000,3570000,3870000,1336.3,36200000,39200000,"23:30"
"10/04/2018","2018-04-10","Thứ Ba","Vàng nhẫn SJC 9999",35800000,38800000,3000000,3580000,3880000,1342,36300000,39300000,"23:30"
"11/04/2018","2018-04-11","Thứ Tư","Vàng nhẫn SJC 9999",36200000,39200000,3000000,3620000,3920000,1356.5,36700000,39700000,"23:30"
"12/04/2018","2018-04-12","Thứ Năm","Vàng nhẫn SJC 9999",35700000,38700000,3000000,3570000,3870000,1338.4,36200000,39200000,"23:30"
"13/04/2018","2018-04-13","Thứ Sáu","Vàng nhẫn SJC 9999",35900000,38900000,3000000,3590000,3890000,1344.8,36400000,39400000,"23:30"
"16/04/2018","2018-04-16","Thứ Hai","Vàng nhẫn SJC 9999",36000000,39000000,3000000,3600000,3900000,1347.5,36500000,39500000,"23:30"
"17/04/2018","2018-04-17","Thứ Ba","Vàng nhẫn SJC 9999",36000000,39000000,3000000,3600000,3900000,1347.2,36500000,39500000,"23:30"
"18/04/2018","2018-04-18","Thứ Tư","Vàng nhẫn SJC 9999",36100000,39100000,3000000,3610000,3910000,1351.2,36600000,39600000,"23:30"
"19/04/2018","2018-04-19","Thứ Năm","Vàng nhẫn SJC 9999",36000000,39000000,3000000,3600000,3900000,1346.8,36500000,39500000,"23:30"
"20/04/2018","2018-04-20","Thứ Sáu","Vàng nhẫn SJC 9999",35700000,38700000,3000000,3570000,3870000,1336.7,36200000,39200000,"23:30"
"23/04/2018","2018-04-23","Thứ Hai","Vàng nhẫn SJC 9999",35300000,38300000,3000000,3530000,3830000,1322.5,35800000,38800000,"23:30"
"24/04/2018","2018-04-24","Thứ Ba","Vàng nhẫn SJC 9999",35500000,38500000,3000000,3550000,3850000,1331.4,36000000,39000000,"23:30"
"25/04/2018","2018-04-25","Thứ Tư","Vàng nhẫn SJC 9999",35200000,38200000,3000000,3520000,3820000,1321.2,35700000,38700000,"23:30"
"26/04/2018","2018-04-26","Thứ Năm","Vàng nhẫn SJC 9999",35100000,38100000,3000000,3510000,3810000,1316.3,35600000,38600000,"23:30"
"27/04/2018","2018-04-27","Thứ Sáu","Vàng nhẫn SJC 9999",35200000,38200000,3000000,3520000,3820000,1320.3,35700000,38700000,"23:30"
"30/04/2018","2018-04-30","Thứ Hai","Vàng nhẫn SJC 9999",35100000,38100000,3000000,3510000,3810000,1316.2,35600000,38600000,"23:30"
"01/05/2018","2018-05-01","Thứ Ba","Vàng nhẫn SJC 9999",34700000,37700000,3000000,3470000,3770000,1303.8,35200000,38200000,"23:30"
"02/05/2018","2018-05-02","Thứ Tư","Vàng nhẫn SJC 9999",34700000,37700000,3000000,3470000,3770000,1302.6,35200000,38200000,"23:30"
"03/05/2018","2018-05-03","Thứ Năm","Vàng nhẫn SJC 9999",34900000,37900000,3000000,3490000,3790000,1310.7,35400000,38400000,"23:30"
"04/05/2018","2018-05-04","Thứ Sáu","Vàng nhẫn SJC 9999",35000000,38000000,3000000,3500000,3800000,1312.7,35500000,38500000,"23:30"
"07/05/2018","2018-05-07","Thứ Hai","Vàng nhẫn SJC 9999",35000000,38000000,3000000,3500000,3800000,1312.2,35500000,38500000,"23:30"
"08/05/2018","2018-05-08","Thứ Ba","Vàng nhẫn SJC 9999",35000000,38000000,3000000,3500000,3800000,1312,35500000,38500000,"23:30"
"09/05/2018","2018-05-09","Thứ Tư","Vàng nhẫn SJC 9999",34900000,37900000,3000000,3490000,3790000,1311.3,35400000,38400000,"23:30"
"10/05/2018","2018-05-10","Thứ Năm","Vàng nhẫn SJC 9999",35200000,38200000,3000000,3520000,3820000,1320.8,35700000,38700000,"23:30"
"11/05/2018","2018-05-11","Thứ Sáu","Vàng nhẫn SJC 9999",35200000,38200000,3000000,3520000,3820000,1319,35700000,38700000,"23:30"
"14/05/2018","2018-05-14","Thứ Hai","Vàng nhẫn SJC 9999",35100000,38100000,3000000,3510000,3810000,1316.5,35600000,38600000,"23:30"
"15/05/2018","2018-05-15","Thứ Ba","Vàng nhẫn SJC 9999",34300000,37300000,3000000,3430000,3730000,1288.9,34800000,37800000,"23:30"
"16/05/2018","2018-05-16","Thứ Tư","Vàng nhẫn SJC 9999",34300000,37300000,3000000,3430000,3730000,1290.2,34800000,37800000,"23:30"
"17/05/2018","2018-05-17","Thứ Năm","Vàng nhẫn SJC 9999",34300000,37300000,3000000,3430000,3730000,1288.2,34800000,37800000,"23:30"
"18/05/2018","2018-05-18","Thứ Sáu","Vàng nhẫn SJC 9999",34300000,37300000,3000000,3430000,3730000,1290.2,34800000,37800000,"23:30"
"21/05/2018","2018-05-21","Thứ Hai","Vàng nhẫn SJC 9999",34300000,37300000,3000000,3430000,3730000,1290.2,34800000,37800000,"23:30"
"22/05/2018","2018-05-22","Thứ Ba","Vàng nhẫn SJC 9999",34400000,37400000,3000000,3440000,3740000,1291.7,34900000,37900000,"23:30"
"23/05/2018","2018-05-23","Thứ Tư","Vàng nhẫn SJC 9999",34300000,37300000,3000000,3430000,3730000,1289.3,34800000,37800000,"23:30"
"24/05/2018","2018-05-24","Thứ Năm","Vàng nhẫn SJC 9999",34700000,37700000,3000000,3470000,3770000,1303.7,35200000,38200000,"23:30"
"25/05/2018","2018-05-25","Thứ Sáu","Vàng nhẫn SJC 9999",34700000,37700000,3000000,3470000,3770000,1303.3,35200000,38200000,"23:30"
"29/05/2018","2018-05-29","Thứ Ba","Vàng nhẫn SJC 9999",34600000,37600000,3000000,3460000,3760000,1298.7,35100000,38100000,"23:30"
"30/05/2018","2018-05-30","Thứ Tư","Vàng nhẫn SJC 9999",34600000,37600000,3000000,3460000,3760000,1301.5,35100000,38100000,"23:30"
"31/05/2018","2018-05-31","Thứ Năm","Vàng nhẫn SJC 9999",34600000,37600000,3000000,3460000,3760000,1300.1,35100000,38100000,"23:30"
"01/06/2018","2018-06-01","Thứ Sáu","Vàng nhẫn SJC 9999",34500000,37500000,3000000,3450000,3750000,1294.8,35000000,38000000,"23:30"
"04/06/2018","2018-06-04","Thứ Hai","Vàng nhẫn SJC 9999",34400000,37400000,3000000,3440000,3740000,1293.1,34900000,37900000,"23:30"
"05/06/2018","2018-06-05","Thứ Ba","Vàng nhẫn SJC 9999",34500000,37500000,3000000,3450000,3750000,1297.5,35000000,38000000,"23:30"
"06/06/2018","2018-06-06","Thứ Tư","Vàng nhẫn SJC 9999",34500000,37500000,3000000,3450000,3750000,1297.1,35000000,38000000,"23:30"
"07/06/2018","2018-06-07","Thứ Năm","Vàng nhẫn SJC 9999",34600000,37600000,3000000,3460000,3760000,1298.7,35100000,38100000,"23:30"
"08/06/2018","2018-06-08","Thứ Sáu","Vàng nhẫn SJC 9999",34500000,37500000,3000000,3450000,3750000,1298.1,35000000,38000000,"23:30"
"11/06/2018","2018-06-11","Thứ Hai","Vàng nhẫn SJC 9999",34600000,37600000,3000000,3460000,3760000,1298.9,35100000,38100000,"23:30"
"12/06/2018","2018-06-12","Thứ Ba","Vàng nhẫn SJC 9999",34500000,37500000,3000000,3450000,3750000,1295.1,35000000,38000000,"23:30"
"13/06/2018","2018-06-13","Thứ Tư","Vàng nhẫn SJC 9999",34500000,37500000,3000000,3450000,3750000,1296.9,35000000,38000000,"23:30"
"14/06/2018","2018-06-14","Thứ Năm","Vàng nhẫn SJC 9999",34700000,37700000,3000000,3470000,3770000,1304,35200000,38200000,"23:30"
"15/06/2018","2018-06-15","Thứ Sáu","Vàng nhẫn SJC 9999",33900000,36900000,3000000,3390000,3690000,1274.6,34400000,37400000,"23:30"
"18/06/2018","2018-06-18","Thứ Hai","Vàng nhẫn SJC 9999",33900000,36900000,3000000,3390000,3690000,1276.2,34400000,37400000,"23:30"
"19/06/2018","2018-06-19","Thứ Ba","Vàng nhẫn SJC 9999",33900000,36900000,3000000,3390000,3690000,1275.6,34400000,37400000,"23:30"
"20/06/2018","2018-06-20","Thứ Tư","Vàng nhẫn SJC 9999",33800000,36800000,3000000,3380000,3680000,1271.2,34300000,37300000,"23:30"
"21/06/2018","2018-06-21","Thứ Năm","Vàng nhẫn SJC 9999",33700000,36700000,3000000,3370000,3670000,1267.2,34200000,37200000,"23:30"
"22/06/2018","2018-06-22","Thứ Sáu","Vàng nhẫn SJC 9999",33700000,36700000,3000000,3370000,3670000,1267.4,34200000,37200000,"23:30"
"25/06/2018","2018-06-25","Thứ Hai","Vàng nhẫn SJC 9999",33600000,36600000,3000000,3360000,3660000,1265.6,34100000,37100000,"23:30"
"26/06/2018","2018-06-26","Thứ Ba","Vàng nhẫn SJC 9999",33300000,36300000,3000000,3330000,3630000,1256.6,33800000,36800000,"23:30"
"27/06/2018","2018-06-27","Thứ Tư","Vàng nhẫn SJC 9999",33200000,36200000,3000000,3320000,3620000,1252.8,33700000,36700000,"23:30"
"28/06/2018","2018-06-28","Thứ Năm","Vàng nhẫn SJC 9999",33100000,36100000,3000000,3310000,3610000,1247.8,33600000,36600000,"23:30"
"29/06/2018","2018-06-29","Thứ Sáu","Vàng nhẫn SJC 9999",33200000,36200000,3000000,3320000,3620000,1251.3,33700000,36700000,"23:30"
"02/07/2018","2018-07-02","Thứ Hai","Vàng nhẫn SJC 9999",32900000,35900000,3000000,3290000,3590000,1239.8,33400000,36400000,"23:30"
"03/07/2018","2018-07-03","Thứ Ba","Vàng nhẫn SJC 9999",33200000,36200000,3000000,3320000,3620000,1251.6,33700000,36700000,"23:30"
"05/07/2018","2018-07-05","Thứ Năm","Vàng nhẫn SJC 9999",33400000,36400000,3000000,3340000,3640000,1257.3,33900000,36900000,"23:30"
"06/07/2018","2018-07-06","Thứ Sáu","Vàng nhẫn SJC 9999",33300000,36300000,3000000,3330000,3630000,1254.3,33800000,36800000,"23:30"
"09/07/2018","2018-07-09","Thứ Hai","Vàng nhẫn SJC 9999",33400000,36400000,3000000,3340000,3640000,1258.1,33900000,36900000,"23:30"
"10/07/2018","2018-07-10","Thứ Ba","Vàng nhẫn SJC 9999",33300000,36300000,3000000,3330000,3630000,1253.8,33800000,36800000,"23:30"
"11/07/2018","2018-07-11","Thứ Tư","Vàng nhẫn SJC 9999",33000000,36000000,3000000,3300000,3600000,1242.8,33500000,36500000,"23:30"
"12/07/2018","2018-07-12","Thứ Năm","Vàng nhẫn SJC 9999",33000000,36000000,3000000,3300000,3600000,1245,33500000,36500000,"23:30"
"13/07/2018","2018-07-13","Thứ Sáu","Vàng nhẫn SJC 9999",32900000,35900000,3000000,3290000,3590000,1239.6,33400000,36400000,"23:30"
"16/07/2018","2018-07-16","Thứ Hai","Vàng nhẫn SJC 9999",32800000,35800000,3000000,3280000,3580000,1238.1,33300000,36300000,"23:30"
"17/07/2018","2018-07-17","Thứ Ba","Vàng nhẫn SJC 9999",32500000,35500000,3000000,3250000,3550000,1225.7,33000000,36000000,"23:30"
"18/07/2018","2018-07-18","Thứ Tư","Vàng nhẫn SJC 9999",32500000,35500000,3000000,3250000,3550000,1226.3,33000000,36000000,"23:30"
"19/07/2018","2018-07-19","Thứ Năm","Vàng nhẫn SJC 9999",32400000,35400000,3000000,3240000,3540000,1222.4,32900000,35900000,"23:30"
"20/07/2018","2018-07-20","Thứ Sáu","Vàng nhẫn SJC 9999",32600000,35600000,3000000,3260000,3560000,1229.5,33100000,36100000,"23:30"
"23/07/2018","2018-07-23","Thứ Hai","Vàng nhẫn SJC 9999",32400000,35400000,3000000,3240000,3540000,1224,32900000,35900000,"23:30"
"24/07/2018","2018-07-24","Thứ Ba","Vàng nhẫn SJC 9999",32400000,35400000,3000000,3240000,3540000,1223.9,32900000,35900000,"23:30"
"25/07/2018","2018-07-25","Thứ Tư","Vàng nhẫn SJC 9999",32600000,35600000,3000000,3260000,3560000,1231.4,33100000,36100000,"23:30"
"26/07/2018","2018-07-26","Thứ Năm","Vàng nhẫn SJC 9999",32400000,35400000,3000000,3240000,3540000,1225.3,32900000,35900000,"23:30"
"27/07/2018","2018-07-27","Thứ Sáu","Vàng nhẫn SJC 9999",32400000,35400000,3000000,3240000,3540000,1222.6,32900000,35900000,"23:30"
"30/07/2018","2018-07-30","Thứ Hai","Vàng nhẫn SJC 9999",32300000,35300000,3000000,3230000,3530000,1221.3,32800000,35800000,"23:30"
"31/07/2018","2018-07-31","Thứ Ba","Vàng nhẫn SJC 9999",32400000,35400000,3000000,3240000,3540000,1223.7,32900000,35900000,"23:30"
"01/08/2018","2018-08-01","Thứ Tư","Vàng nhẫn SJC 9999",32200000,35200000,3000000,3220000,3520000,1217.9,32700000,35700000,"23:30"
"02/08/2018","2018-08-02","Thứ Năm","Vàng nhẫn SJC 9999",32000000,35000000,3000000,3200000,3500000,1210.6,32500000,35500000,"23:30"
"03/08/2018","2018-08-03","Thứ Sáu","Vàng nhẫn SJC 9999",32100000,35100000,3000000,3210000,3510000,1214.2,32600000,35600000,"23:30"
"06/08/2018","2018-08-06","Thứ Hai","Vàng nhẫn SJC 9999",32000000,35000000,3000000,3200000,3500000,1208.6,32500000,35500000,"23:30"
"07/08/2018","2018-08-07","Thứ Ba","Vàng nhẫn SJC 9999",32000000,35000000,3000000,3200000,3500000,1209.6,32500000,35500000,"23:30"
"08/08/2018","2018-08-08","Thứ Tư","Vàng nhẫn SJC 9999",32100000,35100000,3000000,3210000,3510000,1212.6,32600000,35600000,"23:30"
"09/08/2018","2018-08-09","Thứ Năm","Vàng nhẫn SJC 9999",32100000,35100000,3000000,3210000,3510000,1211.9,32600000,35600000,"23:30"
"10/08/2018","2018-08-10","Thứ Sáu","Vàng nhẫn SJC 9999",32000000,35000000,3000000,3200000,3500000,1211.1,32500000,35500000,"23:30"
"13/08/2018","2018-08-13","Thứ Hai","Vàng nhẫn SJC 9999",31500000,34500000,3000000,3150000,3450000,1191.3,32000000,35000000,"23:30"
"14/08/2018","2018-08-14","Thứ Ba","Vàng nhẫn SJC 9999",31500000,34500000,3000000,3150000,3450000,1193,32000000,35000000,"23:30"
"15/08/2018","2018-08-15","Thứ Tư","Vàng nhẫn SJC 9999",31100000,34100000,3000000,3110000,3410000,1177.5,31600000,34600000,"23:30"
"16/08/2018","2018-08-16","Thứ Năm","Vàng nhẫn SJC 9999",31000000,34000000,3000000,3100000,3400000,1176.2,31500000,34500000,"23:30"
"17/08/2018","2018-08-17","Thứ Sáu","Vàng nhẫn SJC 9999",31000000,34000000,3000000,3100000,3400000,1176.5,31500000,34500000,"23:30"
"20/08/2018","2018-08-20","Thứ Hai","Vàng nhẫn SJC 9999",31300000,34300000,3000000,3130000,3430000,1186.8,31800000,34800000,"23:30"
"21/08/2018","2018-08-21","Thứ Ba","Vàng nhẫn SJC 9999",31500000,34500000,3000000,3150000,3450000,1192.6,32000000,35000000,"23:30"
"22/08/2018","2018-08-22","Thứ Tư","Vàng nhẫn SJC 9999",31600000,34600000,3000000,3160000,3460000,1196.3,32100000,35100000,"23:30"
"23/08/2018","2018-08-23","Thứ Năm","Vàng nhẫn SJC 9999",31300000,34300000,3000000,3130000,3430000,1187,31800000,34800000,"23:30"
"24/08/2018","2018-08-24","Thứ Sáu","Vàng nhẫn SJC 9999",31900000,34900000,3000000,3190000,3490000,1206.3,32400000,35400000,"23:30"
"27/08/2018","2018-08-27","Thứ Hai","Vàng nhẫn SJC 9999",32000000,35000000,3000000,3200000,3500000,1209,32500000,35500000,"23:30"
"28/08/2018","2018-08-28","Thứ Ba","Vàng nhẫn SJC 9999",31900000,34900000,3000000,3190000,3490000,1207.4,32400000,35400000,"23:30"
"29/08/2018","2018-08-29","Thứ Tư","Vàng nhẫn SJC 9999",31800000,34800000,3000000,3180000,3480000,1204.5,32300000,35300000,"23:30"
"30/08/2018","2018-08-30","Thứ Năm","Vàng nhẫn SJC 9999",31600000,34600000,3000000,3160000,3460000,1197.7,32100000,35100000,"23:30"
"31/08/2018","2018-08-31","Thứ Sáu","Vàng nhẫn SJC 9999",31700000,34700000,3000000,3170000,3470000,1200.3,32200000,35200000,"23:30"
"04/09/2018","2018-09-04","Thứ Ba","Vàng nhẫn SJC 9999",31500000,34500000,3000000,3150000,3450000,1192.7,32000000,35000000,"23:30"
"05/09/2018","2018-09-05","Thứ Tư","Vàng nhẫn SJC 9999",31600000,34600000,3000000,3160000,3460000,1194.9,32100000,35100000,"23:30"
"06/09/2018","2018-09-06","Thứ Năm","Vàng nhẫn SJC 9999",31700000,34700000,3000000,3170000,3470000,1197.9,32200000,35200000,"23:30"
"07/09/2018","2018-09-07","Thứ Sáu","Vàng nhẫn SJC 9999",31500000,34500000,3000000,3150000,3450000,1193.6,32000000,35000000,"23:30"
"10/09/2018","2018-09-10","Thứ Hai","Vàng nhẫn SJC 9999",31500000,34500000,3000000,3150000,3450000,1193,32000000,35000000,"23:30"
"11/09/2018","2018-09-11","Thứ Ba","Vàng nhẫn SJC 9999",31600000,34600000,3000000,3160000,3460000,1195.4,32100000,35100000,"23:30"
"12/09/2018","2018-09-12","Thứ Tư","Vàng nhẫn SJC 9999",31800000,34800000,3000000,3180000,3480000,1204.7,32300000,35300000,"23:30"
"13/09/2018","2018-09-13","Thứ Năm","Vàng nhẫn SJC 9999",31800000,34800000,3000000,3180000,3480000,1202,32300000,35300000,"23:30"
"14/09/2018","2018-09-14","Thứ Sáu","Vàng nhẫn SJC 9999",31600000,34600000,3000000,3160000,3460000,1195,32100000,35100000,"23:30"
"17/09/2018","2018-09-17","Thứ Hai","Vàng nhẫn SJC 9999",31700000,34700000,3000000,3170000,3470000,1199.7,32200000,35200000,"23:30"
"18/09/2018","2018-09-18","Thứ Ba","Vàng nhẫn SJC 9999",31600000,34600000,3000000,3160000,3460000,1196.8,32100000,35100000,"23:30"
"19/09/2018","2018-09-19","Thứ Tư","Vàng nhẫn SJC 9999",31800000,34800000,3000000,3180000,3480000,1202.2,32300000,35300000,"23:30"
"20/09/2018","2018-09-20","Thứ Năm","Vàng nhẫn SJC 9999",31900000,34900000,3000000,3190000,3490000,1206.2,32400000,35400000,"23:30"
"21/09/2018","2018-09-21","Thứ Sáu","Vàng nhẫn SJC 9999",31600000,34600000,3000000,3160000,3460000,1196.2,32100000,35100000,"23:30"
"24/09/2018","2018-09-24","Thứ Hai","Vàng nhẫn SJC 9999",31700000,34700000,3000000,3170000,3470000,1199.3,32200000,35200000,"23:30"
"25/09/2018","2018-09-25","Thứ Ba","Vàng nhẫn SJC 9999",31700000,34700000,3000000,3170000,3470000,1200,32200000,35200000,"23:30"
"26/09/2018","2018-09-26","Thứ Tư","Vàng nhẫn SJC 9999",31500000,34500000,3000000,3150000,3450000,1194,32000000,35000000,"23:30"
"27/09/2018","2018-09-27","Thứ Năm","Vàng nhẫn SJC 9999",31200000,34200000,3000000,3120000,3420000,1182.3,31700000,34700000,"23:30"
"28/09/2018","2018-09-28","Thứ Sáu","Vàng nhẫn SJC 9999",31500000,34500000,3000000,3150000,3450000,1191.5,32000000,35000000,"23:30"
"01/10/2018","2018-10-01","Thứ Hai","Vàng nhẫn SJC 9999",31300000,34300000,3000000,3130000,3430000,1187.1,31800000,34800000,"23:30"
"02/10/2018","2018-10-02","Thứ Ba","Vàng nhẫn SJC 9999",31800000,34800000,3000000,3180000,3480000,1202.4,32300000,35300000,"23:30"
"03/10/2018","2018-10-03","Thứ Tư","Vàng nhẫn SJC 9999",31700000,34700000,3000000,3170000,3470000,1198.3,32200000,35200000,"23:30"
"04/10/2018","2018-10-04","Thứ Năm","Vàng nhẫn SJC 9999",31600000,34600000,3000000,3160000,3460000,1197.2,32100000,35100000,"23:30"
"05/10/2018","2018-10-05","Thứ Sáu","Vàng nhẫn SJC 9999",31700000,34700000,3000000,3170000,3470000,1201.2,32200000,35200000,"23:30"
"08/10/2018","2018-10-08","Thứ Hai","Vàng nhẫn SJC 9999",31300000,34300000,3000000,3130000,3430000,1184.4,31800000,34800000,"23:30"
"09/10/2018","2018-10-09","Thứ Ba","Vàng nhẫn SJC 9999",31300000,34300000,3000000,3130000,3430000,1187.2,31800000,34800000,"23:30"
"10/10/2018","2018-10-10","Thứ Tư","Vàng nhẫn SJC 9999",31400000,34400000,3000000,3140000,3440000,1189.3,31900000,34900000,"23:30"
"11/10/2018","2018-10-11","Thứ Năm","Vàng nhẫn SJC 9999",32400000,35400000,3000000,3240000,3540000,1223.5,32900000,35900000,"23:30"
"12/10/2018","2018-10-12","Thứ Sáu","Vàng nhẫn SJC 9999",32200000,35200000,3000000,3220000,3520000,1218.1,32700000,35700000,"23:30"
"15/10/2018","2018-10-15","Thứ Hai","Vàng nhẫn SJC 9999",32500000,35500000,3000000,3250000,3550000,1226.4,33000000,36000000,"23:30"
"16/10/2018","2018-10-16","Thứ Ba","Vàng nhẫn SJC 9999",32500000,35500000,3000000,3250000,3550000,1227.3,33000000,36000000,"23:30"
"17/10/2018","2018-10-17","Thứ Tư","Vàng nhẫn SJC 9999",32400000,35400000,3000000,3240000,3540000,1223.7,32900000,35900000,"23:30"
"18/10/2018","2018-10-18","Thứ Năm","Vàng nhẫn SJC 9999",32500000,35500000,3000000,3250000,3550000,1226.5,33000000,36000000,"23:30"
"19/10/2018","2018-10-19","Thứ Sáu","Vàng nhẫn SJC 9999",32400000,35400000,3000000,3240000,3540000,1225.3,32900000,35900000,"23:30"
"22/10/2018","2018-10-22","Thứ Hai","Vàng nhẫn SJC 9999",32300000,35300000,3000000,3230000,3530000,1221.2,32800000,35800000,"23:30"
"23/10/2018","2018-10-23","Thứ Ba","Vàng nhẫn SJC 9999",32700000,35700000,3000000,3270000,3570000,1233.4,33200000,36200000,"23:30"
"24/10/2018","2018-10-24","Thứ Tư","Vàng nhẫn SJC 9999",32500000,35500000,3000000,3250000,3550000,1227.8,33000000,36000000,"23:30"
"25/10/2018","2018-10-25","Thứ Năm","Vàng nhẫn SJC 9999",32600000,35600000,3000000,3260000,3560000,1229.1,33100000,36100000,"23:30"
"26/10/2018","2018-10-26","Thứ Sáu","Vàng nhẫn SJC 9999",32700000,35700000,3000000,3270000,3570000,1232.5,33200000,36200000,"23:30"
"29/10/2018","2018-10-29","Thứ Hai","Vàng nhẫn SJC 9999",32400000,35400000,3000000,3240000,3540000,1224.5,32900000,35900000,"23:30"
"30/10/2018","2018-10-30","Thứ Ba","Vàng nhẫn SJC 9999",32400000,35400000,3000000,3240000,3540000,1222.6,32900000,35900000,"23:30"
"31/10/2018","2018-10-31","Thứ Tư","Vàng nhẫn SJC 9999",32100000,35100000,3000000,3210000,3510000,1212.3,32600000,35600000,"23:30"
"01/11/2018","2018-11-01","Thứ Năm","Vàng nhẫn SJC 9999",32800000,35800000,3000000,3280000,3580000,1236,33300000,36300000,"23:30"
"02/11/2018","2018-11-02","Thứ Sáu","Vàng nhẫn SJC 9999",32600000,35600000,3000000,3260000,3560000,1230.9,33100000,36100000,"23:30"
"05/11/2018","2018-11-05","Thứ Hai","Vàng nhẫn SJC 9999",32600000,35600000,3000000,3260000,3560000,1229.8,33100000,36100000,"23:30"
"06/11/2018","2018-11-06","Thứ Ba","Vàng nhẫn SJC 9999",32400000,35400000,3000000,3240000,3540000,1223.8,32900000,35900000,"23:30"
"07/11/2018","2018-11-07","Thứ Tư","Vàng nhẫn SJC 9999",32500000,35500000,3000000,3250000,3550000,1226.2,33000000,36000000,"23:30"
"08/11/2018","2018-11-08","Thứ Năm","Vàng nhẫn SJC 9999",32400000,35400000,3000000,3240000,3540000,1222.9,32900000,35900000,"23:30"
"09/11/2018","2018-11-09","Thứ Sáu","Vàng nhẫn SJC 9999",31900000,34900000,3000000,3190000,3490000,1206.4,32400000,35400000,"23:30"
"12/11/2018","2018-11-12","Thứ Hai","Vàng nhẫn SJC 9999",31700000,34700000,3000000,3170000,3470000,1201.3,32200000,35200000,"23:30"
"13/11/2018","2018-11-13","Thứ Ba","Vàng nhẫn SJC 9999",31700000,34700000,3000000,3170000,3470000,1199.2,32200000,35200000,"23:30"
"14/11/2018","2018-11-14","Thứ Tư","Vàng nhẫn SJC 9999",31900000,34900000,3000000,3190000,3490000,1207.9,32400000,35400000,"23:30"
"15/11/2018","2018-11-15","Thứ Năm","Vàng nhẫn SJC 9999",32100000,35100000,3000000,3210000,3510000,1212.8,32600000,35600000,"23:30"
"16/11/2018","2018-11-16","Thứ Sáu","Vàng nhẫn SJC 9999",32300000,35300000,3000000,3230000,3530000,1220.8,32800000,35800000,"23:30"
"19/11/2018","2018-11-19","Thứ Hai","Vàng nhẫn SJC 9999",32400000,35400000,3000000,3240000,3540000,1223.1,32900000,35900000,"23:30"
"20/11/2018","2018-11-20","Thứ Ba","Vàng nhẫn SJC 9999",32300000,35300000,3000000,3230000,3530000,1219,32800000,35800000,"23:30"
"21/11/2018","2018-11-21","Thứ Tư","Vàng nhẫn SJC 9999",32500000,35500000,3000000,3250000,3550000,1225.8,33000000,36000000,"23:30"
"23/11/2018","2018-11-23","Thứ Sáu","Vàng nhẫn SJC 9999",32300000,35300000,3000000,3230000,3530000,1221,32800000,35800000,"23:30"
"26/11/2018","2018-11-26","Thứ Hai","Vàng nhẫn SJC 9999",32300000,35300000,3000000,3230000,3530000,1220.2,32800000,35800000,"23:30"
"27/11/2018","2018-11-27","Thứ Ba","Vàng nhẫn SJC 9999",32000000,35000000,3000000,3200000,3500000,1211.2,32500000,35500000,"23:30"
"28/11/2018","2018-11-28","Thứ Tư","Vàng nhẫn SJC 9999",32300000,35300000,3000000,3230000,3530000,1221.4,32800000,35800000,"23:30"
"29/11/2018","2018-11-29","Thứ Năm","Vàng nhẫn SJC 9999",32400000,35400000,3000000,3240000,3540000,1224.1,32900000,35900000,"23:30"
"30/11/2018","2018-11-30","Thứ Sáu","Vàng nhẫn SJC 9999",32300000,35300000,3000000,3230000,3530000,1220.2,32800000,35800000,"23:30"
"03/12/2018","2018-12-03","Thứ Hai","Vàng nhẫn SJC 9999",32700000,35700000,3000000,3270000,3570000,1233.9,33200000,36200000,"23:30"
"04/12/2018","2018-12-04","Thứ Ba","Vàng nhẫn SJC 9999",32900000,35900000,3000000,3290000,3590000,1241.1,33400000,36400000,"23:30"
"06/12/2018","2018-12-06","Thứ Năm","Vàng nhẫn SJC 9999",32800000,35800000,3000000,3280000,3580000,1238.1,33300000,36300000,"23:30"
"07/12/2018","2018-12-07","Thứ Sáu","Vàng nhẫn SJC 9999",33100000,36100000,3000000,3310000,3610000,1246.8,33600000,36600000,"23:30"
"10/12/2018","2018-12-10","Thứ Hai","Vàng nhẫn SJC 9999",33000000,36000000,3000000,3300000,3600000,1243.7,33500000,36500000,"23:30"
"11/12/2018","2018-12-11","Thứ Ba","Vàng nhẫn SJC 9999",32900000,35900000,3000000,3290000,3590000,1241.9,33400000,36400000,"23:30"
"12/12/2018","2018-12-12","Thứ Tư","Vàng nhẫn SJC 9999",33000000,36000000,3000000,3300000,3600000,1244.4,33500000,36500000,"23:30"
"13/12/2018","2018-12-13","Thứ Năm","Vàng nhẫn SJC 9999",32900000,35900000,3000000,3290000,3590000,1242.7,33400000,36400000,"23:30"
"14/12/2018","2018-12-14","Thứ Sáu","Vàng nhẫn SJC 9999",32800000,35800000,3000000,3280000,3580000,1237,33300000,36300000,"23:30"
"17/12/2018","2018-12-17","Thứ Hai","Vàng nhẫn SJC 9999",33100000,36100000,3000000,3310000,3610000,1247.4,33600000,36600000,"23:30"
"18/12/2018","2018-12-18","Thứ Ba","Vàng nhẫn SJC 9999",33100000,36100000,3000000,3310000,3610000,1249.2,33600000,36600000,"23:30"
"19/12/2018","2018-12-19","Thứ Tư","Vàng nhẫn SJC 9999",33200000,36200000,3000000,3320000,3620000,1252.1,33700000,36700000,"23:30"
"20/12/2018","2018-12-20","Thứ Năm","Vàng nhẫn SJC 9999",33600000,36600000,3000000,3360000,3660000,1263.6,34100000,37100000,"23:30"
"21/12/2018","2018-12-21","Thứ Sáu","Vàng nhẫn SJC 9999",33300000,36300000,3000000,3330000,3630000,1253.8,33800000,36800000,"23:30"
"24/12/2018","2018-12-24","Thứ Hai","Vàng nhẫn SJC 9999",33700000,36700000,3000000,3370000,3670000,1267.5,34200000,37200000,"23:30"
"26/12/2018","2018-12-26","Thứ Tư","Vàng nhẫn SJC 9999",33700000,36700000,3000000,3370000,3670000,1269.2,34200000,37200000,"23:30"
"27/12/2018","2018-12-27","Thứ Năm","Vàng nhẫn SJC 9999",33900000,36900000,3000000,3390000,3690000,1277.3,34400000,37400000,"23:30"
"28/12/2018","2018-12-28","Thứ Sáu","Vàng nhẫn SJC 9999",34000000,37000000,3000000,3400000,3700000,1279.9,34500000,37500000,"23:30"
"31/12/2018","2018-12-31","Thứ Hai","Vàng nhẫn SJC 9999",34000000,37000000,3000000,3400000,3700000,1278.3,34500000,37500000,"23:30"
"02/01/2019","2019-01-02","Thứ Tư","Vàng nhẫn SJC 9999",35000000,38000000,3000000,3500000,3800000,1281,35500000,38500000,"23:30"
"03/01/2019","2019-01-03","Thứ Năm","Vàng nhẫn SJC 9999",35300000,38300000,3000000,3530000,3830000,1291.8,35800000,38800000,"23:30"
"04/01/2019","2019-01-04","Thứ Sáu","Vàng nhẫn SJC 9999",35000000,38000000,3000000,3500000,3800000,1282.7,35500000,38500000,"23:30"
"07/01/2019","2019-01-07","Thứ Hai","Vàng nhẫn SJC 9999",35200000,38200000,3000000,3520000,3820000,1286.8,35700000,38700000,"23:30"
"08/01/2019","2019-01-08","Thứ Ba","Vàng nhẫn SJC 9999",35000000,38000000,3000000,3500000,3800000,1283.2,35500000,38500000,"23:30"
"09/01/2019","2019-01-09","Thứ Tư","Vàng nhẫn SJC 9999",35200000,38200000,3000000,3520000,3820000,1289.3,35700000,38700000,"23:30"
"10/01/2019","2019-01-10","Thứ Năm","Vàng nhẫn SJC 9999",35100000,38100000,3000000,3510000,3810000,1284.7,35600000,38600000,"23:30"
"11/01/2019","2019-01-11","Thứ Sáu","Vàng nhẫn SJC 9999",35200000,38200000,3000000,3520000,3820000,1287.1,35700000,38700000,"23:30"
"14/01/2019","2019-01-14","Thứ Hai","Vàng nhẫn SJC 9999",35200000,38200000,3000000,3520000,3820000,1289.1,35700000,38700000,"23:30"
"15/01/2019","2019-01-15","Thứ Ba","Vàng nhẫn SJC 9999",35100000,38100000,3000000,3510000,3810000,1286.2,35600000,38600000,"23:30"
"16/01/2019","2019-01-16","Thứ Tư","Vàng nhẫn SJC 9999",35300000,38300000,3000000,3530000,3830000,1291.6,35800000,38800000,"23:30"
"17/01/2019","2019-01-17","Thứ Năm","Vàng nhẫn SJC 9999",35300000,38300000,3000000,3530000,3830000,1291,35800000,38800000,"23:30"
"18/01/2019","2019-01-18","Thứ Sáu","Vàng nhẫn SJC 9999",35000000,38000000,3000000,3500000,3800000,1281.3,35500000,38500000,"23:30"
"22/01/2019","2019-01-22","Thứ Ba","Vàng nhẫn SJC 9999",35000000,38000000,3000000,3500000,3800000,1282.5,35500000,38500000,"23:30"
"23/01/2019","2019-01-23","Thứ Tư","Vàng nhẫn SJC 9999",35000000,38000000,3000000,3500000,3800000,1283.1,35500000,38500000,"23:30"
"24/01/2019","2019-01-24","Thứ Năm","Vàng nhẫn SJC 9999",34900000,37900000,3000000,3490000,3790000,1279.1,35400000,38400000,"23:30"
"25/01/2019","2019-01-25","Thứ Sáu","Vàng nhẫn SJC 9999",35500000,38500000,3000000,3550000,3850000,1297.4,36000000,39000000,"23:30"
"28/01/2019","2019-01-28","Thứ Hai","Vàng nhẫn SJC 9999",35600000,38600000,3000000,3560000,3860000,1302.4,36100000,39100000,"23:30"
"29/01/2019","2019-01-29","Thứ Ba","Vàng nhẫn SJC 9999",35800000,38800000,3000000,3580000,3880000,1308.2,36300000,39300000,"23:30"
"30/01/2019","2019-01-30","Thứ Tư","Vàng nhẫn SJC 9999",35800000,38800000,3000000,3580000,3880000,1309.9,36300000,39300000,"23:30"
"31/01/2019","2019-01-31","Thứ Năm","Vàng nhẫn SJC 9999",36100000,39100000,3000000,3610000,3910000,1319.7,36600000,39600000,"23:30"
"01/02/2019","2019-02-01","Thứ Sáu","Vàng nhẫn SJC 9999",36000000,39000000,3000000,3600000,3900000,1316.9,36500000,39500000,"23:30"
"04/02/2019","2019-02-04","Thứ Hai","Vàng nhẫn SJC 9999",36000000,39000000,3000000,3600000,3900000,1314.3,36500000,39500000,"23:30"
"05/02/2019","2019-02-05","Thứ Ba","Vàng nhẫn SJC 9999",36000000,39000000,3000000,3600000,3900000,1314.2,36500000,39500000,"23:30"
"06/02/2019","2019-02-06","Thứ Tư","Vàng nhẫn SJC 9999",35800000,38800000,3000000,3580000,3880000,1309.5,36300000,39300000,"23:30"
"07/02/2019","2019-02-07","Thứ Năm","Vàng nhẫn SJC 9999",35800000,38800000,3000000,3580000,3880000,1309.4,36300000,39300000,"23:30"
"08/02/2019","2019-02-08","Thứ Sáu","Vàng nhẫn SJC 9999",36000000,39000000,3000000,3600000,3900000,1313.7,36500000,39500000,"23:30"
"11/02/2019","2019-02-11","Thứ Hai","Vàng nhẫn SJC 9999",35800000,38800000,3000000,3580000,3880000,1307,36300000,39300000,"23:30"
"12/02/2019","2019-02-12","Thứ Ba","Vàng nhẫn SJC 9999",35800000,38800000,3000000,3580000,3880000,1309.2,36300000,39300000,"23:30"
"13/02/2019","2019-02-13","Thứ Tư","Vàng nhẫn SJC 9999",35900000,38900000,3000000,3590000,3890000,1310.8,36400000,39400000,"23:30"
"14/02/2019","2019-02-14","Thứ Năm","Vàng nhẫn SJC 9999",35800000,38800000,3000000,3580000,3880000,1309.8,36300000,39300000,"23:30"
"15/02/2019","2019-02-15","Thứ Sáu","Vàng nhẫn SJC 9999",36100000,39100000,3000000,3610000,3910000,1318.1,36600000,39600000,"23:30"
"19/02/2019","2019-02-19","Thứ Ba","Vàng nhẫn SJC 9999",36700000,39700000,3000000,3670000,3970000,1340.1,37200000,40200000,"23:30"
"20/02/2019","2019-02-20","Thứ Tư","Vàng nhẫn SJC 9999",36800000,39800000,3000000,3680000,3980000,1343.3,37300000,40300000,"23:30"
"21/02/2019","2019-02-21","Thứ Năm","Vàng nhẫn SJC 9999",36200000,39200000,3000000,3620000,3920000,1323.5,36700000,39700000,"23:30"
"22/02/2019","2019-02-22","Thứ Sáu","Vàng nhẫn SJC 9999",36400000,39400000,3000000,3640000,3940000,1329.2,36900000,39900000,"23:30"
"25/02/2019","2019-02-25","Thứ Hai","Vàng nhẫn SJC 9999",36300000,39300000,3000000,3630000,3930000,1325.9,36800000,39800000,"23:30"
"26/02/2019","2019-02-26","Thứ Ba","Vàng nhẫn SJC 9999",36300000,39300000,3000000,3630000,3930000,1325.1,36800000,39800000,"23:30"
"27/02/2019","2019-02-27","Thứ Tư","Vàng nhẫn SJC 9999",36100000,39100000,3000000,3610000,3910000,1317.7,36600000,39600000,"23:30"
"28/02/2019","2019-02-28","Thứ Năm","Vàng nhẫn SJC 9999",35900000,38900000,3000000,3590000,3890000,1312.8,36400000,39400000,"23:30"
"01/03/2019","2019-03-01","Thứ Sáu","Vàng nhẫn SJC 9999",35400000,38400000,3000000,3540000,3840000,1296.4,35900000,38900000,"23:30"
"04/03/2019","2019-03-04","Thứ Hai","Vàng nhẫn SJC 9999",35100000,38100000,3000000,3510000,3810000,1284.8,35600000,38600000,"23:30"
"05/03/2019","2019-03-05","Thứ Ba","Vàng nhẫn SJC 9999",35000000,38000000,3000000,3500000,3800000,1282,35500000,38500000,"23:30"
"06/03/2019","2019-03-06","Thứ Tư","Vàng nhẫn SJC 9999",35100000,38100000,3000000,3510000,3810000,1284.9,35600000,38600000,"23:30"
"07/03/2019","2019-03-07","Thứ Năm","Vàng nhẫn SJC 9999",35100000,38100000,3000000,3510000,3810000,1283.8,35600000,38600000,"23:30"
"08/03/2019","2019-03-08","Thứ Sáu","Vàng nhẫn SJC 9999",35500000,38500000,3000000,3550000,3850000,1297,36000000,39000000,"23:30"
"11/03/2019","2019-03-11","Thứ Hai","Vàng nhẫn SJC 9999",35200000,38200000,3000000,3520000,3820000,1288.8,35700000,38700000,"23:30"
"12/03/2019","2019-03-12","Thứ Ba","Vàng nhẫn SJC 9999",35400000,38400000,3000000,3540000,3840000,1296.3,35900000,38900000,"23:30"
"13/03/2019","2019-03-13","Thứ Tư","Vàng nhẫn SJC 9999",35800000,38800000,3000000,3580000,3880000,1307.5,36300000,39300000,"23:30"
"14/03/2019","2019-03-14","Thứ Năm","Vàng nhẫn SJC 9999",35300000,38300000,3000000,3530000,3830000,1293.4,35800000,38800000,"23:30"
"15/03/2019","2019-03-15","Thứ Sáu","Vàng nhẫn SJC 9999",35600000,38600000,3000000,3560000,3860000,1301.8,36100000,39100000,"23:30"
"18/03/2019","2019-03-18","Thứ Hai","Vàng nhẫn SJC 9999",35600000,38600000,3000000,3560000,3860000,1300.3,36100000,39100000,"23:30"
"19/03/2019","2019-03-19","Thứ Ba","Vàng nhẫn SJC 9999",35700000,38700000,3000000,3570000,3870000,1305,36200000,39200000,"23:30"
"20/03/2019","2019-03-20","Thứ Tư","Vàng nhẫn SJC 9999",35600000,38600000,3000000,3560000,3860000,1300.5,36100000,39100000,"23:30"
"21/03/2019","2019-03-21","Thứ Năm","Vàng nhẫn SJC 9999",35700000,38700000,3000000,3570000,3870000,1306.1,36200000,39200000,"23:30"
"22/03/2019","2019-03-22","Thứ Sáu","Vàng nhẫn SJC 9999",35900000,38900000,3000000,3590000,3890000,1311.6,36400000,39400000,"23:30"
"25/03/2019","2019-03-25","Thứ Hai","Vàng nhẫn SJC 9999",36200000,39200000,3000000,3620000,3920000,1321.9,36700000,39700000,"23:30"
"26/03/2019","2019-03-26","Thứ Ba","Vàng nhẫn SJC 9999",36000000,39000000,3000000,3600000,3900000,1314.3,36500000,39500000,"23:30"
"27/03/2019","2019-03-27","Thứ Tư","Vàng nhẫn SJC 9999",35800000,38800000,3000000,3580000,3880000,1309.9,36300000,39300000,"23:30"
"28/03/2019","2019-03-28","Thứ Năm","Vàng nhẫn SJC 9999",35200000,38200000,3000000,3520000,3820000,1289.8,35700000,38700000,"23:30"
"29/03/2019","2019-03-29","Thứ Sáu","Vàng nhẫn SJC 9999",35300000,38300000,3000000,3530000,3830000,1293,35800000,38800000,"23:30"
"01/04/2019","2019-04-01","Thứ Hai","Vàng nhẫn SJC 9999",35200000,38200000,3000000,3520000,3820000,1288.4,35700000,38700000,"23:30"
"02/04/2019","2019-04-02","Thứ Ba","Vàng nhẫn SJC 9999",35200000,38200000,3000000,3520000,3820000,1290,35700000,38700000,"23:30"
"03/04/2019","2019-04-03","Thứ Tư","Vàng nhẫn SJC 9999",35200000,38200000,3000000,3520000,3820000,1289.9,35700000,38700000,"23:30"
"04/04/2019","2019-04-04","Thứ Năm","Vàng nhẫn SJC 9999",35200000,38200000,3000000,3520000,3820000,1289,35700000,38700000,"23:30"
"05/04/2019","2019-04-05","Thứ Sáu","Vàng nhẫn SJC 9999",35300000,38300000,3000000,3530000,3830000,1290.4,35800000,38800000,"23:30"
"08/04/2019","2019-04-08","Thứ Hai","Vàng nhẫn SJC 9999",35500000,38500000,3000000,3550000,3850000,1297.1,36000000,39000000,"23:30"
"09/04/2019","2019-04-09","Thứ Ba","Vàng nhẫn SJC 9999",35600000,38600000,3000000,3560000,3860000,1303.5,36100000,39100000,"23:30"
"10/04/2019","2019-04-10","Thứ Tư","Vàng nhẫn SJC 9999",35800000,38800000,3000000,3580000,3880000,1309.1,36300000,39300000,"23:30"
"11/04/2019","2019-04-11","Thứ Năm","Vàng nhẫn SJC 9999",35200000,38200000,3000000,3520000,3820000,1288.6,35700000,38700000,"23:30"
"12/04/2019","2019-04-12","Thứ Sáu","Vàng nhẫn SJC 9999",35300000,38300000,3000000,3530000,3830000,1290.6,35800000,38800000,"23:30"
"15/04/2019","2019-04-15","Thứ Hai","Vàng nhẫn SJC 9999",35200000,38200000,3000000,3520000,3820000,1286.8,35700000,38700000,"23:30"
"16/04/2019","2019-04-16","Thứ Ba","Vàng nhẫn SJC 9999",34700000,37700000,3000000,3470000,3770000,1272.6,35200000,38200000,"23:30"
"17/04/2019","2019-04-17","Thứ Tư","Vàng nhẫn SJC 9999",34700000,37700000,3000000,3470000,3770000,1272.2,35200000,38200000,"23:30"
"18/04/2019","2019-04-18","Thứ Năm","Vàng nhẫn SJC 9999",34700000,37700000,3000000,3470000,3770000,1271.9,35200000,38200000,"23:30"
"22/04/2019","2019-04-22","Thứ Hai","Vàng nhẫn SJC 9999",34800000,37800000,3000000,3480000,3780000,1273.5,35300000,38300000,"23:30"
"23/04/2019","2019-04-23","Thứ Ba","Vàng nhẫn SJC 9999",34600000,37600000,3000000,3460000,3760000,1269.3,35100000,38100000,"23:30"
"24/04/2019","2019-04-24","Thứ Tư","Vàng nhẫn SJC 9999",34800000,37800000,3000000,3480000,3780000,1275.5,35300000,38300000,"23:30"
"25/04/2019","2019-04-25","Thứ Năm","Vàng nhẫn SJC 9999",34800000,37800000,3000000,3480000,3780000,1275.8,35300000,38300000,"23:30"
"26/04/2019","2019-04-26","Thứ Sáu","Vàng nhẫn SJC 9999",35100000,38100000,3000000,3510000,3810000,1284.9,35600000,38600000,"23:30"
"29/04/2019","2019-04-29","Thứ Hai","Vàng nhẫn SJC 9999",34900000,37900000,3000000,3490000,3790000,1278.6,35400000,38400000,"23:30"
"30/04/2019","2019-04-30","Thứ Ba","Vàng nhẫn SJC 9999",35000000,38000000,3000000,3500000,3800000,1282.8,35500000,38500000,"23:30"
"01/05/2019","2019-05-01","Thứ Tư","Vàng nhẫn SJC 9999",35000000,38000000,3000000,3500000,3800000,1281.4,35500000,38500000,"23:30"
"02/05/2019","2019-05-02","Thứ Năm","Vàng nhẫn SJC 9999",34600000,37600000,3000000,3460000,3760000,1269.7,35100000,38100000,"23:30"
"03/05/2019","2019-05-03","Thứ Sáu","Vàng nhẫn SJC 9999",34900000,37900000,3000000,3490000,3790000,1279.2,35400000,38400000,"23:30"
"06/05/2019","2019-05-06","Thứ Hai","Vàng nhẫn SJC 9999",35000000,38000000,3000000,3500000,3800000,1281.7,35500000,38500000,"23:30"
"07/05/2019","2019-05-07","Thứ Ba","Vàng nhẫn SJC 9999",35100000,38100000,3000000,3510000,3810000,1283.5,35600000,38600000,"23:30"
"08/05/2019","2019-05-08","Thứ Tư","Vàng nhẫn SJC 9999",34900000,37900000,3000000,3490000,3790000,1279.4,35400000,38400000,"23:30"
"09/05/2019","2019-05-09","Thứ Năm","Vàng nhẫn SJC 9999",35100000,38100000,3000000,3510000,3810000,1283.5,35600000,38600000,"23:30"
"10/05/2019","2019-05-10","Thứ Sáu","Vàng nhẫn SJC 9999",35100000,38100000,3000000,3510000,3810000,1285.7,35600000,38600000,"23:30"
"13/05/2019","2019-05-13","Thứ Hai","Vàng nhẫn SJC 9999",35500000,38500000,3000000,3550000,3850000,1300.1,36000000,39000000,"23:30"
"14/05/2019","2019-05-14","Thứ Ba","Vàng nhẫn SJC 9999",35400000,38400000,3000000,3540000,3840000,1294.7,35900000,38900000,"23:30"
"15/05/2019","2019-05-15","Thứ Tư","Vàng nhẫn SJC 9999",35400000,38400000,3000000,3540000,3840000,1296.3,35900000,38900000,"23:30"
"16/05/2019","2019-05-16","Thứ Năm","Vàng nhẫn SJC 9999",35100000,38100000,3000000,3510000,3810000,1285,35600000,38600000,"23:30"
"17/05/2019","2019-05-17","Thứ Sáu","Vàng nhẫn SJC 9999",34800000,37800000,3000000,3480000,3780000,1274.5,35300000,38300000,"23:30"
"20/05/2019","2019-05-20","Thứ Hai","Vàng nhẫn SJC 9999",34800000,37800000,3000000,3480000,3780000,1276.1,35300000,38300000,"23:30"
"21/05/2019","2019-05-21","Thứ Ba","Vàng nhẫn SJC 9999",34700000,37700000,3000000,3470000,3770000,1272,35200000,38200000,"23:30"
"22/05/2019","2019-05-22","Thứ Tư","Vàng nhẫn SJC 9999",34800000,37800000,3000000,3480000,3780000,1273.6,35300000,38300000,"23:30"
"23/05/2019","2019-05-23","Thứ Năm","Vàng nhẫn SJC 9999",35100000,38100000,3000000,3510000,3810000,1284.8,35600000,38600000,"23:30"
"24/05/2019","2019-05-24","Thứ Sáu","Vàng nhẫn SJC 9999",35000000,38000000,3000000,3500000,3800000,1283,35500000,38500000,"23:30"
"28/05/2019","2019-05-28","Thứ Ba","Vàng nhẫn SJC 9999",34800000,37800000,3000000,3480000,3780000,1276.5,35300000,38300000,"23:30"
"29/05/2019","2019-05-29","Thứ Tư","Vàng nhẫn SJC 9999",35000000,38000000,3000000,3500000,3800000,1280.6,35500000,38500000,"23:30"
"30/05/2019","2019-05-30","Thứ Năm","Vàng nhẫn SJC 9999",35200000,38200000,3000000,3520000,3820000,1287.1,35700000,38700000,"23:30"
"31/05/2019","2019-05-31","Thứ Sáu","Vàng nhẫn SJC 9999",35700000,38700000,3000000,3570000,3870000,1305.8,36200000,39200000,"23:30"
"03/06/2019","2019-06-03","Thứ Hai","Vàng nhẫn SJC 9999",36200000,39200000,3000000,3620000,3920000,1322.7,36700000,39700000,"23:30"
"04/06/2019","2019-06-04","Thứ Ba","Vàng nhẫn SJC 9999",36200000,39200000,3000000,3620000,3920000,1323.4,36700000,39700000,"23:30"
"05/06/2019","2019-06-05","Thứ Tư","Vàng nhẫn SJC 9999",36400000,39400000,3000000,3640000,3940000,1328.3,36900000,39900000,"23:30"
"06/06/2019","2019-06-06","Thứ Năm","Vàng nhẫn SJC 9999",36700000,39700000,3000000,3670000,3970000,1337.6,37200000,40200000,"23:30"
"07/06/2019","2019-06-07","Thứ Sáu","Vàng nhẫn SJC 9999",36800000,39800000,3000000,3680000,3980000,1341.2,37300000,40300000,"23:30"
"10/06/2019","2019-06-10","Thứ Hai","Vàng nhẫn SJC 9999",36300000,39300000,3000000,3630000,3930000,1324.7,36800000,39800000,"23:30"
"11/06/2019","2019-06-11","Thứ Ba","Vàng nhẫn SJC 9999",36300000,39300000,3000000,3630000,3930000,1326.4,36800000,39800000,"23:30"
"12/06/2019","2019-06-12","Thứ Tư","Vàng nhẫn SJC 9999",36500000,39500000,3000000,3650000,3950000,1331.9,37000000,40000000,"23:30"
"13/06/2019","2019-06-13","Thứ Năm","Vàng nhẫn SJC 9999",36700000,39700000,3000000,3670000,3970000,1339.2,37200000,40200000,"23:30"
"14/06/2019","2019-06-14","Thứ Sáu","Vàng nhẫn SJC 9999",36700000,39700000,3000000,3670000,3970000,1340.1,37200000,40200000,"23:30"
"17/06/2019","2019-06-17","Thứ Hai","Vàng nhẫn SJC 9999",36700000,39700000,3000000,3670000,3970000,1338.7,37200000,40200000,"23:30"
"18/06/2019","2019-06-18","Thứ Ba","Vàng nhẫn SJC 9999",36900000,39900000,3000000,3690000,3990000,1346.6,37400000,40400000,"23:30"
"19/06/2019","2019-06-19","Thứ Tư","Vàng nhẫn SJC 9999",36900000,39900000,3000000,3690000,3990000,1344.6,37400000,40400000,"23:30"
"20/06/2019","2019-06-20","Thứ Năm","Vàng nhẫn SJC 9999",38300000,41300000,3000000,3830000,4130000,1392.9,38800000,41800000,"23:30"
"21/06/2019","2019-06-21","Thứ Sáu","Vàng nhẫn SJC 9999",38400000,41400000,3000000,3840000,4140000,1396.2,38900000,41900000,"23:30"
"24/06/2019","2019-06-24","Thứ Hai","Vàng nhẫn SJC 9999",38900000,41900000,3000000,3890000,4190000,1414.3,39400000,42400000,"23:30"
"25/06/2019","2019-06-25","Thứ Ba","Vàng nhẫn SJC 9999",39000000,42000000,3000000,3900000,4200000,1414.9,39500000,42500000,"23:30"
"26/06/2019","2019-06-26","Thứ Tư","Vàng nhẫn SJC 9999",38900000,41900000,3000000,3890000,4190000,1411.6,39400000,42400000,"23:30"
"27/06/2019","2019-06-27","Thứ Năm","Vàng nhẫn SJC 9999",38800000,41800000,3000000,3880000,4180000,1408.4,39300000,42300000,"23:30"
"28/06/2019","2019-06-28","Thứ Sáu","Vàng nhẫn SJC 9999",38800000,41800000,3000000,3880000,4180000,1409.7,39300000,42300000,"23:30"
"01/07/2019","2019-07-01","Thứ Hai","Vàng nhẫn SJC 9999",38100000,41100000,3000000,3810000,4110000,1385.6,38600000,41600000,"23:30"
"02/07/2019","2019-07-02","Thứ Ba","Vàng nhẫn SJC 9999",38600000,41600000,3000000,3860000,4160000,1404.6,39100000,42100000,"23:30"
"03/07/2019","2019-07-03","Thứ Tư","Vàng nhẫn SJC 9999",39000000,42000000,3000000,3900000,4200000,1417.7,39500000,42500000,"23:30"
"05/07/2019","2019-07-05","Thứ Sáu","Vàng nhẫn SJC 9999",38400000,41400000,3000000,3840000,4140000,1396.7,38900000,41900000,"23:30"
"08/07/2019","2019-07-08","Thứ Hai","Vàng nhẫn SJC 9999",38400000,41400000,3000000,3840000,4140000,1397,38900000,41900000,"23:30"
"09/07/2019","2019-07-09","Thứ Ba","Vàng nhẫn SJC 9999",38400000,41400000,3000000,3840000,4140000,1397.5,38900000,41900000,"23:30"
"10/07/2019","2019-07-10","Thứ Tư","Vàng nhẫn SJC 9999",38800000,41800000,3000000,3880000,4180000,1410.1,39300000,42300000,"23:30"
"11/07/2019","2019-07-11","Thứ Năm","Vàng nhẫn SJC 9999",38600000,41600000,3000000,3860000,4160000,1404.3,39100000,42100000,"23:30"
"12/07/2019","2019-07-12","Thứ Sáu","Vàng nhẫn SJC 9999",38800000,41800000,3000000,3880000,4180000,1409.9,39300000,42300000,"23:30"
"15/07/2019","2019-07-15","Thứ Hai","Vàng nhẫn SJC 9999",38800000,41800000,3000000,3880000,4180000,1411.4,39300000,42300000,"23:30"
"16/07/2019","2019-07-16","Thứ Ba","Vàng nhẫn SJC 9999",38800000,41800000,3000000,3880000,4180000,1409.2,39300000,42300000,"23:30"
"17/07/2019","2019-07-17","Thứ Tư","Vàng nhẫn SJC 9999",39100000,42100000,3000000,3910000,4210000,1421.3,39600000,42600000,"23:30"
"18/07/2019","2019-07-18","Thứ Năm","Vàng nhẫn SJC 9999",39300000,42300000,3000000,3930000,4230000,1426.1,39800000,42800000,"23:30"
"19/07/2019","2019-07-19","Thứ Sáu","Vàng nhẫn SJC 9999",39300000,42300000,3000000,3930000,4230000,1425.1,39800000,42800000,"23:30"
"22/07/2019","2019-07-22","Thứ Hai","Vàng nhẫn SJC 9999",39300000,42300000,3000000,3930000,4230000,1425.3,39800000,42800000,"23:30"
"23/07/2019","2019-07-23","Thứ Ba","Vàng nhẫn SJC 9999",39100000,42100000,3000000,3910000,4210000,1420.1,39600000,42600000,"23:30"
"24/07/2019","2019-07-24","Thứ Tư","Vàng nhẫn SJC 9999",39200000,42200000,3000000,3920000,4220000,1422.8,39700000,42700000,"23:30"
"25/07/2019","2019-07-25","Thứ Năm","Vàng nhẫn SJC 9999",38900000,41900000,3000000,3890000,4190000,1413.9,39400000,42400000,"23:30"
"26/07/2019","2019-07-26","Thứ Sáu","Vàng nhẫn SJC 9999",39100000,42100000,3000000,3910000,4210000,1418.5,39600000,42600000,"23:30"
"29/07/2019","2019-07-29","Thứ Hai","Vàng nhẫn SJC 9999",39100000,42100000,3000000,3910000,4210000,1419.6,39600000,42600000,"23:30"
"30/07/2019","2019-07-30","Thứ Ba","Vàng nhẫn SJC 9999",39400000,42400000,3000000,3940000,4240000,1429.7,39900000,42900000,"23:30"
"31/07/2019","2019-07-31","Thứ Tư","Vàng nhẫn SJC 9999",39300000,42300000,3000000,3930000,4230000,1426.1,39800000,42800000,"23:30"
"01/08/2019","2019-08-01","Thứ Năm","Vàng nhẫn SJC 9999",39100000,42100000,3000000,3910000,4210000,1420.9,39600000,42600000,"23:30"
"02/08/2019","2019-08-02","Thứ Sáu","Vàng nhẫn SJC 9999",39900000,42900000,3000000,3990000,4290000,1445.6,40400000,43400000,"23:30"
"05/08/2019","2019-08-05","Thứ Hai","Vàng nhẫn SJC 9999",40400000,43400000,3000000,4040000,4340000,1464.6,40900000,43900000,"23:30"
"06/08/2019","2019-08-06","Thứ Ba","Vàng nhẫn SJC 9999",40700000,43700000,3000000,4070000,4370000,1472.4,41200000,44200000,"23:30"
"07/08/2019","2019-08-07","Thứ Tư","Vàng nhẫn SJC 9999",41700000,44700000,3000000,4170000,4470000,1507.3,42200000,45200000,"23:30"
"08/08/2019","2019-08-08","Thứ Năm","Vàng nhẫn SJC 9999",41400000,44400000,3000000,4140000,4440000,1497.7,41900000,44900000,"23:30"
"09/08/2019","2019-08-09","Thứ Sáu","Vàng nhẫn SJC 9999",41400000,44400000,3000000,4140000,4440000,1496.6,41900000,44900000,"23:30"
"12/08/2019","2019-08-12","Thứ Hai","Vàng nhẫn SJC 9999",41600000,44600000,3000000,4160000,4460000,1505.3,42100000,45100000,"23:30"
"13/08/2019","2019-08-13","Thứ Ba","Vàng nhẫn SJC 9999",41500000,44500000,3000000,4150000,4450000,1502.2,42000000,45000000,"23:30"
"14/08/2019","2019-08-14","Thứ Tư","Vàng nhẫn SJC 9999",41900000,44900000,3000000,4190000,4490000,1515.9,42400000,45400000,"23:30"
"15/08/2019","2019-08-15","Thứ Năm","Vàng nhẫn SJC 9999",42100000,45100000,3000000,4210000,4510000,1519.6,42600000,45600000,"23:30"
"16/08/2019","2019-08-16","Thứ Sáu","Vàng nhẫn SJC 9999",41800000,44800000,3000000,4180000,4480000,1512.5,42300000,45300000,"23:30"
"19/08/2019","2019-08-19","Thứ Hai","Vàng nhẫn SJC 9999",41500000,44500000,3000000,4150000,4450000,1500.4,42000000,45000000,"23:30"
"20/08/2019","2019-08-20","Thứ Ba","Vàng nhẫn SJC 9999",41600000,44600000,3000000,4160000,4460000,1504.6,42100000,45100000,"23:30"
"21/08/2019","2019-08-21","Thứ Tư","Vàng nhẫn SJC 9999",41600000,44600000,3000000,4160000,4460000,1504.6,42100000,45100000,"23:30"
"22/08/2019","2019-08-22","Thứ Năm","Vàng nhẫn SJC 9999",41400000,44400000,3000000,4140000,4440000,1497.3,41900000,44900000,"23:30"
"23/08/2019","2019-08-23","Thứ Sáu","Vàng nhẫn SJC 9999",42300000,45300000,3000000,4230000,4530000,1526.6,42800000,45800000,"23:30"
"26/08/2019","2019-08-26","Thứ Hai","Vàng nhẫn SJC 9999",42300000,45300000,3000000,4230000,4530000,1526.3,42800000,45800000,"23:30"
"27/08/2019","2019-08-27","Thứ Ba","Vàng nhẫn SJC 9999",42700000,45700000,3000000,4270000,4570000,1541,43200000,46200000,"23:30"
"28/08/2019","2019-08-28","Thứ Tư","Vàng nhẫn SJC 9999",42600000,45600000,3000000,4260000,4560000,1537.8,43100000,46100000,"23:30"
"29/08/2019","2019-08-29","Thứ Năm","Vàng nhẫn SJC 9999",42300000,45300000,3000000,4230000,4530000,1526.5,42800000,45800000,"23:30"
"30/08/2019","2019-08-30","Thứ Sáu","Vàng nhẫn SJC 9999",42000000,45000000,3000000,4200000,4500000,1519.1,42500000,45500000,"23:30"
"03/09/2019","2019-09-03","Thứ Ba","Vàng nhẫn SJC 9999",42800000,45800000,3000000,4280000,4580000,1545.9,43300000,46300000,"23:30"
"04/09/2019","2019-09-04","Thứ Tư","Vàng nhẫn SJC 9999",43000000,46000000,3000000,4300000,4600000,1550.3,43500000,46500000,"23:30"
"05/09/2019","2019-09-05","Thứ Năm","Vàng nhẫn SJC 9999",41900000,44900000,3000000,4190000,4490000,1515.4,42400000,45400000,"23:30"
"06/09/2019","2019-09-06","Thứ Sáu","Vàng nhẫn SJC 9999",41700000,44700000,3000000,4170000,4470000,1506.2,42200000,45200000,"23:30"
"09/09/2019","2019-09-09","Thứ Hai","Vàng nhẫn SJC 9999",41500000,44500000,3000000,4150000,4450000,1502.2,42000000,45000000,"23:30"
"10/09/2019","2019-09-10","Thứ Ba","Vàng nhẫn SJC 9999",41200000,44200000,3000000,4120000,4420000,1490.3,41700000,44700000,"23:30"
"11/09/2019","2019-09-11","Thứ Tư","Vàng nhẫn SJC 9999",41300000,44300000,3000000,4130000,4430000,1494.4,41800000,44800000,"23:30"
"12/09/2019","2019-09-12","Thứ Năm","Vàng nhẫn SJC 9999",41400000,44400000,3000000,4140000,4440000,1498.7,41900000,44900000,"23:30"
"13/09/2019","2019-09-13","Thứ Sáu","Vàng nhẫn SJC 9999",41200000,44200000,3000000,4120000,4420000,1490.9,41700000,44700000,"23:30"
"16/09/2019","2019-09-16","Thứ Hai","Vàng nhẫn SJC 9999",41600000,44600000,3000000,4160000,4460000,1503.1,42100000,45100000,"23:30"
"17/09/2019","2019-09-17","Thứ Ba","Vàng nhẫn SJC 9999",41600000,44600000,3000000,4160000,4460000,1505.1,42100000,45100000,"23:30"
"18/09/2019","2019-09-18","Thứ Tư","Vàng nhẫn SJC 9999",41700000,44700000,3000000,4170000,4470000,1507.5,42200000,45200000,"23:30"
"19/09/2019","2019-09-19","Thứ Năm","Vàng nhẫn SJC 9999",41400000,44400000,3000000,4140000,4440000,1498.4,41900000,44900000,"23:30"
"20/09/2019","2019-09-20","Thứ Sáu","Vàng nhẫn SJC 9999",41700000,44700000,3000000,4170000,4470000,1507.3,42200000,45200000,"23:30"
"23/09/2019","2019-09-23","Thứ Hai","Vàng nhẫn SJC 9999",42200000,45200000,3000000,4220000,4520000,1523.7,42700000,45700000,"23:30"
"24/09/2019","2019-09-24","Thứ Ba","Vàng nhẫn SJC 9999",42400000,45400000,3000000,4240000,4540000,1532.1,42900000,45900000,"23:30"
"25/09/2019","2019-09-25","Thứ Tư","Vàng nhẫn SJC 9999",41600000,44600000,3000000,4160000,4460000,1504.6,42100000,45100000,"23:30"
"26/09/2019","2019-09-26","Thứ Năm","Vàng nhẫn SJC 9999",41700000,44700000,3000000,4170000,4470000,1507.5,42200000,45200000,"23:30"
"27/09/2019","2019-09-27","Thứ Sáu","Vàng nhẫn SJC 9999",41400000,44400000,3000000,4140000,4440000,1499.1,41900000,44900000,"23:30"
"30/09/2019","2019-09-30","Thứ Hai","Vàng nhẫn SJC 9999",40500000,43500000,3000000,4050000,4350000,1465.7,41000000,44000000,"23:30"
"01/10/2019","2019-10-01","Thứ Ba","Vàng nhẫn SJC 9999",40900000,43900000,3000000,4090000,4390000,1482,41400000,44400000,"23:30"
"02/10/2019","2019-10-02","Thứ Tư","Vàng nhẫn SJC 9999",41500000,44500000,3000000,4150000,4450000,1501,42000000,45000000,"23:30"
"03/10/2019","2019-10-03","Thứ Năm","Vàng nhẫn SJC 9999",41700000,44700000,3000000,4170000,4470000,1507.1,42200000,45200000,"23:30"
"04/10/2019","2019-10-04","Thứ Sáu","Vàng nhẫn SJC 9999",41700000,44700000,3000000,4170000,4470000,1506.2,42200000,45200000,"23:30"
"07/10/2019","2019-10-07","Thứ Hai","Vàng nhẫn SJC 9999",41400000,44400000,3000000,4140000,4440000,1497.7,41900000,44900000,"23:30"
"08/10/2019","2019-10-08","Thứ Ba","Vàng nhẫn SJC 9999",41400000,44400000,3000000,4140000,4440000,1497.2,41900000,44900000,"23:30"
"09/10/2019","2019-10-09","Thứ Tư","Vàng nhẫn SJC 9999",41700000,44700000,3000000,4170000,4470000,1506.1,42200000,45200000,"23:30"
"10/10/2019","2019-10-10","Thứ Năm","Vàng nhẫn SJC 9999",41300000,44300000,3000000,4130000,4430000,1494.8,41800000,44800000,"23:30"
"11/10/2019","2019-10-11","Thứ Sáu","Vàng nhẫn SJC 9999",41000000,44000000,3000000,4100000,4400000,1482.7,41500000,44500000,"23:30"
"14/10/2019","2019-10-14","Thứ Hai","Vàng nhẫn SJC 9999",41200000,44200000,3000000,4120000,4420000,1491.7,41700000,44700000,"23:30"
"15/10/2019","2019-10-15","Thứ Ba","Vàng nhẫn SJC 9999",40800000,43800000,3000000,4080000,4380000,1477.6,41300000,44300000,"23:30"
"16/10/2019","2019-10-16","Thứ Tư","Vàng nhẫn SJC 9999",41100000,44100000,3000000,4110000,4410000,1488,41600000,44600000,"23:30"
"17/10/2019","2019-10-17","Thứ Năm","Vàng nhẫn SJC 9999",41200000,44200000,3000000,4120000,4420000,1492.3,41700000,44700000,"23:30"
"18/10/2019","2019-10-18","Thứ Sáu","Vàng nhẫn SJC 9999",41100000,44100000,3000000,4110000,4410000,1488.2,41600000,44600000,"23:30"
"21/10/2019","2019-10-21","Thứ Hai","Vàng nhẫn SJC 9999",41000000,44000000,3000000,4100000,4400000,1482.4,41500000,44500000,"23:30"
"22/10/2019","2019-10-22","Thứ Ba","Vàng nhẫn SJC 9999",40900000,43900000,3000000,4090000,4390000,1481.7,41400000,44400000,"23:30"
"23/10/2019","2019-10-23","Thứ Tư","Vàng nhẫn SJC 9999",41200000,44200000,3000000,4120000,4420000,1489.9,41700000,44700000,"23:30"
"24/10/2019","2019-10-24","Thứ Năm","Vàng nhẫn SJC 9999",41400000,44400000,3000000,4140000,4440000,1498.9,41900000,44900000,"23:30"
"25/10/2019","2019-10-25","Thứ Sáu","Vàng nhẫn SJC 9999",41500000,44500000,3000000,4150000,4450000,1499.5,42000000,45000000,"23:30"
"28/10/2019","2019-10-28","Thứ Hai","Vàng nhẫn SJC 9999",41200000,44200000,3000000,4120000,4420000,1490,41700000,44700000,"23:30"
"29/10/2019","2019-10-29","Thứ Ba","Vàng nhẫn SJC 9999",41100000,44100000,3000000,4110000,4410000,1487,41600000,44600000,"23:30"
"30/10/2019","2019-10-30","Thứ Tư","Vàng nhẫn SJC 9999",41300000,44300000,3000000,4130000,4430000,1493.2,41800000,44800000,"23:30"
"31/10/2019","2019-10-31","Thứ Năm","Vàng nhẫn SJC 9999",41800000,44800000,3000000,4180000,4480000,1511.4,42300000,45300000,"23:30"
"01/11/2019","2019-11-01","Thứ Sáu","Vàng nhẫn SJC 9999",41700000,44700000,3000000,4170000,4470000,1508,42200000,45200000,"23:30"
"04/11/2019","2019-11-04","Thứ Hai","Vàng nhẫn SJC 9999",41700000,44700000,3000000,4170000,4470000,1508,42200000,45200000,"23:30"
"05/11/2019","2019-11-05","Thứ Ba","Vàng nhẫn SJC 9999",40900000,43900000,3000000,4090000,4390000,1480.8,41400000,44400000,"23:30"
"06/11/2019","2019-11-06","Thứ Tư","Vàng nhẫn SJC 9999",41200000,44200000,3000000,4120000,4420000,1490.2,41700000,44700000,"23:30"
"07/11/2019","2019-11-07","Thứ Năm","Vàng nhẫn SJC 9999",40400000,43400000,3000000,4040000,4340000,1464.2,40900000,43900000,"23:30"
"08/11/2019","2019-11-08","Thứ Sáu","Vàng nhẫn SJC 9999",40300000,43300000,3000000,4030000,4330000,1461.3,40800000,43800000,"23:30"
"11/11/2019","2019-11-11","Thứ Hai","Vàng nhẫn SJC 9999",40200000,43200000,3000000,4020000,4320000,1455.5,40700000,43700000,"23:30"
"12/11/2019","2019-11-12","Thứ Ba","Vàng nhẫn SJC 9999",40100000,43100000,3000000,4010000,4310000,1452.1,40600000,43600000,"23:30"
"13/11/2019","2019-11-13","Thứ Tư","Vàng nhẫn SJC 9999",40300000,43300000,3000000,4030000,4330000,1461.7,40800000,43800000,"23:30"
"14/11/2019","2019-11-14","Thứ Năm","Vàng nhẫn SJC 9999",40600000,43600000,3000000,4060000,4360000,1471.8,41100000,44100000,"23:30"
"15/11/2019","2019-11-15","Thứ Sáu","Vàng nhẫn SJC 9999",40500000,43500000,3000000,4050000,4350000,1467.3,41000000,44000000,"23:30"
"18/11/2019","2019-11-18","Thứ Hai","Vàng nhẫn SJC 9999",40600000,43600000,3000000,4060000,4360000,1470.9,41100000,44100000,"23:30"
"19/11/2019","2019-11-19","Thứ Ba","Vàng nhẫn SJC 9999",40700000,43700000,3000000,4070000,4370000,1473.3,41200000,44200000,"23:30"
"20/11/2019","2019-11-20","Thứ Tư","Vàng nhẫn SJC 9999",40700000,43700000,3000000,4070000,4370000,1473.3,41200000,44200000,"23:30"
"21/11/2019","2019-11-21","Thứ Năm","Vàng nhẫn SJC 9999",40400000,43400000,3000000,4040000,4340000,1463.1,40900000,43900000,"23:30"
"22/11/2019","2019-11-22","Thứ Sáu","Vàng nhẫn SJC 9999",40400000,43400000,3000000,4040000,4340000,1463.1,40900000,43900000,"23:30"
"25/11/2019","2019-11-25","Thứ Hai","Vàng nhẫn SJC 9999",40200000,43200000,3000000,4020000,4320000,1456.6,40700000,43700000,"23:30"
"26/11/2019","2019-11-26","Thứ Ba","Vàng nhẫn SJC 9999",40300000,43300000,3000000,4030000,4330000,1459.8,40800000,43800000,"23:30"
"27/11/2019","2019-11-27","Thứ Tư","Vàng nhẫn SJC 9999",40100000,43100000,3000000,4010000,4310000,1453.4,40600000,43600000,"23:30"
"29/11/2019","2019-11-29","Thứ Sáu","Vàng nhẫn SJC 9999",40500000,43500000,3000000,4050000,4350000,1465.6,41000000,44000000,"23:30"
"02/12/2019","2019-12-02","Thứ Hai","Vàng nhẫn SJC 9999",40400000,43400000,3000000,4040000,4340000,1462.3,40900000,43900000,"23:30"
"03/12/2019","2019-12-03","Thứ Ba","Vàng nhẫn SJC 9999",40800000,43800000,3000000,4080000,4380000,1478.2,41300000,44300000,"23:30"
"04/12/2019","2019-12-04","Thứ Tư","Vàng nhẫn SJC 9999",40700000,43700000,3000000,4070000,4370000,1474,41200000,44200000,"23:30"
"05/12/2019","2019-12-05","Thứ Năm","Vàng nhẫn SJC 9999",40800000,43800000,3000000,4080000,4380000,1476.9,41300000,44300000,"23:30"
"06/12/2019","2019-12-06","Thứ Sáu","Vàng nhẫn SJC 9999",40300000,43300000,3000000,4030000,4330000,1459.1,40800000,43800000,"23:30"
"09/12/2019","2019-12-09","Thứ Hai","Vàng nhẫn SJC 9999",40300000,43300000,3000000,4030000,4330000,1459.3,40800000,43800000,"23:30"
"10/12/2019","2019-12-10","Thứ Ba","Vàng nhẫn SJC 9999",40400000,43400000,3000000,4040000,4340000,1462.6,40900000,43900000,"23:30"
"11/12/2019","2019-12-11","Thứ Tư","Vàng nhẫn SJC 9999",40600000,43600000,3000000,4060000,4360000,1469.4,41100000,44100000,"23:30"
"12/12/2019","2019-12-12","Thứ Năm","Vàng nhẫn SJC 9999",40500000,43500000,3000000,4050000,4350000,1466.7,41000000,44000000,"23:30"
"13/12/2019","2019-12-13","Thứ Sáu","Vàng nhẫn SJC 9999",40800000,43800000,3000000,4080000,4380000,1475.6,41300000,44300000,"23:30"
"16/12/2019","2019-12-16","Thứ Hai","Vàng nhẫn SJC 9999",40700000,43700000,3000000,4070000,4370000,1475,41200000,44200000,"23:30"
"17/12/2019","2019-12-17","Thứ Ba","Vàng nhẫn SJC 9999",40700000,43700000,3000000,4070000,4370000,1474.6,41200000,44200000,"23:30"
"18/12/2019","2019-12-18","Thứ Tư","Vàng nhẫn SJC 9999",40700000,43700000,3000000,4070000,4370000,1472.6,41200000,44200000,"23:30"
"19/12/2019","2019-12-19","Thứ Năm","Vàng nhẫn SJC 9999",40800000,43800000,3000000,4080000,4380000,1478.2,41300000,44300000,"23:30"
"20/12/2019","2019-12-20","Thứ Sáu","Vàng nhẫn SJC 9999",40700000,43700000,3000000,4070000,4370000,1474.7,41200000,44200000,"23:30"
"23/12/2019","2019-12-23","Thứ Hai","Vàng nhẫn SJC 9999",41000000,44000000,3000000,4100000,4400000,1482.5,41500000,44500000,"23:30"
"24/12/2019","2019-12-24","Thứ Ba","Vàng nhẫn SJC 9999",41400000,44400000,3000000,4140000,4440000,1499.1,41900000,44900000,"23:30"
"26/12/2019","2019-12-26","Thứ Năm","Vàng nhẫn SJC 9999",41700000,44700000,3000000,4170000,4470000,1509.3,42200000,45200000,"23:30"
"27/12/2019","2019-12-27","Thứ Sáu","Vàng nhẫn SJC 9999",41900000,44900000,3000000,4190000,4490000,1513.8,42400000,45400000,"23:30"
"30/12/2019","2019-12-30","Thứ Hai","Vàng nhẫn SJC 9999",41900000,44900000,3000000,4190000,4490000,1514.5,42400000,45400000,"23:30"
"31/12/2019","2019-12-31","Thứ Ba","Vàng nhẫn SJC 9999",42100000,45100000,3000000,4210000,4510000,1519.5,42600000,45600000,"23:30"
"02/01/2020","2020-01-02","Thứ Năm","Vàng nhẫn SJC 9999",43200000,46200000,3000000,4320000,4620000,1524.5,43700000,46700000,"23:30"
"03/01/2020","2020-01-03","Thứ Sáu","Vàng nhẫn SJC 9999",43900000,46900000,3000000,4390000,4690000,1549.2,44400000,47400000,"23:30"
"06/01/2020","2020-01-06","Thứ Hai","Vàng nhẫn SJC 9999",44400000,47400000,3000000,4440000,4740000,1566.2,44900000,47900000,"23:30"
"07/01/2020","2020-01-07","Thứ Ba","Vàng nhẫn SJC 9999",44600000,47600000,3000000,4460000,4760000,1571.8,45100000,48100000,"23:30"
"08/01/2020","2020-01-08","Thứ Tư","Vàng nhẫn SJC 9999",44100000,47100000,3000000,4410000,4710000,1557.4,44600000,47600000,"23:30"
"09/01/2020","2020-01-09","Thứ Năm","Vàng nhẫn SJC 9999",44000000,47000000,3000000,4400000,4700000,1551.7,44500000,47500000,"23:30"
"10/01/2020","2020-01-10","Thứ Sáu","Vàng nhẫn SJC 9999",44200000,47200000,3000000,4420000,4720000,1557.5,44700000,47700000,"23:30"
"13/01/2020","2020-01-13","Thứ Hai","Vàng nhẫn SJC 9999",43900000,46900000,3000000,4390000,4690000,1548.4,44400000,47400000,"23:30"
"14/01/2020","2020-01-14","Thứ Ba","Vàng nhẫn SJC 9999",43700000,46700000,3000000,4370000,4670000,1542.4,44200000,47200000,"23:30"
"15/01/2020","2020-01-15","Thứ Tư","Vàng nhẫn SJC 9999",44000000,47000000,3000000,4400000,4700000,1552.1,44500000,47500000,"23:30"
"16/01/2020","2020-01-16","Thứ Năm","Vàng nhẫn SJC 9999",43900000,46900000,3000000,4390000,4690000,1549,44400000,47400000,"23:30"
"17/01/2020","2020-01-17","Thứ Sáu","Vàng nhẫn SJC 9999",44200000,47200000,3000000,4420000,4720000,1558.8,44700000,47700000,"23:30"
"21/01/2020","2020-01-21","Thứ Ba","Vàng nhẫn SJC 9999",44100000,47100000,3000000,4410000,4710000,1556.4,44600000,47600000,"23:30"
"22/01/2020","2020-01-22","Thứ Tư","Vàng nhẫn SJC 9999",44100000,47100000,3000000,4410000,4710000,1555.3,44600000,47600000,"23:30"
"23/01/2020","2020-01-23","Thứ Năm","Vàng nhẫn SJC 9999",44400000,47400000,3000000,4440000,4740000,1564.6,44900000,47900000,"23:30"
"24/01/2020","2020-01-24","Thứ Sáu","Vàng nhẫn SJC 9999",44600000,47600000,3000000,4460000,4760000,1571.1,45100000,48100000,"23:30"
"27/01/2020","2020-01-27","Thứ Hai","Vàng nhẫn SJC 9999",44700000,47700000,3000000,4470000,4770000,1576.8,45200000,48200000,"23:30"
"28/01/2020","2020-01-28","Thứ Ba","Vàng nhẫn SJC 9999",44500000,47500000,3000000,4450000,4750000,1569.2,45000000,48000000,"23:30"
"29/01/2020","2020-01-29","Thứ Tư","Vàng nhẫn SJC 9999",44500000,47500000,3000000,4450000,4750000,1569.8,45000000,48000000,"23:30"
"30/01/2020","2020-01-30","Thứ Năm","Vàng nhẫn SJC 9999",44900000,47900000,3000000,4490000,4790000,1583.5,45400000,48400000,"23:30"
"31/01/2020","2020-01-31","Thứ Sáu","Vàng nhẫn SJC 9999",44900000,47900000,3000000,4490000,4790000,1582.9,45400000,48400000,"23:30"
"03/02/2020","2020-02-03","Thứ Hai","Vàng nhẫn SJC 9999",44700000,47700000,3000000,4470000,4770000,1577.2,45200000,48200000,"23:30"
"04/02/2020","2020-02-04","Thứ Ba","Vàng nhẫn SJC 9999",43900000,46900000,3000000,4390000,4690000,1550.4,44400000,47400000,"23:30"
"05/02/2020","2020-02-05","Thứ Tư","Vàng nhẫn SJC 9999",44200000,47200000,3000000,4420000,4720000,1557.8,44700000,47700000,"23:30"
"06/02/2020","2020-02-06","Thứ Năm","Vàng nhẫn SJC 9999",44400000,47400000,3000000,4440000,4740000,1565.1,44900000,47900000,"23:30"
"07/02/2020","2020-02-07","Thứ Sáu","Vàng nhẫn SJC 9999",44500000,47500000,3000000,4450000,4750000,1568.6,45000000,48000000,"23:30"
"10/02/2020","2020-02-10","Thứ Hai","Vàng nhẫn SJC 9999",44700000,47700000,3000000,4470000,4770000,1574.7,45200000,48200000,"23:30"
"11/02/2020","2020-02-11","Thứ Ba","Vàng nhẫn SJC 9999",44400000,47400000,3000000,4440000,4740000,1565.6,44900000,47900000,"23:30"
"12/02/2020","2020-02-12","Thứ Tư","Vàng nhẫn SJC 9999",44500000,47500000,3000000,4450000,4750000,1567.4,45000000,48000000,"23:30"
"13/02/2020","2020-02-13","Thứ Năm","Vàng nhẫn SJC 9999",44700000,47700000,3000000,4470000,4770000,1575.1,45200000,48200000,"23:30"
"14/02/2020","2020-02-14","Thứ Sáu","Vàng nhẫn SJC 9999",44900000,47900000,3000000,4490000,4790000,1582.7,45400000,48400000,"23:30"
"18/02/2020","2020-02-18","Thứ Ba","Vàng nhẫn SJC 9999",45400000,48400000,3000000,4540000,4840000,1600,45900000,48900000,"23:30"
"19/02/2020","2020-02-19","Thứ Tư","Vàng nhẫn SJC 9999",45700000,48700000,3000000,4570000,4870000,1607.5,46200000,49200000,"23:30"
"20/02/2020","2020-02-20","Thứ Năm","Vàng nhẫn SJC 9999",45900000,48900000,3000000,4590000,4890000,1616.6,46400000,49400000,"23:30"
"21/02/2020","2020-02-21","Thứ Sáu","Vàng nhẫn SJC 9999",46800000,49800000,3000000,4680000,4980000,1644.6,47300000,50300000,"23:30"
"24/02/2020","2020-02-24","Thứ Hai","Vàng nhẫn SJC 9999",47600000,50600000,3000000,4760000,5060000,1672.4,48100000,51100000,"23:30"
"25/02/2020","2020-02-25","Thứ Ba","Vàng nhẫn SJC 9999",46900000,49900000,3000000,4690000,4990000,1646.9,47400000,50400000,"23:30"
"26/02/2020","2020-02-26","Thứ Tư","Vàng nhẫn SJC 9999",46600000,49600000,3000000,4660000,4960000,1640,47100000,50100000,"23:30"
"27/02/2020","2020-02-27","Thứ Năm","Vàng nhẫn SJC 9999",46600000,49600000,3000000,4660000,4960000,1640,47100000,50100000,"23:30"
"28/02/2020","2020-02-28","Thứ Sáu","Vàng nhẫn SJC 9999",44400000,47400000,3000000,4440000,4740000,1564.1,44900000,47900000,"23:30"
"02/03/2020","2020-03-02","Thứ Hai","Vàng nhẫn SJC 9999",45200000,48200000,3000000,4520000,4820000,1592.3,45700000,48700000,"23:30"
"03/03/2020","2020-03-03","Thứ Ba","Vàng nhẫn SJC 9999",46700000,49700000,3000000,4670000,4970000,1642.1,47200000,50200000,"23:30"
"04/03/2020","2020-03-04","Thứ Tư","Vàng nhẫn SJC 9999",46700000,49700000,3000000,4670000,4970000,1641.1,47200000,50200000,"23:30"
"05/03/2020","2020-03-05","Thứ Năm","Vàng nhẫn SJC 9999",47400000,50400000,3000000,4740000,5040000,1666.4,47900000,50900000,"23:30"
"06/03/2020","2020-03-06","Thứ Sáu","Vàng nhẫn SJC 9999",47600000,50600000,3000000,4760000,5060000,1670.8,48100000,51100000,"23:30"
"09/03/2020","2020-03-09","Thứ Hai","Vàng nhẫn SJC 9999",47700000,50700000,3000000,4770000,5070000,1674.5,48200000,51200000,"23:30"
"10/03/2020","2020-03-10","Thứ Ba","Vàng nhẫn SJC 9999",47200000,50200000,3000000,4720000,5020000,1659.1,47700000,50700000,"23:30"
"11/03/2020","2020-03-11","Thứ Tư","Vàng nhẫn SJC 9999",46700000,49700000,3000000,4670000,4970000,1641.4,47200000,50200000,"23:30"
"12/03/2020","2020-03-12","Thứ Năm","Vàng nhẫn SJC 9999",45100000,48100000,3000000,4510000,4810000,1589.3,45600000,48600000,"23:30"
"13/03/2020","2020-03-13","Thứ Sáu","Vàng nhẫn SJC 9999",42900000,45900000,3000000,4290000,4590000,1515.7,43400000,46400000,"23:30"
"16/03/2020","2020-03-16","Thứ Hai","Vàng nhẫn SJC 9999",42000000,45000000,3000000,4200000,4500000,1485.9,42500000,45500000,"23:30"
"17/03/2020","2020-03-17","Thứ Ba","Vàng nhẫn SJC 9999",43200000,46200000,3000000,4320000,4620000,1524.9,43700000,46700000,"23:30"
"18/03/2020","2020-03-18","Thứ Tư","Vàng nhẫn SJC 9999",41700000,44700000,3000000,4170000,4470000,1477.3,42200000,45200000,"23:30"
"19/03/2020","2020-03-19","Thứ Năm","Vàng nhẫn SJC 9999",41800000,44800000,3000000,4180000,4480000,1478.6,42300000,45300000,"23:30"
"20/03/2020","2020-03-20","Thứ Sáu","Vàng nhẫn SJC 9999",41900000,44900000,3000000,4190000,4490000,1484,42400000,45400000,"23:30"
"23/03/2020","2020-03-23","Thứ Hai","Vàng nhẫn SJC 9999",44400000,47400000,3000000,4440000,4740000,1567,44900000,47900000,"23:30"
"24/03/2020","2020-03-24","Thứ Ba","Vàng nhẫn SJC 9999",47300000,50300000,3000000,4730000,5030000,1660.2,47800000,50800000,"23:30"
"25/03/2020","2020-03-25","Thứ Tư","Vàng nhẫn SJC 9999",46400000,49400000,3000000,4640000,4940000,1632.3,46900000,49900000,"23:30"
"26/03/2020","2020-03-26","Thứ Năm","Vàng nhẫn SJC 9999",47000000,50000000,3000000,4700000,5000000,1650.1,47500000,50500000,"23:30"
"27/03/2020","2020-03-27","Thứ Sáu","Vàng nhẫn SJC 9999",46200000,49200000,3000000,4620000,4920000,1623.9,46700000,49700000,"23:30"
"30/03/2020","2020-03-30","Thứ Hai","Vàng nhẫn SJC 9999",46100000,49100000,3000000,4610000,4910000,1622,46600000,49600000,"23:30"
"31/03/2020","2020-03-31","Thứ Ba","Vàng nhẫn SJC 9999",44900000,47900000,3000000,4490000,4790000,1583.4,45400000,48400000,"23:30"
"01/04/2020","2020-04-01","Thứ Tư","Vàng nhẫn SJC 9999",44800000,47800000,3000000,4480000,4780000,1578.2,45300000,48300000,"23:30"
"02/04/2020","2020-04-02","Thứ Năm","Vàng nhẫn SJC 9999",46200000,49200000,3000000,4620000,4920000,1625.7,46700000,49700000,"23:30"
"03/04/2020","2020-04-03","Thứ Sáu","Vàng nhẫn SJC 9999",46500000,49500000,3000000,4650000,4950000,1633.7,47000000,50000000,"23:30"
"06/04/2020","2020-04-06","Thứ Hai","Vàng nhẫn SJC 9999",47800000,50800000,3000000,4780000,5080000,1677,48300000,51300000,"23:30"
"07/04/2020","2020-04-07","Thứ Ba","Vàng nhẫn SJC 9999",47400000,50400000,3000000,4740000,5040000,1664.8,47900000,50900000,"23:30"
"08/04/2020","2020-04-08","Thứ Tư","Vàng nhẫn SJC 9999",47400000,50400000,3000000,4740000,5040000,1665.4,47900000,50900000,"23:30"
"09/04/2020","2020-04-09","Thứ Năm","Vàng nhẫn SJC 9999",49600000,52600000,3000000,4960000,5260000,1736.2,50100000,53100000,"23:30"
"13/04/2020","2020-04-13","Thứ Hai","Vàng nhẫn SJC 9999",49800000,52800000,3000000,4980000,5280000,1744.8,50300000,53300000,"23:30"
"14/04/2020","2020-04-14","Thứ Ba","Vàng nhẫn SJC 9999",50200000,53200000,3000000,5020000,5320000,1756.7,50700000,53700000,"23:30"
"15/04/2020","2020-04-15","Thứ Tư","Vàng nhẫn SJC 9999",49300000,52300000,3000000,4930000,5230000,1727.2,49800000,52800000,"23:30"
"16/04/2020","2020-04-16","Thứ Năm","Vàng nhẫn SJC 9999",49100000,52100000,3000000,4910000,5210000,1720.4,49600000,52600000,"23:30"
"17/04/2020","2020-04-17","Thứ Sáu","Vàng nhẫn SJC 9999",48100000,51100000,3000000,4810000,5110000,1689.2,48600000,51600000,"23:30"
"20/04/2020","2020-04-20","Thứ Hai","Vàng nhẫn SJC 9999",48500000,51500000,3000000,4850000,5150000,1701.6,49000000,52000000,"23:30"
"21/04/2020","2020-04-21","Thứ Ba","Vàng nhẫn SJC 9999",47800000,50800000,3000000,4780000,5080000,1678.2,48300000,51300000,"23:30"
"22/04/2020","2020-04-22","Thứ Tư","Vàng nhẫn SJC 9999",49300000,52300000,3000000,4930000,5230000,1728.7,49800000,52800000,"23:30"
"23/04/2020","2020-04-23","Thứ Năm","Vàng nhẫn SJC 9999",49500000,52500000,3000000,4950000,5250000,1733.3,50000000,53000000,"23:30"
"24/04/2020","2020-04-24","Thứ Sáu","Vàng nhẫn SJC 9999",49200000,52200000,3000000,4920000,5220000,1723.5,49700000,52700000,"23:30"
"27/04/2020","2020-04-27","Thứ Hai","Vàng nhẫn SJC 9999",48800000,51800000,3000000,4880000,5180000,1711.9,49300000,52300000,"23:30"
"28/04/2020","2020-04-28","Thứ Ba","Vàng nhẫn SJC 9999",48800000,51800000,3000000,4880000,5180000,1710.5,49300000,52300000,"23:30"
"29/04/2020","2020-04-29","Thứ Tư","Vàng nhẫn SJC 9999",48600000,51600000,3000000,4860000,5160000,1703.4,49100000,52100000,"23:30"
"30/04/2020","2020-04-30","Thứ Năm","Vàng nhẫn SJC 9999",48000000,51000000,3000000,4800000,5100000,1684.2,48500000,51500000,"23:30"
"01/05/2020","2020-05-01","Thứ Sáu","Vàng nhẫn SJC 9999",48300000,51300000,3000000,4830000,5130000,1694.5,48800000,51800000,"23:30"
"04/05/2020","2020-05-04","Thứ Hai","Vàng nhẫn SJC 9999",48700000,51700000,3000000,4870000,5170000,1706.9,49200000,52200000,"23:30"
"05/05/2020","2020-05-05","Thứ Ba","Vàng nhẫn SJC 9999",48600000,51600000,3000000,4860000,5160000,1704.4,49100000,52100000,"23:30"
"06/05/2020","2020-05-06","Thứ Tư","Vàng nhẫn SJC 9999",48000000,51000000,3000000,4800000,5100000,1684.2,48500000,51500000,"23:30"
"07/05/2020","2020-05-07","Thứ Năm","Vàng nhẫn SJC 9999",49100000,52100000,3000000,4910000,5210000,1721.8,49600000,52600000,"23:30"
"08/05/2020","2020-05-08","Thứ Sáu","Vàng nhẫn SJC 9999",48800000,51800000,3000000,4880000,5180000,1709.9,49300000,52300000,"23:30"
"11/05/2020","2020-05-11","Thứ Hai","Vàng nhẫn SJC 9999",48300000,51300000,3000000,4830000,5130000,1695.3,48800000,51800000,"23:30"
"12/05/2020","2020-05-12","Thứ Ba","Vàng nhẫn SJC 9999",48600000,51600000,3000000,4860000,5160000,1704.4,49100000,52100000,"23:30"
"13/05/2020","2020-05-13","Thứ Tư","Vàng nhẫn SJC 9999",48900000,51900000,3000000,4890000,5190000,1713.9,49400000,52400000,"23:30"
"14/05/2020","2020-05-14","Thứ Năm","Vàng nhẫn SJC 9999",49600000,52600000,3000000,4960000,5260000,1738.1,50100000,53100000,"23:30"
"15/05/2020","2020-05-15","Thứ Sáu","Vàng nhẫn SJC 9999",50100000,53100000,3000000,5010000,5310000,1753.4,50600000,53600000,"23:30"
"18/05/2020","2020-05-18","Thứ Hai","Vàng nhẫn SJC 9999",49400000,52400000,3000000,4940000,5240000,1731.8,49900000,52900000,"23:30"
"19/05/2020","2020-05-19","Thứ Ba","Vàng nhẫn SJC 9999",49800000,52800000,3000000,4980000,5280000,1744.2,50300000,53300000,"23:30"
"20/05/2020","2020-05-20","Thứ Tư","Vàng nhẫn SJC 9999",50000000,53000000,3000000,5000000,5300000,1750.6,50500000,53500000,"23:30"
"21/05/2020","2020-05-21","Thứ Năm","Vàng nhẫn SJC 9999",49100000,52100000,3000000,4910000,5210000,1720.5,49600000,52600000,"23:30"
"22/05/2020","2020-05-22","Thứ Sáu","Vàng nhẫn SJC 9999",49500000,52500000,3000000,4950000,5250000,1734.6,50000000,53000000,"23:30"
"26/05/2020","2020-05-26","Thứ Ba","Vàng nhẫn SJC 9999",48600000,51600000,3000000,4860000,5160000,1704.8,49100000,52100000,"23:30"
"27/05/2020","2020-05-27","Thứ Tư","Vàng nhẫn SJC 9999",48800000,51800000,3000000,4880000,5180000,1710.3,49300000,52300000,"23:30"
"28/05/2020","2020-05-28","Thứ Năm","Vàng nhẫn SJC 9999",48900000,51900000,3000000,4890000,5190000,1713.3,49400000,52400000,"23:30"
"29/05/2020","2020-05-29","Thứ Sáu","Vàng nhẫn SJC 9999",49600000,52600000,3000000,4960000,5260000,1736.9,50100000,53100000,"23:30"
"01/06/2020","2020-06-01","Thứ Hai","Vàng nhẫn SJC 9999",49600000,52600000,3000000,4960000,5260000,1737.8,50100000,53100000,"23:30"
"02/06/2020","2020-06-02","Thứ Ba","Vàng nhẫn SJC 9999",49200000,52200000,3000000,4920000,5220000,1725.2,49700000,52700000,"23:30"
"03/06/2020","2020-06-03","Thứ Tư","Vàng nhẫn SJC 9999",48400000,51400000,3000000,4840000,5140000,1697.8,48900000,51900000,"23:30"
"04/06/2020","2020-06-04","Thứ Năm","Vàng nhẫn SJC 9999",49000000,52000000,3000000,4900000,5200000,1718.9,49500000,52500000,"23:30"
"05/06/2020","2020-06-05","Thứ Sáu","Vàng nhẫn SJC 9999",47700000,50700000,3000000,4770000,5070000,1676.2,48200000,51200000,"23:30"
"08/06/2020","2020-06-08","Thứ Hai","Vàng nhẫn SJC 9999",48400000,51400000,3000000,4840000,5140000,1698.3,48900000,51900000,"23:30"
"09/06/2020","2020-06-09","Thứ Ba","Vàng nhẫn SJC 9999",48900000,51900000,3000000,4890000,5190000,1714.7,49400000,52400000,"23:30"
"10/06/2020","2020-06-10","Thứ Tư","Vàng nhẫn SJC 9999",48900000,51900000,3000000,4890000,5190000,1713.3,49400000,52400000,"23:30"
"11/06/2020","2020-06-11","Thứ Năm","Vàng nhẫn SJC 9999",49400000,52400000,3000000,4940000,5240000,1732,49900000,52900000,"23:30"
"12/06/2020","2020-06-12","Thứ Sáu","Vàng nhẫn SJC 9999",49400000,52400000,3000000,4940000,5240000,1729.3,49900000,52900000,"23:30"
"15/06/2020","2020-06-15","Thứ Hai","Vàng nhẫn SJC 9999",49100000,52100000,3000000,4910000,5210000,1720.3,49600000,52600000,"23:30"
"16/06/2020","2020-06-16","Thứ Ba","Vàng nhẫn SJC 9999",49400000,52400000,3000000,4940000,5240000,1729.6,49900000,52900000,"23:30"
"17/06/2020","2020-06-17","Thứ Tư","Vàng nhẫn SJC 9999",49300000,52300000,3000000,4930000,5230000,1729.2,49800000,52800000,"23:30"
"18/06/2020","2020-06-18","Thứ Năm","Vàng nhẫn SJC 9999",49200000,52200000,3000000,4920000,5220000,1724.8,49700000,52700000,"23:30"
"19/06/2020","2020-06-19","Thứ Sáu","Vàng nhẫn SJC 9999",49900000,52900000,3000000,4990000,5290000,1745.9,50400000,53400000,"23:30"
"22/06/2020","2020-06-22","Thứ Hai","Vàng nhẫn SJC 9999",50200000,53200000,3000000,5020000,5320000,1756.7,50700000,53700000,"23:30"
"23/06/2020","2020-06-23","Thứ Ba","Vàng nhẫn SJC 9999",50600000,53600000,3000000,5060000,5360000,1772.1,51100000,54100000,"23:30"
"24/06/2020","2020-06-24","Thứ Tư","Vàng nhẫn SJC 9999",50500000,53500000,3000000,5050000,5350000,1765.8,51000000,54000000,"23:30"
"25/06/2020","2020-06-25","Thứ Năm","Vàng nhẫn SJC 9999",50300000,53300000,3000000,5030000,5330000,1762.1,50800000,53800000,"23:30"
"26/06/2020","2020-06-26","Thứ Sáu","Vàng nhẫn SJC 9999",50700000,53700000,3000000,5070000,5370000,1772.5,51200000,54200000,"23:30"
"29/06/2020","2020-06-29","Thứ Hai","Vàng nhẫn SJC 9999",50700000,53700000,3000000,5070000,5370000,1774.8,51200000,54200000,"23:30"
"30/06/2020","2020-06-30","Thứ Ba","Vàng nhẫn SJC 9999",51300000,54300000,3000000,5130000,5430000,1793,51800000,54800000,"23:30"
"01/07/2020","2020-07-01","Thứ Tư","Vàng nhẫn SJC 9999",50700000,53700000,3000000,5070000,5370000,1773.2,51200000,54200000,"23:30"
"02/07/2020","2020-07-02","Thứ Năm","Vàng nhẫn SJC 9999",51000000,54000000,3000000,5100000,5400000,1784,51500000,54500000,"23:30"
"06/07/2020","2020-07-06","Thứ Hai","Vàng nhẫn SJC 9999",51100000,54100000,3000000,5110000,5410000,1788.5,51600000,54600000,"23:30"
"07/07/2020","2020-07-07","Thứ Ba","Vàng nhẫn SJC 9999",51600000,54600000,3000000,5160000,5460000,1804.2,52100000,55100000,"23:30"
"08/07/2020","2020-07-08","Thứ Tư","Vàng nhẫn SJC 9999",52000000,55000000,3000000,5200000,5500000,1815.5,52500000,55500000,"23:30"
"09/07/2020","2020-07-09","Thứ Năm","Vàng nhẫn SJC 9999",51500000,54500000,3000000,5150000,5450000,1799.2,52000000,55000000,"23:30"
"10/07/2020","2020-07-10","Thứ Sáu","Vàng nhẫn SJC 9999",51400000,54400000,3000000,5140000,5440000,1798.2,51900000,54900000,"23:30"
"13/07/2020","2020-07-13","Thứ Hai","Vàng nhẫn SJC 9999",51800000,54800000,3000000,5180000,5480000,1811,52300000,55300000,"23:30"
"14/07/2020","2020-07-14","Thứ Ba","Vàng nhẫn SJC 9999",51800000,54800000,3000000,5180000,5480000,1810.6,52300000,55300000,"23:30"
"15/07/2020","2020-07-15","Thứ Tư","Vàng nhẫn SJC 9999",51800000,54800000,3000000,5180000,5480000,1811.4,52300000,55300000,"23:30"
"16/07/2020","2020-07-16","Thứ Năm","Vàng nhẫn SJC 9999",51500000,54500000,3000000,5150000,5450000,1798.7,52000000,55000000,"23:30"
"17/07/2020","2020-07-17","Thứ Sáu","Vàng nhẫn SJC 9999",51700000,54700000,3000000,5170000,5470000,1808.3,52200000,55200000,"23:30"
"20/07/2020","2020-07-20","Thứ Hai","Vàng nhẫn SJC 9999",52000000,55000000,3000000,5200000,5500000,1815.9,52500000,55500000,"23:30"
"21/07/2020","2020-07-21","Thứ Ba","Vàng nhẫn SJC 9999",52800000,55800000,3000000,5280000,5580000,1842.4,53300000,56300000,"23:30"
"22/07/2020","2020-07-22","Thứ Tư","Vàng nhẫn SJC 9999",53400000,56400000,3000000,5340000,5640000,1864.1,53900000,56900000,"23:30"
"23/07/2020","2020-07-23","Thứ Năm","Vàng nhẫn SJC 9999",54200000,57200000,3000000,5420000,5720000,1889.1,54700000,57700000,"23:30"
"24/07/2020","2020-07-24","Thứ Sáu","Vàng nhẫn SJC 9999",54400000,57400000,3000000,5440000,5740000,1897.3,54900000,57900000,"23:30"
"27/07/2020","2020-07-27","Thứ Hai","Vàng nhẫn SJC 9999",55500000,58500000,3000000,5550000,5850000,1931,56000000,59000000,"23:30"
"28/07/2020","2020-07-28","Thứ Ba","Vàng nhẫn SJC 9999",55900000,58900000,3000000,5590000,5890000,1944.7,56400000,59400000,"23:30"
"29/07/2020","2020-07-29","Thứ Tư","Vàng nhẫn SJC 9999",56100000,59100000,3000000,5610000,5910000,1953.5,56600000,59600000,"23:30"
"30/07/2020","2020-07-30","Thứ Năm","Vàng nhẫn SJC 9999",55800000,58800000,3000000,5580000,5880000,1942.3,56300000,59300000,"23:30"
"31/07/2020","2020-07-31","Thứ Sáu","Vàng nhẫn SJC 9999",56400000,59400000,3000000,5640000,5940000,1962.8,56900000,59900000,"23:30"
"03/08/2020","2020-08-03","Thứ Hai","Vàng nhẫn SJC 9999",56500000,59500000,3000000,5650000,5950000,1966,57000000,60000000,"23:30"
"04/08/2020","2020-08-04","Thứ Ba","Vàng nhẫn SJC 9999",57600000,60600000,3000000,5760000,6060000,2001.2,58100000,61100000,"23:30"
"05/08/2020","2020-08-05","Thứ Tư","Vàng nhẫn SJC 9999",58500000,61500000,3000000,5850000,6150000,2031.1,59000000,62000000,"23:30"
"06/08/2020","2020-08-06","Thứ Năm","Vàng nhẫn SJC 9999",59100000,62100000,3000000,5910000,6210000,2051.5,59600000,62600000,"23:30"
"07/08/2020","2020-08-07","Thứ Sáu","Vàng nhẫn SJC 9999",57900000,60900000,3000000,5790000,6090000,2010.1,58400000,61400000,"23:30"
"10/08/2020","2020-08-10","Thứ Hai","Vàng nhẫn SJC 9999",58300000,61300000,3000000,5830000,6130000,2024.4,58800000,61800000,"23:30"
"11/08/2020","2020-08-11","Thứ Ba","Vàng nhẫn SJC 9999",55500000,58500000,3000000,5550000,5850000,1932.6,56000000,59000000,"23:30"
"12/08/2020","2020-08-12","Thứ Tư","Vàng nhẫn SJC 9999",55600000,58600000,3000000,5560000,5860000,1934.9,56100000,59100000,"23:30"
"13/08/2020","2020-08-13","Thứ Năm","Vàng nhẫn SJC 9999",56200000,59200000,3000000,5620000,5920000,1956.7,56700000,59700000,"23:30"
"14/08/2020","2020-08-14","Thứ Sáu","Vàng nhẫn SJC 9999",55600000,58600000,3000000,5560000,5860000,1937,56100000,59100000,"23:30"
"17/08/2020","2020-08-17","Thứ Hai","Vàng nhẫn SJC 9999",57100000,60100000,3000000,5710000,6010000,1985,57600000,60600000,"23:30"
"18/08/2020","2020-08-18","Thứ Ba","Vàng nhẫn SJC 9999",57500000,60500000,3000000,5750000,6050000,1999.4,58000000,61000000,"23:30"
"19/08/2020","2020-08-19","Thứ Tư","Vàng nhẫn SJC 9999",56300000,59300000,3000000,5630000,5930000,1958.7,56800000,59800000,"23:30"
"20/08/2020","2020-08-20","Thứ Năm","Vàng nhẫn SJC 9999",55500000,58500000,3000000,5550000,5850000,1933.8,56000000,59000000,"23:30"
"21/08/2020","2020-08-21","Thứ Sáu","Vàng nhẫn SJC 9999",55600000,58600000,3000000,5560000,5860000,1934.6,56100000,59100000,"23:30"
"24/08/2020","2020-08-24","Thứ Hai","Vàng nhẫn SJC 9999",55400000,58400000,3000000,5540000,5840000,1927.7,55900000,58900000,"23:30"
"25/08/2020","2020-08-25","Thứ Ba","Vàng nhẫn SJC 9999",54900000,57900000,3000000,5490000,5790000,1911.8,55400000,58400000,"23:30"
"26/08/2020","2020-08-26","Thứ Tư","Vàng nhẫn SJC 9999",55800000,58800000,3000000,5580000,5880000,1940.7,56300000,59300000,"23:30"
"27/08/2020","2020-08-27","Thứ Năm","Vàng nhẫn SJC 9999",55200000,58200000,3000000,5520000,5820000,1921.6,55700000,58700000,"23:30"
"28/08/2020","2020-08-28","Thứ Sáu","Vàng nhẫn SJC 9999",56500000,59500000,3000000,5650000,5950000,1964.6,57000000,60000000,"23:30"
"31/08/2020","2020-08-31","Thứ Hai","Vàng nhẫn SJC 9999",56600000,59600000,3000000,5660000,5960000,1967.6,57100000,60100000,"23:30"
"01/09/2020","2020-09-01","Thứ Ba","Vàng nhẫn SJC 9999",56600000,59600000,3000000,5660000,5960000,1968.2,57100000,60100000,"23:30"
"02/09/2020","2020-09-02","Thứ Tư","Vàng nhẫn SJC 9999",55600000,58600000,3000000,5560000,5860000,1934.4,56100000,59100000,"23:30"
"03/09/2020","2020-09-03","Thứ Năm","Vàng nhẫn SJC 9999",55400000,58400000,3000000,5540000,5840000,1927.6,55900000,58900000,"23:30"
"04/09/2020","2020-09-04","Thứ Sáu","Vàng nhẫn SJC 9999",55200000,58200000,3000000,5520000,5820000,1923.9,55700000,58700000,"23:30"
"08/09/2020","2020-09-08","Thứ Ba","Vàng nhẫn SJC 9999",55500000,58500000,3000000,5550000,5850000,1933,56000000,59000000,"23:30"
"09/09/2020","2020-09-09","Thứ Tư","Vàng nhẫn SJC 9999",55900000,58900000,3000000,5590000,5890000,1944.7,56400000,59400000,"23:30"
"10/09/2020","2020-09-10","Thứ Năm","Vàng nhẫn SJC 9999",56200000,59200000,3000000,5620000,5920000,1954.2,56700000,59700000,"23:30"
"11/09/2020","2020-09-11","Thứ Sáu","Vàng nhẫn SJC 9999",55700000,58700000,3000000,5570000,5870000,1937.8,56200000,59200000,"23:30"
"14/09/2020","2020-09-14","Thứ Hai","Vàng nhẫn SJC 9999",56100000,59100000,3000000,5610000,5910000,1953.1,56600000,59600000,"23:30"
"15/09/2020","2020-09-15","Thứ Ba","Vàng nhẫn SJC 9999",56200000,59200000,3000000,5620000,5920000,1956.3,56700000,59700000,"23:30"
"16/09/2020","2020-09-16","Thứ Tư","Vàng nhẫn SJC 9999",56300000,59300000,3000000,5630000,5930000,1960.2,56800000,59800000,"23:30"
"17/09/2020","2020-09-17","Thứ Năm","Vàng nhẫn SJC 9999",55700000,58700000,3000000,5570000,5870000,1940,56200000,59200000,"23:30"
"18/09/2020","2020-09-18","Thứ Sáu","Vàng nhẫn SJC 9999",56100000,59100000,3000000,5610000,5910000,1952.1,56600000,59600000,"23:30"
"21/09/2020","2020-09-21","Thứ Hai","Vàng nhẫn SJC 9999",54600000,57600000,3000000,5460000,5760000,1901.2,55100000,58100000,"23:30"
"22/09/2020","2020-09-22","Thứ Ba","Vàng nhẫn SJC 9999",54500000,57500000,3000000,5450000,5750000,1898.6,55000000,58000000,"23:30"
"23/09/2020","2020-09-23","Thứ Tư","Vàng nhẫn SJC 9999",53300000,56300000,3000000,5330000,5630000,1859.9,53800000,56800000,"23:30"
"24/09/2020","2020-09-24","Thứ Năm","Vàng nhẫn SJC 9999",53600000,56600000,3000000,5360000,5660000,1868.3,54100000,57100000,"23:30"
"25/09/2020","2020-09-25","Thứ Sáu","Vàng nhẫn SJC 9999",53200000,56200000,3000000,5320000,5620000,1857.7,53700000,56700000,"23:30"
"28/09/2020","2020-09-28","Thứ Hai","Vàng nhẫn SJC 9999",53700000,56700000,3000000,5370000,5670000,1872.8,54200000,57200000,"23:30"
"29/09/2020","2020-09-29","Thứ Ba","Vàng nhẫn SJC 9999",54300000,57300000,3000000,5430000,5730000,1894.3,54800000,57800000,"23:30"
"30/09/2020","2020-09-30","Thứ Tư","Vàng nhẫn SJC 9999",54100000,57100000,3000000,5410000,5710000,1887.5,54600000,57600000,"23:30"
"01/10/2020","2020-10-01","Thứ Năm","Vàng nhẫn SJC 9999",54800000,57800000,3000000,5480000,5780000,1908.4,55300000,58300000,"23:30"
"02/10/2020","2020-10-02","Thứ Sáu","Vàng nhẫn SJC 9999",54500000,57500000,3000000,5450000,5750000,1900.2,55000000,58000000,"23:30"
"05/10/2020","2020-10-05","Thứ Hai","Vàng nhẫn SJC 9999",54900000,57900000,3000000,5490000,5790000,1912.5,55400000,58400000,"23:30"
"06/10/2020","2020-10-06","Thứ Ba","Vàng nhẫn SJC 9999",54600000,57600000,3000000,5460000,5760000,1901.1,55100000,58100000,"23:30"
"07/10/2020","2020-10-07","Thứ Tư","Vàng nhẫn SJC 9999",54000000,57000000,3000000,5400000,5700000,1883.6,54500000,57500000,"23:30"
"08/10/2020","2020-10-08","Thứ Năm","Vàng nhẫn SJC 9999",54200000,57200000,3000000,5420000,5720000,1888.6,54700000,57700000,"23:30"
"09/10/2020","2020-10-09","Thứ Sáu","Vàng nhẫn SJC 9999",55100000,58100000,3000000,5510000,5810000,1919.5,55600000,58600000,"23:30"
"12/10/2020","2020-10-12","Thứ Hai","Vàng nhẫn SJC 9999",55200000,58200000,3000000,5520000,5820000,1922.5,55700000,58700000,"23:30"
"13/10/2020","2020-10-13","Thứ Ba","Vàng nhẫn SJC 9999",54200000,57200000,3000000,5420000,5720000,1888.5,54700000,57700000,"23:30"
"14/10/2020","2020-10-14","Thứ Tư","Vàng nhẫn SJC 9999",54600000,57600000,3000000,5460000,5760000,1901.3,55100000,58100000,"23:30"
"15/10/2020","2020-10-15","Thứ Năm","Vàng nhẫn SJC 9999",54600000,57600000,3000000,5460000,5760000,1903.2,55100000,58100000,"23:30"
"16/10/2020","2020-10-16","Thứ Sáu","Vàng nhẫn SJC 9999",54500000,57500000,3000000,5450000,5750000,1900.8,55000000,58000000,"23:30"
"19/10/2020","2020-10-19","Thứ Hai","Vàng nhẫn SJC 9999",54700000,57700000,3000000,5470000,5770000,1906.4,55200000,58200000,"23:30"
"20/10/2020","2020-10-20","Thứ Ba","Vàng nhẫn SJC 9999",54800000,57800000,3000000,5480000,5780000,1910.4,55300000,58300000,"23:30"
"21/10/2020","2020-10-21","Thứ Tư","Vàng nhẫn SJC 9999",55300000,58300000,3000000,5530000,5830000,1924.6,55800000,58800000,"23:30"
"22/10/2020","2020-10-22","Thứ Năm","Vàng nhẫn SJC 9999",54600000,57600000,3000000,5460000,5760000,1901.1,55100000,58100000,"23:30"
"23/10/2020","2020-10-23","Thứ Sáu","Vàng nhẫn SJC 9999",54600000,57600000,3000000,5460000,5760000,1902,55100000,58100000,"23:30"
"26/10/2020","2020-10-26","Thứ Hai","Vàng nhẫn SJC 9999",54600000,57600000,3000000,5460000,5760000,1902.7,55100000,58100000,"23:30"
"27/10/2020","2020-10-27","Thứ Ba","Vàng nhẫn SJC 9999",54800000,57800000,3000000,5480000,5780000,1908.8,55300000,58300000,"23:30"
"28/10/2020","2020-10-28","Thứ Tư","Vàng nhẫn SJC 9999",53800000,56800000,3000000,5380000,5680000,1876.2,54300000,57300000,"23:30"
"29/10/2020","2020-10-29","Thứ Năm","Vàng nhẫn SJC 9999",53500000,56500000,3000000,5350000,5650000,1865.6,54000000,57000000,"23:30"
"30/10/2020","2020-10-30","Thứ Sáu","Vàng nhẫn SJC 9999",53800000,56800000,3000000,5380000,5680000,1877.4,54300000,57300000,"23:30"
"02/11/2020","2020-11-02","Thứ Hai","Vàng nhẫn SJC 9999",54200000,57200000,3000000,5420000,5720000,1890.4,54700000,57700000,"23:30"
"03/11/2020","2020-11-03","Thứ Ba","Vàng nhẫn SJC 9999",54800000,57800000,3000000,5480000,5780000,1908.5,55300000,58300000,"23:30"
"04/11/2020","2020-11-04","Thứ Tư","Vàng nhẫn SJC 9999",54400000,57400000,3000000,5440000,5740000,1894.6,54900000,57900000,"23:30"
"05/11/2020","2020-11-05","Thứ Năm","Vàng nhẫn SJC 9999",55900000,58900000,3000000,5590000,5890000,1945.3,56400000,59400000,"23:30"
"06/11/2020","2020-11-06","Thứ Sáu","Vàng nhẫn SJC 9999",56000000,59000000,3000000,5600000,5900000,1950.3,56500000,59500000,"23:30"
"09/11/2020","2020-11-09","Thứ Hai","Vàng nhẫn SJC 9999",53100000,56100000,3000000,5310000,5610000,1853.2,53600000,56600000,"23:30"
"10/11/2020","2020-11-10","Thứ Ba","Vàng nhẫn SJC 9999",53800000,56800000,3000000,5380000,5680000,1875.4,54300000,57300000,"23:30"
"11/11/2020","2020-11-11","Thứ Tư","Vàng nhẫn SJC 9999",53300000,56300000,3000000,5330000,5630000,1860.7,53800000,56800000,"23:30"
"12/11/2020","2020-11-12","Thứ Năm","Vàng nhẫn SJC 9999",53700000,56700000,3000000,5370000,5670000,1872.6,54200000,57200000,"23:30"
"13/11/2020","2020-11-13","Thứ Sáu","Vàng nhẫn SJC 9999",54100000,57100000,3000000,5410000,5710000,1885.7,54600000,57600000,"23:30"
"16/11/2020","2020-11-16","Thứ Hai","Vàng nhẫn SJC 9999",54100000,57100000,3000000,5410000,5710000,1887.3,54600000,57600000,"23:30"
"17/11/2020","2020-11-17","Thứ Ba","Vàng nhẫn SJC 9999",54100000,57100000,3000000,5410000,5710000,1884.5,54600000,57600000,"23:30"
"18/11/2020","2020-11-18","Thứ Tư","Vàng nhẫn SJC 9999",53700000,56700000,3000000,5370000,5670000,1873.5,54200000,57200000,"23:30"
"19/11/2020","2020-11-19","Thứ Năm","Vàng nhẫn SJC 9999",53300000,56300000,3000000,5330000,5630000,1861.1,53800000,56800000,"23:30"
"20/11/2020","2020-11-20","Thứ Sáu","Vàng nhẫn SJC 9999",53700000,56700000,3000000,5370000,5670000,1872.6,54200000,57200000,"23:30"
"23/11/2020","2020-11-23","Thứ Hai","Vàng nhẫn SJC 9999",52600000,55600000,3000000,5260000,5560000,1837.8,53100000,56100000,"23:30"
"24/11/2020","2020-11-24","Thứ Ba","Vàng nhẫn SJC 9999",51600000,54600000,3000000,5160000,5460000,1804.8,52100000,55100000,"23:30"
"25/11/2020","2020-11-25","Thứ Tư","Vàng nhẫn SJC 9999",51700000,54700000,3000000,5170000,5470000,1805.7,52200000,55200000,"23:30"
"27/11/2020","2020-11-27","Thứ Sáu","Vàng nhẫn SJC 9999",50900000,53900000,3000000,5090000,5390000,1781.9,51400000,54400000,"23:30"
"30/11/2020","2020-11-30","Thứ Hai","Vàng nhẫn SJC 9999",50800000,53800000,3000000,5080000,5380000,1775.7,51300000,54300000,"23:30"
"01/12/2020","2020-12-01","Thứ Ba","Vàng nhẫn SJC 9999",51900000,54900000,3000000,5190000,5490000,1814.1,52400000,55400000,"23:30"
"02/12/2020","2020-12-02","Thứ Tư","Vàng nhẫn SJC 9999",52300000,55300000,3000000,5230000,5530000,1825.7,52800000,55800000,"23:30"
"03/12/2020","2020-12-03","Thứ Năm","Vàng nhẫn SJC 9999",52600000,55600000,3000000,5260000,5560000,1836.8,53100000,56100000,"23:30"
"04/12/2020","2020-12-04","Thứ Sáu","Vàng nhẫn SJC 9999",52600000,55600000,3000000,5260000,5560000,1835.9,53100000,56100000,"23:30"
"07/12/2020","2020-12-07","Thứ Hai","Vàng nhẫn SJC 9999",53400000,56400000,3000000,5340000,5640000,1861.8,53900000,56900000,"23:30"
"08/12/2020","2020-12-08","Thứ Ba","Vàng nhẫn SJC 9999",53600000,56600000,3000000,5360000,5660000,1870.8,54100000,57100000,"23:30"
"09/12/2020","2020-12-09","Thứ Tư","Vàng nhẫn SJC 9999",52500000,55500000,3000000,5250000,5550000,1834.6,53000000,56000000,"23:30"
"10/12/2020","2020-12-10","Thứ Năm","Vàng nhẫn SJC 9999",52500000,55500000,3000000,5250000,5550000,1833.6,53000000,56000000,"23:30"
"11/12/2020","2020-12-11","Thứ Sáu","Vàng nhẫn SJC 9999",52700000,55700000,3000000,5270000,5570000,1839.8,53200000,56200000,"23:30"
"14/12/2020","2020-12-14","Thứ Hai","Vàng nhẫn SJC 9999",52400000,55400000,3000000,5240000,5540000,1828.7,52900000,55900000,"23:30"
"15/12/2020","2020-12-15","Thứ Ba","Vàng nhẫn SJC 9999",53100000,56100000,3000000,5310000,5610000,1852.3,53600000,56600000,"23:30"
"16/12/2020","2020-12-16","Thứ Tư","Vàng nhẫn SJC 9999",53200000,56200000,3000000,5320000,5620000,1856.1,53700000,56700000,"23:30"
"17/12/2020","2020-12-17","Thứ Năm","Vàng nhẫn SJC 9999",54100000,57100000,3000000,5410000,5710000,1887.2,54600000,57600000,"23:30"
"18/12/2020","2020-12-18","Thứ Sáu","Vàng nhẫn SJC 9999",54100000,57100000,3000000,5410000,5710000,1885.7,54600000,57600000,"23:30"
"21/12/2020","2020-12-21","Thứ Hai","Vàng nhẫn SJC 9999",53900000,56900000,3000000,5390000,5690000,1879.2,54400000,57400000,"23:30"
"22/12/2020","2020-12-22","Thứ Ba","Vàng nhẫn SJC 9999",53500000,56500000,3000000,5350000,5650000,1866.6,54000000,57000000,"23:30"
"23/12/2020","2020-12-23","Thứ Tư","Vàng nhẫn SJC 9999",53800000,56800000,3000000,5380000,5680000,1874.7,54300000,57300000,"23:30"
"24/12/2020","2020-12-24","Thứ Năm","Vàng nhẫn SJC 9999",53900000,56900000,3000000,5390000,5690000,1879.9,54400000,57400000,"23:30"
"28/12/2020","2020-12-28","Thứ Hai","Vàng nhẫn SJC 9999",53800000,56800000,3000000,5380000,5680000,1877.2,54300000,57300000,"23:30"
"29/12/2020","2020-12-29","Thứ Ba","Vàng nhẫn SJC 9999",53900000,56900000,3000000,5390000,5690000,1879.7,54400000,57400000,"23:30"
"30/12/2020","2020-12-30","Thứ Tư","Vàng nhẫn SJC 9999",54200000,57200000,3000000,5420000,5720000,1891,54700000,57700000,"23:30"
"31/12/2020","2020-12-31","Thứ Năm","Vàng nhẫn SJC 9999",54300000,57300000,3000000,5430000,5730000,1893.1,54800000,57800000,"23:30"
"04/01/2021","2021-01-04","Thứ Hai","Vàng nhẫn SJC 9999",56300000,59300000,3000000,5630000,5930000,1944.7,56800000,59800000,"23:30"
"05/01/2021","2021-01-05","Thứ Ba","Vàng nhẫn SJC 9999",56600000,59600000,3000000,5660000,5960000,1952.7,57100000,60100000,"23:30"
"06/01/2021","2021-01-06","Thứ Tư","Vàng nhẫn SJC 9999",55200000,58200000,3000000,5520000,5820000,1906.9,55700000,58700000,"23:30"
"07/01/2021","2021-01-07","Thứ Năm","Vàng nhẫn SJC 9999",55300000,58300000,3000000,5530000,5830000,1912.3,55800000,58800000,"23:30"
"08/01/2021","2021-01-08","Thứ Sáu","Vàng nhẫn SJC 9999",52900000,55900000,3000000,5290000,5590000,1834.1,53400000,56400000,"23:30"
"11/01/2021","2021-01-11","Thứ Hai","Vàng nhẫn SJC 9999",53400000,56400000,3000000,5340000,5640000,1849.6,53900000,56900000,"23:30"
"12/01/2021","2021-01-12","Thứ Ba","Vàng nhẫn SJC 9999",53200000,56200000,3000000,5320000,5620000,1842.9,53700000,56700000,"23:30"
"13/01/2021","2021-01-13","Thứ Tư","Vàng nhẫn SJC 9999",53500000,56500000,3000000,5350000,5650000,1853.6,54000000,57000000,"23:30"
"14/01/2021","2021-01-14","Thứ Năm","Vàng nhẫn SJC 9999",53400000,56400000,3000000,5340000,5640000,1850.3,53900000,56900000,"23:30"
"15/01/2021","2021-01-15","Thứ Sáu","Vàng nhẫn SJC 9999",52800000,55800000,3000000,5280000,5580000,1829.3,53300000,56300000,"23:30"
"19/01/2021","2021-01-19","Thứ Ba","Vàng nhẫn SJC 9999",53100000,56100000,3000000,5310000,5610000,1839.5,53600000,56600000,"23:30"
"20/01/2021","2021-01-20","Thứ Tư","Vàng nhẫn SJC 9999",53900000,56900000,3000000,5390000,5690000,1865.9,54400000,57400000,"23:30"
"21/01/2021","2021-01-21","Thứ Năm","Vàng nhẫn SJC 9999",53900000,56900000,3000000,5390000,5690000,1865.3,54400000,57400000,"23:30"
"22/01/2021","2021-01-22","Thứ Sáu","Vàng nhẫn SJC 9999",53600000,56600000,3000000,5360000,5660000,1855.7,54100000,57100000,"23:30"
"25/01/2021","2021-01-25","Thứ Hai","Vàng nhẫn SJC 9999",53600000,56600000,3000000,5360000,5660000,1854.9,54100000,57100000,"23:30"
"26/01/2021","2021-01-26","Thứ Ba","Vàng nhẫn SJC 9999",53500000,56500000,3000000,5350000,5650000,1850.7,54000000,57000000,"23:30"
"27/01/2021","2021-01-27","Thứ Tư","Vàng nhẫn SJC 9999",53300000,56300000,3000000,5330000,5630000,1844.9,53800000,56800000,"23:30"
"28/01/2021","2021-01-28","Thứ Năm","Vàng nhẫn SJC 9999",53100000,56100000,3000000,5310000,5610000,1837.9,53600000,56600000,"23:30"
"29/01/2021","2021-01-29","Thứ Sáu","Vàng nhẫn SJC 9999",53300000,56300000,3000000,5330000,5630000,1847.3,53800000,56800000,"23:30"
"01/02/2021","2021-02-01","Thứ Hai","Vàng nhẫn SJC 9999",53800000,56800000,3000000,5380000,5680000,1860.8,54300000,57300000,"23:30"
"02/02/2021","2021-02-02","Thứ Ba","Vàng nhẫn SJC 9999",52800000,55800000,3000000,5280000,5580000,1830.5,53300000,56300000,"23:30"
"03/02/2021","2021-02-03","Thứ Tư","Vàng nhẫn SJC 9999",52900000,55900000,3000000,5290000,5590000,1832.2,53400000,56400000,"23:30"
"04/02/2021","2021-02-04","Thứ Năm","Vàng nhẫn SJC 9999",51600000,54600000,3000000,5160000,5460000,1788.9,52100000,55100000,"23:30"
"05/02/2021","2021-02-05","Thứ Sáu","Vàng nhẫn SJC 9999",52200000,55200000,3000000,5220000,5520000,1810.9,52700000,55700000,"23:30"
"08/02/2021","2021-02-08","Thứ Hai","Vàng nhẫn SJC 9999",52900000,55900000,3000000,5290000,5590000,1831.9,53400000,56400000,"23:30"
"09/02/2021","2021-02-09","Thứ Ba","Vàng nhẫn SJC 9999",53000000,56000000,3000000,5300000,5600000,1835.3,53500000,56500000,"23:30"
"10/02/2021","2021-02-10","Thứ Tư","Vàng nhẫn SJC 9999",53100000,56100000,3000000,5310000,5610000,1840.6,53600000,56600000,"23:30"
"11/02/2021","2021-02-11","Thứ Năm","Vàng nhẫn SJC 9999",52700000,55700000,3000000,5270000,5570000,1824.9,53200000,56200000,"23:30"
"12/02/2021","2021-02-12","Thứ Sáu","Vàng nhẫn SJC 9999",52600000,55600000,3000000,5260000,5560000,1821.6,53100000,56100000,"23:30"
"16/02/2021","2021-02-16","Thứ Ba","Vàng nhẫn SJC 9999",51800000,54800000,3000000,5180000,5480000,1797.2,52300000,55300000,"23:30"
"17/02/2021","2021-02-17","Thứ Tư","Vàng nhẫn SJC 9999",51000000,54000000,3000000,5100000,5400000,1771.1,51500000,54500000,"23:30"
"18/02/2021","2021-02-18","Thứ Năm","Vàng nhẫn SJC 9999",51100000,54100000,3000000,5110000,5410000,1773.4,51600000,54600000,"23:30"
"19/02/2021","2021-02-19","Thứ Sáu","Vàng nhẫn SJC 9999",51200000,54200000,3000000,5120000,5420000,1775.8,51700000,54700000,"23:30"
"22/02/2021","2021-02-22","Thứ Hai","Vàng nhẫn SJC 9999",52100000,55100000,3000000,5210000,5510000,1806.7,52600000,55600000,"23:30"
"23/02/2021","2021-02-23","Thứ Ba","Vàng nhẫn SJC 9999",52000000,55000000,3000000,5200000,5500000,1804.4,52500000,55500000,"23:30"
"24/02/2021","2021-02-24","Thứ Tư","Vàng nhẫn SJC 9999",51800000,54800000,3000000,5180000,5480000,1796.4,52300000,55300000,"23:30"
"25/02/2021","2021-02-25","Thứ Năm","Vàng nhẫn SJC 9999",51100000,54100000,3000000,5110000,5410000,1774.4,51600000,54600000,"23:30"
"26/02/2021","2021-02-26","Thứ Sáu","Vàng nhẫn SJC 9999",49700000,52700000,3000000,4970000,5270000,1728.1,50200000,53200000,"23:30"
"01/03/2021","2021-03-01","Thứ Hai","Vàng nhẫn SJC 9999",49500000,52500000,3000000,4950000,5250000,1722.5,50000000,53000000,"23:30"
"02/03/2021","2021-03-02","Thứ Ba","Vàng nhẫn SJC 9999",49900000,52900000,3000000,4990000,5290000,1733.1,50400000,53400000,"23:30"
"03/03/2021","2021-03-03","Thứ Tư","Vàng nhẫn SJC 9999",49300000,52300000,3000000,4930000,5230000,1715.3,49800000,52800000,"23:30"
"04/03/2021","2021-03-04","Thứ Năm","Vàng nhẫn SJC 9999",48900000,51900000,3000000,4890000,5190000,1700.2,49400000,52400000,"23:30"
"05/03/2021","2021-03-05","Thứ Sáu","Vàng nhẫn SJC 9999",48800000,51800000,3000000,4880000,5180000,1698,49300000,52300000,"23:30"
"08/03/2021","2021-03-08","Thứ Hai","Vàng nhẫn SJC 9999",48200000,51200000,3000000,4820000,5120000,1677.7,48700000,51700000,"23:30"
"09/03/2021","2021-03-09","Thứ Ba","Vàng nhẫn SJC 9999",49400000,52400000,3000000,4940000,5240000,1716.6,49900000,52900000,"23:30"
"10/03/2021","2021-03-10","Thứ Tư","Vàng nhẫn SJC 9999",49500000,52500000,3000000,4950000,5250000,1721.5,50000000,53000000,"23:30"
"11/03/2021","2021-03-11","Thứ Năm","Vàng nhẫn SJC 9999",49500000,52500000,3000000,4950000,5250000,1722.3,50000000,53000000,"23:30"
"12/03/2021","2021-03-12","Thứ Sáu","Vàng nhẫn SJC 9999",49400000,52400000,3000000,4940000,5240000,1719.5,49900000,52900000,"23:30"
"15/03/2021","2021-03-15","Thứ Hai","Vàng nhẫn SJC 9999",49700000,52700000,3000000,4970000,5270000,1728.9,50200000,53200000,"23:30"
"16/03/2021","2021-03-16","Thứ Ba","Vàng nhẫn SJC 9999",49800000,52800000,3000000,4980000,5280000,1730.6,50300000,53300000,"23:30"
"17/03/2021","2021-03-17","Thứ Tư","Vàng nhẫn SJC 9999",49700000,52700000,3000000,4970000,5270000,1726.8,50200000,53200000,"23:30"
"18/03/2021","2021-03-18","Thứ Năm","Vàng nhẫn SJC 9999",49800000,52800000,3000000,4980000,5280000,1732.2,50300000,53300000,"23:30"
"19/03/2021","2021-03-19","Thứ Sáu","Vàng nhẫn SJC 9999",50100000,53100000,3000000,5010000,5310000,1741.4,50600000,53600000,"23:30"
"22/03/2021","2021-03-22","Thứ Hai","Vàng nhẫn SJC 9999",50000000,53000000,3000000,5000000,5300000,1737.8,50500000,53500000,"23:30"
"23/03/2021","2021-03-23","Thứ Ba","Vàng nhẫn SJC 9999",49600000,52600000,3000000,4960000,5260000,1724.7,50100000,53100000,"23:30"
"24/03/2021","2021-03-24","Thứ Tư","Vàng nhẫn SJC 9999",49900000,52900000,3000000,4990000,5290000,1732.9,50400000,53400000,"23:30"
"25/03/2021","2021-03-25","Thứ Năm","Vàng nhẫn SJC 9999",49600000,52600000,3000000,4960000,5260000,1724.9,50100000,53100000,"23:30"
"26/03/2021","2021-03-26","Thứ Sáu","Vàng nhẫn SJC 9999",49800000,52800000,3000000,4980000,5280000,1732.2,50300000,53300000,"23:30"
"29/03/2021","2021-03-29","Thứ Hai","Vàng nhẫn SJC 9999",49200000,52200000,3000000,4920000,5220000,1712.1,49700000,52700000,"23:30"
"30/03/2021","2021-03-30","Thứ Ba","Vàng nhẫn SJC 9999",48400000,51400000,3000000,4840000,5140000,1683.9,48900000,51900000,"23:30"
"31/03/2021","2021-03-31","Thứ Tư","Vàng nhẫn SJC 9999",49300000,52300000,3000000,4930000,5230000,1713.8,49800000,52800000,"23:30"
"01/04/2021","2021-04-01","Thứ Năm","Vàng nhẫn SJC 9999",49700000,52700000,3000000,4970000,5270000,1726.5,50200000,53200000,"23:30"
"05/04/2021","2021-04-05","Thứ Hai","Vàng nhẫn SJC 9999",49700000,52700000,3000000,4970000,5270000,1727,50200000,53200000,"23:30"
"06/04/2021","2021-04-06","Thứ Ba","Vàng nhẫn SJC 9999",50100000,53100000,3000000,5010000,5310000,1741.5,50600000,53600000,"23:30"
"07/04/2021","2021-04-07","Thứ Tư","Vàng nhẫn SJC 9999",50100000,53100000,3000000,5010000,5310000,1740.1,50600000,53600000,"23:30"
"08/04/2021","2021-04-08","Thứ Năm","Vàng nhẫn SJC 9999",50600000,53600000,3000000,5060000,5360000,1756.8,51100000,54100000,"23:30"
"09/04/2021","2021-04-09","Thứ Sáu","Vàng nhẫn SJC 9999",50200000,53200000,3000000,5020000,5320000,1743.3,50700000,53700000,"23:30"
"12/04/2021","2021-04-12","Thứ Hai","Vàng nhẫn SJC 9999",49800000,52800000,3000000,4980000,5280000,1731.2,50300000,53300000,"23:30"
"13/04/2021","2021-04-13","Thứ Ba","Vàng nhẫn SJC 9999",50300000,53300000,3000000,5030000,5330000,1746.2,50800000,53800000,"23:30"
"14/04/2021","2021-04-14","Thứ Tư","Vàng nhẫn SJC 9999",49900000,52900000,3000000,4990000,5290000,1734.9,50400000,53400000,"23:30"
"15/04/2021","2021-04-15","Thứ Năm","Vàng nhẫn SJC 9999",50900000,53900000,3000000,5090000,5390000,1765.4,51400000,54400000,"23:30"
"16/04/2021","2021-04-16","Thứ Sáu","Vàng nhẫn SJC 9999",51300000,54300000,3000000,5130000,5430000,1779,51800000,54800000,"23:30"
"19/04/2021","2021-04-19","Thứ Hai","Vàng nhẫn SJC 9999",51000000,54000000,3000000,5100000,5400000,1769.4,51500000,54500000,"23:30"
"20/04/2021","2021-04-20","Thứ Ba","Vàng nhẫn SJC 9999",51200000,54200000,3000000,5120000,5420000,1777.3,51700000,54700000,"23:30"
"21/04/2021","2021-04-21","Thứ Tư","Vàng nhẫn SJC 9999",51700000,54700000,3000000,5170000,5470000,1792.3,52200000,55200000,"23:30"
"22/04/2021","2021-04-22","Thứ Năm","Vàng nhẫn SJC 9999",51300000,54300000,3000000,5130000,5430000,1781.2,51800000,54800000,"23:30"
"23/04/2021","2021-04-23","Thứ Sáu","Vàng nhẫn SJC 9999",51200000,54200000,3000000,5120000,5420000,1777,51700000,54700000,"23:30"
"26/04/2021","2021-04-26","Thứ Hai","Vàng nhẫn SJC 9999",51300000,54300000,3000000,5130000,5430000,1779.2,51800000,54800000,"23:30"
"27/04/2021","2021-04-27","Thứ Ba","Vàng nhẫn SJC 9999",51200000,54200000,3000000,5120000,5420000,1778,51700000,54700000,"23:30"
"28/04/2021","2021-04-28","Thứ Tư","Vàng nhẫn SJC 9999",51100000,54100000,3000000,5110000,5410000,1773.2,51600000,54600000,"23:30"
"29/04/2021","2021-04-29","Thứ Năm","Vàng nhẫn SJC 9999",50900000,53900000,3000000,5090000,5390000,1768.1,51400000,54400000,"23:30"
"30/04/2021","2021-04-30","Thứ Sáu","Vàng nhẫn SJC 9999",50900000,53900000,3000000,5090000,5390000,1767.3,51400000,54400000,"23:30"
"03/05/2021","2021-05-03","Thứ Hai","Vàng nhẫn SJC 9999",51600000,54600000,3000000,5160000,5460000,1791.4,52100000,55100000,"23:30"
"04/05/2021","2021-05-04","Thứ Ba","Vàng nhẫn SJC 9999",51200000,54200000,3000000,5120000,5420000,1775.8,51700000,54700000,"23:30"
"05/05/2021","2021-05-05","Thứ Tư","Vàng nhẫn SJC 9999",51400000,54400000,3000000,5140000,5440000,1784.1,51900000,54900000,"23:30"
"06/05/2021","2021-05-06","Thứ Năm","Vàng nhẫn SJC 9999",52400000,55400000,3000000,5240000,5540000,1815.5,52900000,55900000,"23:30"
"07/05/2021","2021-05-07","Thứ Sáu","Vàng nhẫn SJC 9999",52900000,55900000,3000000,5290000,5590000,1831.1,53400000,56400000,"23:30"
"10/05/2021","2021-05-10","Thứ Hai","Vàng nhẫn SJC 9999",53000000,56000000,3000000,5300000,5600000,1837.5,53500000,56500000,"23:30"
"11/05/2021","2021-05-11","Thứ Ba","Vàng nhẫn SJC 9999",53000000,56000000,3000000,5300000,5600000,1835.9,53500000,56500000,"23:30"
"12/05/2021","2021-05-12","Thứ Tư","Vàng nhẫn SJC 9999",52600000,55600000,3000000,5260000,5560000,1822.6,53100000,56100000,"23:30"
"13/05/2021","2021-05-13","Thứ Năm","Vàng nhẫn SJC 9999",52600000,55600000,3000000,5260000,5560000,1823.8,53100000,56100000,"23:30"
"14/05/2021","2021-05-14","Thứ Sáu","Vàng nhẫn SJC 9999",53100000,56100000,3000000,5310000,5610000,1837.9,53600000,56600000,"23:30"
"17/05/2021","2021-05-17","Thứ Hai","Vàng nhẫn SJC 9999",54000000,57000000,3000000,5400000,5700000,1867.5,54500000,57500000,"23:30"
"18/05/2021","2021-05-18","Thứ Ba","Vàng nhẫn SJC 9999",54000000,57000000,3000000,5400000,5700000,1867.8,54500000,57500000,"23:30"
"19/05/2021","2021-05-19","Thứ Tư","Vàng nhẫn SJC 9999",54400000,57400000,3000000,5440000,5740000,1881.3,54900000,57900000,"23:30"
"20/05/2021","2021-05-20","Thứ Năm","Vàng nhẫn SJC 9999",54400000,57400000,3000000,5440000,5740000,1881.8,54900000,57900000,"23:30"
"21/05/2021","2021-05-21","Thứ Sáu","Vàng nhẫn SJC 9999",54200000,57200000,3000000,5420000,5720000,1876.7,54700000,57700000,"23:30"
"24/05/2021","2021-05-24","Thứ Hai","Vàng nhẫn SJC 9999",54500000,57500000,3000000,5450000,5750000,1884.6,55000000,58000000,"23:30"
"25/05/2021","2021-05-25","Thứ Ba","Vàng nhẫn SJC 9999",54900000,57900000,3000000,5490000,5790000,1898.1,55400000,58400000,"23:30"
"26/05/2021","2021-05-26","Thứ Tư","Vàng nhẫn SJC 9999",55000000,58000000,3000000,5500000,5800000,1901.3,55500000,58500000,"23:30"
"27/05/2021","2021-05-27","Thứ Năm","Vàng nhẫn SJC 9999",54800000,57800000,3000000,5480000,5780000,1895.7,55300000,58300000,"23:30"
"28/05/2021","2021-05-28","Thứ Sáu","Vàng nhẫn SJC 9999",55000000,58000000,3000000,5500000,5800000,1902.5,55500000,58500000,"23:30"
"01/06/2021","2021-06-01","Thứ Ba","Vàng nhẫn SJC 9999",55000000,58000000,3000000,5500000,5800000,1902.9,55500000,58500000,"23:30"
"02/06/2021","2021-06-02","Thứ Tư","Vàng nhẫn SJC 9999",55200000,58200000,3000000,5520000,5820000,1907.5,55700000,58700000,"23:30"
"03/06/2021","2021-06-03","Thứ Năm","Vàng nhẫn SJC 9999",54100000,57100000,3000000,5410000,5710000,1871.2,54600000,57600000,"23:30"
"04/06/2021","2021-06-04","Thứ Sáu","Vàng nhẫn SJC 9999",54600000,57600000,3000000,5460000,5760000,1889.8,55100000,58100000,"23:30"
"07/06/2021","2021-06-07","Thứ Hai","Vàng nhẫn SJC 9999",54900000,57900000,3000000,5490000,5790000,1896.8,55400000,58400000,"23:30"
"08/06/2021","2021-06-08","Thứ Ba","Vàng nhẫn SJC 9999",54700000,57700000,3000000,5470000,5770000,1892.2,55200000,58200000,"23:30"
"09/06/2021","2021-06-09","Thứ Tư","Vàng nhẫn SJC 9999",54700000,57700000,3000000,5470000,5770000,1893.2,55200000,58200000,"23:30"
"10/06/2021","2021-06-10","Thứ Năm","Vàng nhẫn SJC 9999",54800000,57800000,3000000,5480000,5780000,1894.2,55300000,58300000,"23:30"
"11/06/2021","2021-06-11","Thứ Sáu","Vàng nhẫn SJC 9999",54300000,57300000,3000000,5430000,5730000,1877.4,54800000,57800000,"23:30"
"14/06/2021","2021-06-14","Thứ Hai","Vàng nhẫn SJC 9999",53900000,56900000,3000000,5390000,5690000,1864,54400000,57400000,"23:30"
"15/06/2021","2021-06-15","Thứ Ba","Vàng nhẫn SJC 9999",53600000,56600000,3000000,5360000,5660000,1854.5,54100000,57100000,"23:30"
"16/06/2021","2021-06-16","Thứ Tư","Vàng nhẫn SJC 9999",53700000,56700000,3000000,5370000,5670000,1859.5,54200000,57200000,"23:30"
"17/06/2021","2021-06-17","Thứ Năm","Vàng nhẫn SJC 9999",51100000,54100000,3000000,5110000,5410000,1773.8,51600000,54600000,"23:30"
"18/06/2021","2021-06-18","Thứ Sáu","Vàng nhẫn SJC 9999",50900000,53900000,3000000,5090000,5390000,1767.9,51400000,54400000,"23:30"
"21/06/2021","2021-06-21","Thứ Hai","Vàng nhẫn SJC 9999",51400000,54400000,3000000,5140000,5440000,1781.8,51900000,54900000,"23:30"
"22/06/2021","2021-06-22","Thứ Ba","Vàng nhẫn SJC 9999",51200000,54200000,3000000,5120000,5420000,1776.3,51700000,54700000,"23:30"
"23/06/2021","2021-06-23","Thứ Tư","Vàng nhẫn SJC 9999",51400000,54400000,3000000,5140000,5440000,1782.3,51900000,54900000,"23:30"
"24/06/2021","2021-06-24","Thứ Năm","Vàng nhẫn SJC 9999",51200000,54200000,3000000,5120000,5420000,1775.6,51700000,54700000,"23:30"
"25/06/2021","2021-06-25","Thứ Sáu","Vàng nhẫn SJC 9999",51200000,54200000,3000000,5120000,5420000,1776.6,51700000,54700000,"23:30"
"28/06/2021","2021-06-28","Thứ Hai","Vàng nhẫn SJC 9999",51300000,54300000,3000000,5130000,5430000,1779.6,51800000,54800000,"23:30"
"29/06/2021","2021-06-29","Thứ Ba","Vàng nhẫn SJC 9999",50800000,53800000,3000000,5080000,5380000,1762.8,51300000,54300000,"23:30"
"30/06/2021","2021-06-30","Thứ Tư","Vàng nhẫn SJC 9999",51000000,54000000,3000000,5100000,5400000,1770.8,51500000,54500000,"23:30"
"01/07/2021","2021-07-01","Thứ Năm","Vàng nhẫn SJC 9999",51200000,54200000,3000000,5120000,5420000,1775.9,51700000,54700000,"23:30"
"02/07/2021","2021-07-02","Thứ Sáu","Vàng nhẫn SJC 9999",51400000,54400000,3000000,5140000,5440000,1782.6,51900000,54900000,"23:30"
"06/07/2021","2021-07-06","Thứ Ba","Vàng nhẫn SJC 9999",51700000,54700000,3000000,5170000,5470000,1793.5,52200000,55200000,"23:30"
"07/07/2021","2021-07-07","Thứ Tư","Vàng nhẫn SJC 9999",52000000,55000000,3000000,5200000,5500000,1801.5,52500000,55500000,"23:30"
"08/07/2021","2021-07-08","Thứ Năm","Vàng nhẫn SJC 9999",51900000,54900000,3000000,5190000,5490000,1799.6,52400000,55400000,"23:30"
"09/07/2021","2021-07-09","Thứ Sáu","Vàng nhẫn SJC 9999",52200000,55200000,3000000,5220000,5520000,1810,52700000,55700000,"23:30"
"12/07/2021","2021-07-12","Thứ Hai","Vàng nhẫn SJC 9999",52100000,55100000,3000000,5210000,5510000,1805.5,52600000,55600000,"23:30"
"13/07/2021","2021-07-13","Thứ Ba","Vàng nhẫn SJC 9999",52200000,55200000,3000000,5220000,5520000,1809.4,52700000,55700000,"23:30"
"14/07/2021","2021-07-14","Thứ Tư","Vàng nhẫn SJC 9999",52600000,55600000,3000000,5260000,5560000,1824.3,53100000,56100000,"23:30"
"15/07/2021","2021-07-15","Thứ Năm","Vàng nhẫn SJC 9999",52800000,55800000,3000000,5280000,5580000,1828.4,53300000,56300000,"23:30"
"16/07/2021","2021-07-16","Thứ Sáu","Vàng nhẫn SJC 9999",52300000,55300000,3000000,5230000,5530000,1814.5,52800000,55800000,"23:30"
"19/07/2021","2021-07-19","Thứ Hai","Vàng nhẫn SJC 9999",52200000,55200000,3000000,5220000,5520000,1808.7,52700000,55700000,"23:30"
"20/07/2021","2021-07-20","Thứ Ba","Vàng nhẫn SJC 9999",52200000,55200000,3000000,5220000,5520000,1810.9,52700000,55700000,"23:30"
"21/07/2021","2021-07-21","Thứ Tư","Vàng nhẫn SJC 9999",52000000,55000000,3000000,5200000,5500000,1802.9,52500000,55500000,"23:30"
"22/07/2021","2021-07-22","Thứ Năm","Vàng nhẫn SJC 9999",52100000,55100000,3000000,5210000,5510000,1805,52600000,55600000,"23:30"
"23/07/2021","2021-07-23","Thứ Sáu","Vàng nhẫn SJC 9999",51900000,54900000,3000000,5190000,5490000,1801.4,52400000,55400000,"23:30"
"26/07/2021","2021-07-26","Thứ Hai","Vàng nhẫn SJC 9999",51900000,54900000,3000000,5190000,5490000,1798.7,52400000,55400000,"23:30"
"27/07/2021","2021-07-27","Thứ Ba","Vàng nhẫn SJC 9999",51900000,54900000,3000000,5190000,5490000,1799.5,52400000,55400000,"23:30"
"28/07/2021","2021-07-28","Thứ Tư","Vàng nhẫn SJC 9999",51900000,54900000,3000000,5190000,5490000,1799.5,52400000,55400000,"23:30"
"29/07/2021","2021-07-29","Thứ Năm","Vàng nhẫn SJC 9999",52900000,55900000,3000000,5290000,5590000,1831.2,53400000,56400000,"23:30"
"30/07/2021","2021-07-30","Thứ Sáu","Vàng nhẫn SJC 9999",52300000,55300000,3000000,5230000,5530000,1812.6,52800000,55800000,"23:30"
"02/08/2021","2021-08-02","Thứ Hai","Vàng nhẫn SJC 9999",52500000,55500000,3000000,5250000,5550000,1818.1,53000000,56000000,"23:30"
"03/08/2021","2021-08-03","Thứ Ba","Vàng nhẫn SJC 9999",52200000,55200000,3000000,5220000,5520000,1810.1,52700000,55700000,"23:30"
"04/08/2021","2021-08-04","Thứ Tư","Vàng nhẫn SJC 9999",52200000,55200000,3000000,5220000,5520000,1810.5,52700000,55700000,"23:30"
"05/08/2021","2021-08-05","Thứ Năm","Vàng nhẫn SJC 9999",52100000,55100000,3000000,5210000,5510000,1805.1,52600000,55600000,"23:30"
"06/08/2021","2021-08-06","Thứ Sáu","Vàng nhẫn SJC 9999",50700000,53700000,3000000,5070000,5370000,1760,51200000,54200000,"23:30"
"09/08/2021","2021-08-09","Thứ Hai","Vàng nhẫn SJC 9999",49600000,52600000,3000000,4960000,5260000,1723.4,50100000,53100000,"23:30"
"10/08/2021","2021-08-10","Thứ Ba","Vàng nhẫn SJC 9999",49700000,52700000,3000000,4970000,5270000,1728.8,50200000,53200000,"23:30"
"11/08/2021","2021-08-11","Thứ Tư","Vàng nhẫn SJC 9999",50400000,53400000,3000000,5040000,5340000,1750.4,50900000,53900000,"23:30"
"12/08/2021","2021-08-12","Thứ Năm","Vàng nhẫn SJC 9999",50300000,53300000,3000000,5030000,5330000,1749,50800000,53800000,"23:30"
"13/08/2021","2021-08-13","Thứ Sáu","Vàng nhẫn SJC 9999",51100000,54100000,3000000,5110000,5410000,1775.2,51600000,54600000,"23:30"
"16/08/2021","2021-08-16","Thứ Hai","Vàng nhẫn SJC 9999",51500000,54500000,3000000,5150000,5450000,1786.9,52000000,55000000,"23:30"
"17/08/2021","2021-08-17","Thứ Ba","Vàng nhẫn SJC 9999",51400000,54400000,3000000,5140000,5440000,1785,51900000,54900000,"23:30"
"18/08/2021","2021-08-18","Thứ Tư","Vàng nhẫn SJC 9999",51300000,54300000,3000000,5130000,5430000,1781.6,51800000,54800000,"23:30"
"19/08/2021","2021-08-19","Thứ Năm","Vàng nhẫn SJC 9999",51300000,54300000,3000000,5130000,5430000,1780.2,51800000,54800000,"23:30"
"20/08/2021","2021-08-20","Thứ Sáu","Vàng nhẫn SJC 9999",51300000,54300000,3000000,5130000,5430000,1781,51800000,54800000,"23:30"
"23/08/2021","2021-08-23","Thứ Hai","Vàng nhẫn SJC 9999",52000000,55000000,3000000,5200000,5500000,1803.2,52500000,55500000,"23:30"
"24/08/2021","2021-08-24","Thứ Ba","Vàng nhẫn SJC 9999",52100000,55100000,3000000,5210000,5510000,1805.6,52600000,55600000,"23:30"
"25/08/2021","2021-08-25","Thứ Tư","Vàng nhẫn SJC 9999",51500000,54500000,3000000,5150000,5450000,1788.2,52000000,55000000,"23:30"
"26/08/2021","2021-08-26","Thứ Năm","Vàng nhẫn SJC 9999",51700000,54700000,3000000,5170000,5470000,1792.2,52200000,55200000,"23:30"
"27/08/2021","2021-08-27","Thứ Sáu","Vàng nhẫn SJC 9999",52400000,55400000,3000000,5240000,5540000,1816.6,52900000,55900000,"23:30"
"30/08/2021","2021-08-30","Thứ Hai","Vàng nhẫn SJC 9999",52200000,55200000,3000000,5220000,5520000,1809,52700000,55700000,"23:30"
"31/08/2021","2021-08-31","Thứ Ba","Vàng nhẫn SJC 9999",52400000,55400000,3000000,5240000,5540000,1815,52900000,55900000,"23:30"
"01/09/2021","2021-09-01","Thứ Tư","Vàng nhẫn SJC 9999",52300000,55300000,3000000,5230000,5530000,1813.1,52800000,55800000,"23:30"
"02/09/2021","2021-09-02","Thứ Năm","Vàng nhẫn SJC 9999",52200000,55200000,3000000,5220000,5520000,1808.7,52700000,55700000,"23:30"
"03/09/2021","2021-09-03","Thứ Sáu","Vàng nhẫn SJC 9999",52800000,55800000,3000000,5280000,5580000,1830.9,53300000,56300000,"23:30"
"07/09/2021","2021-09-07","Thứ Ba","Vàng nhẫn SJC 9999",51800000,54800000,3000000,5180000,5480000,1795.9,52300000,55300000,"23:30"
"08/09/2021","2021-09-08","Thứ Tư","Vàng nhẫn SJC 9999",51600000,54600000,3000000,5160000,5460000,1790.7,52100000,55100000,"23:30"
"09/09/2021","2021-09-09","Thứ Năm","Vàng nhẫn SJC 9999",51800000,54800000,3000000,5180000,5480000,1797.4,52300000,55300000,"23:30"
"10/09/2021","2021-09-10","Thứ Sáu","Vàng nhẫn SJC 9999",51600000,54600000,3000000,5160000,5460000,1789.6,52100000,55100000,"23:30"
"13/09/2021","2021-09-13","Thứ Hai","Vàng nhẫn SJC 9999",51700000,54700000,3000000,5170000,5470000,1792,52200000,55200000,"23:30"
"14/09/2021","2021-09-14","Thứ Ba","Vàng nhẫn SJC 9999",52000000,55000000,3000000,5200000,5500000,1804.7,52500000,55500000,"23:30"
"15/09/2021","2021-09-15","Thứ Tư","Vàng nhẫn SJC 9999",51700000,54700000,3000000,5170000,5470000,1792.4,52200000,55200000,"23:30"
"16/09/2021","2021-09-16","Thứ Năm","Vàng nhẫn SJC 9999",50500000,53500000,3000000,5050000,5350000,1754.6,51000000,54000000,"23:30"
"17/09/2021","2021-09-17","Thứ Sáu","Vàng nhẫn SJC 9999",50400000,53400000,3000000,5040000,5340000,1749.4,50900000,53900000,"23:30"
"20/09/2021","2021-09-20","Thứ Hai","Vàng nhẫn SJC 9999",50700000,53700000,3000000,5070000,5370000,1761.8,51200000,54200000,"23:30"
"21/09/2021","2021-09-21","Thứ Ba","Vàng nhẫn SJC 9999",51200000,54200000,3000000,5120000,5420000,1776,51700000,54700000,"23:30"
"22/09/2021","2021-09-22","Thứ Tư","Vàng nhẫn SJC 9999",51200000,54200000,3000000,5120000,5420000,1776.7,51700000,54700000,"23:30"
"23/09/2021","2021-09-23","Thứ Năm","Vàng nhẫn SJC 9999",50300000,53300000,3000000,5030000,5330000,1747.7,50800000,53800000,"23:30"
"24/09/2021","2021-09-24","Thứ Sáu","Vàng nhẫn SJC 9999",50400000,53400000,3000000,5040000,5340000,1749.7,50900000,53900000,"23:30"
"27/09/2021","2021-09-27","Thứ Hai","Vàng nhẫn SJC 9999",50400000,53400000,3000000,5040000,5340000,1750,50900000,53900000,"23:30"
"28/09/2021","2021-09-28","Thứ Ba","Vàng nhẫn SJC 9999",49900000,52900000,3000000,4990000,5290000,1735.8,50400000,53400000,"23:30"
"29/09/2021","2021-09-29","Thứ Tư","Vàng nhẫn SJC 9999",49500000,52500000,3000000,4950000,5250000,1721.5,50000000,53000000,"23:30"
"30/09/2021","2021-09-30","Thứ Năm","Vàng nhẫn SJC 9999",50500000,53500000,3000000,5050000,5350000,1755.3,51000000,54000000,"23:30"
"01/10/2021","2021-10-01","Thứ Sáu","Vàng nhẫn SJC 9999",50600000,53600000,3000000,5060000,5360000,1757,51100000,54100000,"23:30"
"04/10/2021","2021-10-04","Thứ Hai","Vàng nhẫn SJC 9999",50900000,53900000,3000000,5090000,5390000,1766.2,51400000,54400000,"23:30"
"05/10/2021","2021-10-05","Thứ Ba","Vàng nhẫn SJC 9999",50700000,53700000,3000000,5070000,5370000,1759.6,51200000,54200000,"23:30"
"06/10/2021","2021-10-06","Thứ Tư","Vàng nhẫn SJC 9999",50700000,53700000,3000000,5070000,5370000,1760.5,51200000,54200000,"23:30"
"07/10/2021","2021-10-07","Thứ Năm","Vàng nhẫn SJC 9999",50600000,53600000,3000000,5060000,5360000,1757.9,51100000,54100000,"23:30"
"08/10/2021","2021-10-08","Thứ Sáu","Vàng nhẫn SJC 9999",50600000,53600000,3000000,5060000,5360000,1756.3,51100000,54100000,"23:30"
"11/10/2021","2021-10-11","Thứ Hai","Vàng nhẫn SJC 9999",50500000,53500000,3000000,5050000,5350000,1754.6,51000000,54000000,"23:30"
"12/10/2021","2021-10-12","Thứ Ba","Vàng nhẫn SJC 9999",50600000,53600000,3000000,5060000,5360000,1758.3,51100000,54100000,"23:30"
"13/10/2021","2021-10-13","Thứ Tư","Vàng nhẫn SJC 9999",51700000,54700000,3000000,5170000,5470000,1793.7,52200000,55200000,"23:30"
"14/10/2021","2021-10-14","Thứ Năm","Vàng nhẫn SJC 9999",51800000,54800000,3000000,5180000,5480000,1796.7,52300000,55300000,"23:30"
"15/10/2021","2021-10-15","Thứ Sáu","Vàng nhẫn SJC 9999",50900000,53900000,3000000,5090000,5390000,1767.2,51400000,54400000,"23:30"
"18/10/2021","2021-10-18","Thứ Hai","Vàng nhẫn SJC 9999",50800000,53800000,3000000,5080000,5380000,1764.8,51300000,54300000,"23:30"
"19/10/2021","2021-10-19","Thứ Ba","Vàng nhẫn SJC 9999",51000000,54000000,3000000,5100000,5400000,1769.7,51500000,54500000,"23:30"
"20/10/2021","2021-10-20","Thứ Tư","Vàng nhẫn SJC 9999",51400000,54400000,3000000,5140000,5440000,1784.1,51900000,54900000,"23:30"
"21/10/2021","2021-10-21","Thứ Năm","Vàng nhẫn SJC 9999",51300000,54300000,3000000,5130000,5430000,1781.2,51800000,54800000,"23:30"
"22/10/2021","2021-10-22","Thứ Sáu","Vàng nhẫn SJC 9999",51800000,54800000,3000000,5180000,5480000,1795.5,52300000,55300000,"23:30"
"25/10/2021","2021-10-25","Thứ Hai","Vàng nhẫn SJC 9999",52100000,55100000,3000000,5210000,5510000,1806,52600000,55600000,"23:30"
"26/10/2021","2021-10-26","Thứ Ba","Vàng nhẫn SJC 9999",51700000,54700000,3000000,5170000,5470000,1792.7,52200000,55200000,"23:30"
"27/10/2021","2021-10-27","Thứ Tư","Vàng nhẫn SJC 9999",51800000,54800000,3000000,5180000,5480000,1797.9,52300000,55300000,"23:30"
"28/10/2021","2021-10-28","Thứ Năm","Vàng nhẫn SJC 9999",52000000,55000000,3000000,5200000,5500000,1801.6,52500000,55500000,"23:30"
"29/10/2021","2021-10-29","Thứ Sáu","Vàng nhẫn SJC 9999",51400000,54400000,3000000,5140000,5440000,1783,51900000,54900000,"23:30"
"01/11/2021","2021-11-01","Thứ Hai","Vàng nhẫn SJC 9999",51800000,54800000,3000000,5180000,5480000,1795.1,52300000,55300000,"23:30"
"02/11/2021","2021-11-02","Thứ Ba","Vàng nhẫn SJC 9999",51600000,54600000,3000000,5160000,5460000,1788.7,52100000,55100000,"23:30"
"03/11/2021","2021-11-03","Thứ Tư","Vàng nhẫn SJC 9999",50800000,53800000,3000000,5080000,5380000,1763.6,51300000,54300000,"23:30"
"04/11/2021","2021-11-04","Thứ Năm","Vàng nhẫn SJC 9999",51700000,54700000,3000000,5170000,5470000,1793,52200000,55200000,"23:30"
"05/11/2021","2021-11-05","Thứ Sáu","Vàng nhẫn SJC 9999",52400000,55400000,3000000,5240000,5540000,1816.4,52900000,55900000,"23:30"
"08/11/2021","2021-11-08","Thứ Hai","Vàng nhẫn SJC 9999",52700000,55700000,3000000,5270000,5570000,1827.4,53200000,56200000,"23:30"
"09/11/2021","2021-11-09","Thứ Ba","Vàng nhẫn SJC 9999",52800000,55800000,3000000,5280000,5580000,1830.2,53300000,56300000,"23:30"
"10/11/2021","2021-11-10","Thứ Tư","Vàng nhẫn SJC 9999",53400000,56400000,3000000,5340000,5640000,1847.6,53900000,56900000,"23:30"
"11/11/2021","2021-11-11","Thứ Năm","Vàng nhẫn SJC 9999",53800000,56800000,3000000,5380000,5680000,1863.2,54300000,57300000,"23:30"
"12/11/2021","2021-11-12","Thứ Sáu","Vàng nhẫn SJC 9999",54000000,57000000,3000000,5400000,5700000,1867.9,54500000,57500000,"23:30"
"15/11/2021","2021-11-15","Thứ Hai","Vàng nhẫn SJC 9999",53900000,56900000,3000000,5390000,5690000,1866.1,54400000,57400000,"23:30"
"16/11/2021","2021-11-16","Thứ Ba","Vàng nhẫn SJC 9999",53500000,56500000,3000000,5350000,5650000,1853.6,54000000,57000000,"23:30"
"17/11/2021","2021-11-17","Thứ Tư","Vàng nhẫn SJC 9999",54000000,57000000,3000000,5400000,5700000,1869.7,54500000,57500000,"23:30"
"18/11/2021","2021-11-18","Thứ Năm","Vàng nhẫn SJC 9999",53800000,56800000,3000000,5380000,5680000,1861,54300000,57300000,"23:30"
"19/11/2021","2021-11-19","Thứ Sáu","Vàng nhẫn SJC 9999",53500000,56500000,3000000,5350000,5650000,1851.2,54000000,57000000,"23:30"
"22/11/2021","2021-11-22","Thứ Hai","Vàng nhẫn SJC 9999",52100000,55100000,3000000,5210000,5510000,1806,52600000,55600000,"23:30"
"23/11/2021","2021-11-23","Thứ Ba","Vàng nhẫn SJC 9999",51400000,54400000,3000000,5140000,5440000,1783.5,51900000,54900000,"23:30"
"24/11/2021","2021-11-24","Thứ Tư","Vàng nhẫn SJC 9999",51400000,54400000,3000000,5140000,5440000,1784.1,51900000,54900000,"23:30"
"26/11/2021","2021-11-26","Thứ Sáu","Vàng nhẫn SJC 9999",51500000,54500000,3000000,5150000,5450000,1785.3,52000000,55000000,"23:30"
"29/11/2021","2021-11-29","Thứ Hai","Vàng nhẫn SJC 9999",51400000,54400000,3000000,5140000,5440000,1782.3,51900000,54900000,"23:30"
"30/11/2021","2021-11-30","Thứ Ba","Vàng nhẫn SJC 9999",51100000,54100000,3000000,5110000,5410000,1773.6,51600000,54600000,"23:30"
"01/12/2021","2021-12-01","Thứ Tư","Vàng nhẫn SJC 9999",51300000,54300000,3000000,5130000,5430000,1781.6,51800000,54800000,"23:30"
"02/12/2021","2021-12-02","Thứ Năm","Vàng nhẫn SJC 9999",50700000,53700000,3000000,5070000,5370000,1760.7,51200000,54200000,"23:30"
"03/12/2021","2021-12-03","Thứ Sáu","Vàng nhẫn SJC 9999",51400000,54400000,3000000,5140000,5440000,1782,51900000,54900000,"23:30"
"06/12/2021","2021-12-06","Thứ Hai","Vàng nhẫn SJC 9999",51200000,54200000,3000000,5120000,5420000,1777.5,51700000,54700000,"23:30"
"07/12/2021","2021-12-07","Thứ Ba","Vàng nhẫn SJC 9999",51400000,54400000,3000000,5140000,5440000,1782.6,51900000,54900000,"23:30"
"08/12/2021","2021-12-08","Thứ Tư","Vàng nhẫn SJC 9999",51400000,54400000,3000000,5140000,5440000,1783.4,51900000,54900000,"23:30"
"09/12/2021","2021-12-09","Thứ Năm","Vàng nhẫn SJC 9999",51100000,54100000,3000000,5110000,5410000,1774.6,51600000,54600000,"23:30"
"10/12/2021","2021-12-10","Thứ Sáu","Vàng nhẫn SJC 9999",51400000,54400000,3000000,5140000,5440000,1782.9,51900000,54900000,"23:30"
"13/12/2021","2021-12-13","Thứ Hai","Vàng nhẫn SJC 9999",51500000,54500000,3000000,5150000,5450000,1786.3,52000000,55000000,"23:30"
"14/12/2021","2021-12-14","Thứ Ba","Vàng nhẫn SJC 9999",51000000,54000000,3000000,5100000,5400000,1770.4,51500000,54500000,"23:30"
"15/12/2021","2021-12-15","Thứ Tư","Vàng nhẫn SJC 9999",50800000,53800000,3000000,5080000,5380000,1762.6,51300000,54300000,"23:30"
"16/12/2021","2021-12-16","Thứ Năm","Vàng nhẫn SJC 9999",51800000,54800000,3000000,5180000,5480000,1796.6,52300000,55300000,"23:30"
"17/12/2021","2021-12-17","Thứ Sáu","Vàng nhẫn SJC 9999",52000000,55000000,3000000,5200000,5500000,1803.8,52500000,55500000,"23:30"
"20/12/2021","2021-12-20","Thứ Hai","Vàng nhẫn SJC 9999",51700000,54700000,3000000,5170000,5470000,1793.7,52200000,55200000,"23:30"
"21/12/2021","2021-12-21","Thứ Ba","Vàng nhẫn SJC 9999",51500000,54500000,3000000,5150000,5450000,1787.9,52000000,55000000,"23:30"
"22/12/2021","2021-12-22","Thứ Tư","Vàng nhẫn SJC 9999",52000000,55000000,3000000,5200000,5500000,1801.6,52500000,55500000,"23:30"
"23/12/2021","2021-12-23","Thứ Năm","Vàng nhẫn SJC 9999",52200000,55200000,3000000,5220000,5520000,1811.2,52700000,55700000,"23:30"
"27/12/2021","2021-12-27","Thứ Hai","Vàng nhẫn SJC 9999",52200000,55200000,3000000,5220000,5520000,1808.1,52700000,55700000,"23:30"
"28/12/2021","2021-12-28","Thứ Ba","Vàng nhẫn SJC 9999",52200000,55200000,3000000,5220000,5520000,1810.2,52700000,55700000,"23:30"
"29/12/2021","2021-12-29","Thứ Tư","Vàng nhẫn SJC 9999",52100000,55100000,3000000,5210000,5510000,1805.1,52600000,55600000,"23:30"
"30/12/2021","2021-12-30","Thứ Năm","Vàng nhẫn SJC 9999",52300000,55300000,3000000,5230000,5530000,1812.7,52800000,55800000,"23:30"
"31/12/2021","2021-12-31","Thứ Sáu","Vàng nhẫn SJC 9999",52700000,55700000,3000000,5270000,5570000,1827.5,53200000,56200000,"23:30"
"03/01/2022","2022-01-03","Thứ Hai","Vàng nhẫn SJC 9999",54800000,57800000,3000000,5480000,5780000,1799.4,55300000,58300000,"23:30"
"04/01/2022","2022-01-04","Thứ Ba","Vàng nhẫn SJC 9999",55300000,58300000,3000000,5530000,5830000,1814,55800000,58800000,"23:30"
"05/01/2022","2022-01-05","Thứ Tư","Vàng nhẫn SJC 9999",55600000,58600000,3000000,5560000,5860000,1824.6,56100000,59100000,"23:30"
"06/01/2022","2022-01-06","Thứ Năm","Vàng nhẫn SJC 9999",54500000,57500000,3000000,5450000,5750000,1788.7,55000000,58000000,"23:30"
"07/01/2022","2022-01-07","Thứ Sáu","Vàng nhẫn SJC 9999",54800000,57800000,3000000,5480000,5780000,1797,55300000,58300000,"23:30"
"10/01/2022","2022-01-10","Thứ Hai","Vàng nhẫn SJC 9999",54800000,57800000,3000000,5480000,5780000,1798.4,55300000,58300000,"23:30"
"11/01/2022","2022-01-11","Thứ Ba","Vàng nhẫn SJC 9999",55400000,58400000,3000000,5540000,5840000,1818.6,55900000,58900000,"23:30"
"12/01/2022","2022-01-12","Thứ Tư","Vàng nhẫn SJC 9999",55700000,58700000,3000000,5570000,5870000,1827.2,56200000,59200000,"23:30"
"13/01/2022","2022-01-13","Thứ Năm","Vàng nhẫn SJC 9999",55500000,58500000,3000000,5550000,5850000,1821.2,56000000,59000000,"23:30"
"14/01/2022","2022-01-14","Thứ Sáu","Vàng nhẫn SJC 9999",55400000,58400000,3000000,5540000,5840000,1816.5,55900000,58900000,"23:30"
"18/01/2022","2022-01-18","Thứ Ba","Vàng nhẫn SJC 9999",55200000,58200000,3000000,5520000,5820000,1812.3,55700000,58700000,"23:30"
"19/01/2022","2022-01-19","Thứ Tư","Vàng nhẫn SJC 9999",56200000,59200000,3000000,5620000,5920000,1843.1,56700000,59700000,"23:30"
"20/01/2022","2022-01-20","Thứ Năm","Vàng nhẫn SJC 9999",56200000,59200000,3000000,5620000,5920000,1842.5,56700000,59700000,"23:30"
"21/01/2022","2022-01-21","Thứ Sáu","Vàng nhẫn SJC 9999",55900000,58900000,3000000,5590000,5890000,1831.8,56400000,59400000,"23:30"
"24/01/2022","2022-01-24","Thứ Hai","Vàng nhẫn SJC 9999",56200000,59200000,3000000,5620000,5920000,1841.7,56700000,59700000,"23:30"
"25/01/2022","2022-01-25","Thứ Ba","Vàng nhẫn SJC 9999",56500000,59500000,3000000,5650000,5950000,1852.7,57000000,60000000,"23:30"
"26/01/2022","2022-01-26","Thứ Tư","Vàng nhẫn SJC 9999",55800000,58800000,3000000,5580000,5880000,1829.9,56300000,59300000,"23:30"
"27/01/2022","2022-01-27","Thứ Năm","Vàng nhẫn SJC 9999",54600000,57600000,3000000,5460000,5760000,1793.3,55100000,58100000,"23:30"
"28/01/2022","2022-01-28","Thứ Sáu","Vàng nhẫn SJC 9999",54400000,57400000,3000000,5440000,5740000,1784.9,54900000,57900000,"23:30"
"31/01/2022","2022-01-31","Thứ Hai","Vàng nhẫn SJC 9999",54700000,57700000,3000000,5470000,5770000,1795,55200000,58200000,"23:30"
"01/02/2022","2022-02-01","Thứ Ba","Vàng nhẫn SJC 9999",54900000,57900000,3000000,5490000,5790000,1800.3,55400000,58400000,"23:30"
"02/02/2022","2022-02-02","Thứ Tư","Vàng nhẫn SJC 9999",55100000,58100000,3000000,5510000,5810000,1809.2,55600000,58600000,"23:30"
"03/02/2022","2022-02-03","Thứ Năm","Vàng nhẫn SJC 9999",54900000,57900000,3000000,5490000,5790000,1803,55400000,58400000,"23:30"
"04/02/2022","2022-02-04","Thứ Sáu","Vàng nhẫn SJC 9999",55100000,58100000,3000000,5510000,5810000,1806.6,55600000,58600000,"23:30"
"07/02/2022","2022-02-07","Thứ Hai","Vàng nhẫn SJC 9999",55500000,58500000,3000000,5550000,5850000,1820.6,56000000,59000000,"23:30"
"08/02/2022","2022-02-08","Thứ Ba","Vàng nhẫn SJC 9999",55700000,58700000,3000000,5570000,5870000,1826.6,56200000,59200000,"23:30"
"09/02/2022","2022-02-09","Thứ Tư","Vàng nhẫn SJC 9999",56000000,59000000,3000000,5600000,5900000,1835.2,56500000,59500000,"23:30"
"10/02/2022","2022-02-10","Thứ Năm","Vàng nhẫn SJC 9999",56000000,59000000,3000000,5600000,5900000,1836.2,56500000,59500000,"23:30"
"11/02/2022","2022-02-11","Thứ Sáu","Vàng nhẫn SJC 9999",56200000,59200000,3000000,5620000,5920000,1840.8,56700000,59700000,"23:30"
"14/02/2022","2022-02-14","Thứ Hai","Vàng nhẫn SJC 9999",57000000,60000000,3000000,5700000,6000000,1868,57500000,60500000,"23:30"
"15/02/2022","2022-02-15","Thứ Ba","Vàng nhẫn SJC 9999",56600000,59600000,3000000,5660000,5960000,1854.8,57100000,60100000,"23:30"
"16/02/2022","2022-02-16","Thứ Tư","Vàng nhẫn SJC 9999",57100000,60100000,3000000,5710000,6010000,1870.2,57600000,60600000,"23:30"
"17/02/2022","2022-02-17","Thứ Năm","Vàng nhẫn SJC 9999",58100000,61100000,3000000,5810000,6110000,1900.7,58600000,61600000,"23:30"
"18/02/2022","2022-02-18","Thứ Sáu","Vàng nhẫn SJC 9999",58000000,61000000,3000000,5800000,6100000,1898.6,58500000,61500000,"23:30"
"22/02/2022","2022-02-22","Thứ Ba","Vàng nhẫn SJC 9999",58300000,61300000,3000000,5830000,6130000,1906.1,58800000,61800000,"23:30"
"23/02/2022","2022-02-23","Thứ Tư","Vàng nhẫn SJC 9999",58400000,61400000,3000000,5840000,6140000,1909.2,58900000,61900000,"23:30"
"24/02/2022","2022-02-24","Thứ Năm","Vàng nhẫn SJC 9999",58900000,61900000,3000000,5890000,6190000,1925.1,59400000,62400000,"23:30"
"25/02/2022","2022-02-25","Thứ Sáu","Vàng nhẫn SJC 9999",57600000,60600000,3000000,5760000,6060000,1886.5,58100000,61100000,"23:30"
"28/02/2022","2022-02-28","Thứ Hai","Vàng nhẫn SJC 9999",58000000,61000000,3000000,5800000,6100000,1899.4,58500000,61500000,"23:30"
"01/03/2022","2022-03-01","Thứ Ba","Vàng nhẫn SJC 9999",59400000,62400000,3000000,5940000,6240000,1942.4,59900000,62900000,"23:30"
"02/03/2022","2022-03-02","Thứ Tư","Vàng nhẫn SJC 9999",58700000,61700000,3000000,5870000,6170000,1920.9,59200000,62200000,"23:30"
"03/03/2022","2022-03-03","Thứ Năm","Vàng nhẫn SJC 9999",59200000,62200000,3000000,5920000,6220000,1934.4,59700000,62700000,"23:30"
"04/03/2022","2022-03-04","Thứ Sáu","Vàng nhẫn SJC 9999",60200000,63200000,3000000,6020000,6320000,1965.1,60700000,63700000,"23:30"
"07/03/2022","2022-03-07","Thứ Hai","Vàng nhẫn SJC 9999",61100000,64100000,3000000,6110000,6410000,1993.9,61600000,64600000,"23:30"
"08/03/2022","2022-03-08","Thứ Ba","Vàng nhẫn SJC 9999",62600000,65600000,3000000,6260000,6560000,2040.1,63100000,66100000,"23:30"
"09/03/2022","2022-03-09","Thứ Tư","Vàng nhẫn SJC 9999",60800000,63800000,3000000,6080000,6380000,1985.9,61300000,64300000,"23:30"
"10/03/2022","2022-03-10","Thứ Năm","Vàng nhẫn SJC 9999",61200000,64200000,3000000,6120000,6420000,1998.1,61700000,64700000,"23:30"
"11/03/2022","2022-03-11","Thứ Sáu","Vàng nhẫn SJC 9999",60700000,63700000,3000000,6070000,6370000,1982.7,61200000,64200000,"23:30"
"14/03/2022","2022-03-14","Thứ Hai","Vàng nhẫn SJC 9999",60000000,63000000,3000000,6000000,6300000,1959.6,60500000,63500000,"23:30"
"15/03/2022","2022-03-15","Thứ Ba","Vàng nhẫn SJC 9999",59000000,62000000,3000000,5900000,6200000,1928.5,59500000,62500000,"23:30"
"16/03/2022","2022-03-16","Thứ Tư","Vàng nhẫn SJC 9999",58300000,61300000,3000000,5830000,6130000,1908,58800000,61800000,"23:30"
"17/03/2022","2022-03-17","Thứ Năm","Vàng nhẫn SJC 9999",59400000,62400000,3000000,5940000,6240000,1942.1,59900000,62900000,"23:30"
"18/03/2022","2022-03-18","Thứ Sáu","Vàng nhẫn SJC 9999",59000000,62000000,3000000,5900000,6200000,1928.2,59500000,62500000,"23:30"
"21/03/2022","2022-03-21","Thứ Hai","Vàng nhẫn SJC 9999",59000000,62000000,3000000,5900000,6200000,1928.6,59500000,62500000,"23:30"
"22/03/2022","2022-03-22","Thứ Ba","Vàng nhẫn SJC 9999",58700000,61700000,3000000,5870000,6170000,1920.7,59200000,62200000,"23:30"
"23/03/2022","2022-03-23","Thứ Tư","Vàng nhẫn SJC 9999",59200000,62200000,3000000,5920000,6220000,1936.6,59700000,62700000,"23:30"
"24/03/2022","2022-03-24","Thứ Năm","Vàng nhẫn SJC 9999",60000000,63000000,3000000,6000000,6300000,1961.6,60500000,63500000,"23:30"
"25/03/2022","2022-03-25","Thứ Sáu","Vàng nhẫn SJC 9999",59800000,62800000,3000000,5980000,6280000,1953.8,60300000,63300000,"23:30"
"28/03/2022","2022-03-28","Thứ Hai","Vàng nhẫn SJC 9999",59300000,62300000,3000000,5930000,6230000,1939.6,59800000,62800000,"23:30"
"29/03/2022","2022-03-29","Thứ Ba","Vàng nhẫn SJC 9999",58400000,61400000,3000000,5840000,6140000,1912,58900000,61900000,"23:30"
"30/03/2022","2022-03-30","Thứ Tư","Vàng nhẫn SJC 9999",59100000,62100000,3000000,5910000,6210000,1933.5,59600000,62600000,"23:30"
"31/03/2022","2022-03-31","Thứ Năm","Vàng nhẫn SJC 9999",59600000,62600000,3000000,5960000,6260000,1949.2,60100000,63100000,"23:30"
"01/04/2022","2022-04-01","Thứ Sáu","Vàng nhẫn SJC 9999",58700000,61700000,3000000,5870000,6170000,1919.1,59200000,62200000,"23:30"
"04/04/2022","2022-04-04","Thứ Hai","Vàng nhẫn SJC 9999",59000000,62000000,3000000,5900000,6200000,1929.2,59500000,62500000,"23:30"
"05/04/2022","2022-04-05","Thứ Ba","Vàng nhẫn SJC 9999",58800000,61800000,3000000,5880000,6180000,1922.9,59300000,62300000,"23:30"
"06/04/2022","2022-04-06","Thứ Tư","Vàng nhẫn SJC 9999",58700000,61700000,3000000,5870000,6170000,1918.4,59200000,62200000,"23:30"
"07/04/2022","2022-04-07","Thứ Năm","Vàng nhẫn SJC 9999",59100000,62100000,3000000,5910000,6210000,1933.8,59600000,62600000,"23:30"
"08/04/2022","2022-04-08","Thứ Sáu","Vàng nhẫn SJC 9999",59400000,62400000,3000000,5940000,6240000,1941.6,59900000,62900000,"23:30"
"11/04/2022","2022-04-11","Thứ Hai","Vàng nhẫn SJC 9999",59500000,62500000,3000000,5950000,6250000,1944.3,60000000,63000000,"23:30"
"12/04/2022","2022-04-12","Thứ Ba","Vàng nhẫn SJC 9999",60400000,63400000,3000000,6040000,6340000,1972.1,60900000,63900000,"23:30"
"13/04/2022","2022-04-13","Thứ Tư","Vàng nhẫn SJC 9999",60700000,63700000,3000000,6070000,6370000,1981,61200000,64200000,"23:30"
"14/04/2022","2022-04-14","Thứ Năm","Vàng nhẫn SJC 9999",60300000,63300000,3000000,6030000,6330000,1970.9,60800000,63800000,"23:30"
"18/04/2022","2022-04-18","Thứ Hai","Vàng nhẫn SJC 9999",60700000,63700000,3000000,6070000,6370000,1982.9,61200000,64200000,"23:30"
"19/04/2022","2022-04-19","Thứ Ba","Vàng nhẫn SJC 9999",59900000,62900000,3000000,5990000,6290000,1955.7,60400000,63400000,"23:30"
"20/04/2022","2022-04-20","Thứ Tư","Vàng nhẫn SJC 9999",59700000,62700000,3000000,5970000,6270000,1952.3,60200000,63200000,"23:30"
"21/04/2022","2022-04-21","Thứ Năm","Vàng nhẫn SJC 9999",59500000,62500000,3000000,5950000,6250000,1944.9,60000000,63000000,"23:30"
"22/04/2022","2022-04-22","Thứ Sáu","Vàng nhẫn SJC 9999",59100000,62100000,3000000,5910000,6210000,1931,59600000,62600000,"23:30"
"25/04/2022","2022-04-25","Thứ Hai","Vàng nhẫn SJC 9999",57800000,60800000,3000000,5780000,6080000,1893.2,58300000,61300000,"23:30"
"26/04/2022","2022-04-26","Thứ Ba","Vàng nhẫn SJC 9999",58100000,61100000,3000000,5810000,6110000,1901.4,58600000,61600000,"23:30"
"27/04/2022","2022-04-27","Thứ Tư","Vàng nhẫn SJC 9999",57600000,60600000,3000000,5760000,6060000,1885.9,58100000,61100000,"23:30"
"28/04/2022","2022-04-28","Thứ Năm","Vàng nhẫn SJC 9999",57700000,60700000,3000000,5770000,6070000,1888.7,58200000,61200000,"23:30"
"29/04/2022","2022-04-29","Thứ Sáu","Vàng nhẫn SJC 9999",58400000,61400000,3000000,5840000,6140000,1909.3,58900000,61900000,"23:30"
"02/05/2022","2022-05-02","Thứ Hai","Vàng nhẫn SJC 9999",56800000,59800000,3000000,5680000,5980000,1861.8,57300000,60300000,"23:30"
"03/05/2022","2022-05-03","Thứ Ba","Vàng nhẫn SJC 9999",57100000,60100000,3000000,5710000,6010000,1868.8,57600000,60600000,"23:30"
"04/05/2022","2022-05-04","Thứ Tư","Vàng nhẫn SJC 9999",57000000,60000000,3000000,5700000,6000000,1867,57500000,60500000,"23:30"
"05/05/2022","2022-05-05","Thứ Năm","Vàng nhẫn SJC 9999",57200000,60200000,3000000,5720000,6020000,1874,57700000,60700000,"23:30"
"06/05/2022","2022-05-06","Thứ Sáu","Vàng nhẫn SJC 9999",57500000,60500000,3000000,5750000,6050000,1881.2,58000000,61000000,"23:30"
"09/05/2022","2022-05-09","Thứ Hai","Vàng nhẫn SJC 9999",56700000,59700000,3000000,5670000,5970000,1857.1,57200000,60200000,"23:30"
"10/05/2022","2022-05-10","Thứ Ba","Vàng nhẫn SJC 9999",56100000,59100000,3000000,5610000,5910000,1839.9,56600000,59600000,"23:30"
"11/05/2022","2022-05-11","Thứ Tư","Vàng nhẫn SJC 9999",56500000,59500000,3000000,5650000,5950000,1852.6,57000000,60000000,"23:30"
"12/05/2022","2022-05-12","Thứ Năm","Vàng nhẫn SJC 9999",55600000,58600000,3000000,5560000,5860000,1823.8,56100000,59100000,"23:30"
"13/05/2022","2022-05-13","Thứ Sáu","Vàng nhẫn SJC 9999",55100000,58100000,3000000,5510000,5810000,1807.4,55600000,58600000,"23:30"
"16/05/2022","2022-05-16","Thứ Hai","Vàng nhẫn SJC 9999",55300000,58300000,3000000,5530000,5830000,1813.5,55800000,58800000,"23:30"
"17/05/2022","2022-05-17","Thứ Ba","Vàng nhẫn SJC 9999",55400000,58400000,3000000,5540000,5840000,1818.2,55900000,58900000,"23:30"
"18/05/2022","2022-05-18","Thứ Tư","Vàng nhẫn SJC 9999",55400000,58400000,3000000,5540000,5840000,1815.9,55900000,58900000,"23:30"
"19/05/2022","2022-05-19","Thứ Năm","Vàng nhẫn SJC 9999",56200000,59200000,3000000,5620000,5920000,1841.2,56700000,59700000,"23:30"
"20/05/2022","2022-05-20","Thứ Sáu","Vàng nhẫn SJC 9999",56200000,59200000,3000000,5620000,5920000,1841.8,56700000,59700000,"23:30"
"23/05/2022","2022-05-23","Thứ Hai","Vàng nhẫn SJC 9999",56400000,59400000,3000000,5640000,5940000,1847.8,56900000,59900000,"23:30"
"24/05/2022","2022-05-24","Thứ Ba","Vàng nhẫn SJC 9999",56900000,59900000,3000000,5690000,5990000,1865.1,57400000,60400000,"23:30"
"25/05/2022","2022-05-25","Thứ Tư","Vàng nhẫn SJC 9999",56300000,59300000,3000000,5630000,5930000,1846.2,56800000,59800000,"23:30"
"26/05/2022","2022-05-26","Thứ Năm","Vàng nhẫn SJC 9999",56400000,59400000,3000000,5640000,5940000,1847.4,56900000,59900000,"23:30"
"27/05/2022","2022-05-27","Thứ Sáu","Vàng nhẫn SJC 9999",56500000,59500000,3000000,5650000,5950000,1851.3,57000000,60000000,"23:30"
"31/05/2022","2022-05-31","Thứ Ba","Vàng nhẫn SJC 9999",56200000,59200000,3000000,5620000,5920000,1842.7,56700000,59700000,"23:30"
"01/06/2022","2022-06-01","Thứ Tư","Vàng nhẫn SJC 9999",56200000,59200000,3000000,5620000,5920000,1843.3,56700000,59700000,"23:30"
"02/06/2022","2022-06-02","Thứ Năm","Vàng nhẫn SJC 9999",57000000,60000000,3000000,5700000,6000000,1866.5,57500000,60500000,"23:30"
"03/06/2022","2022-06-03","Thứ Sáu","Vàng nhẫn SJC 9999",56300000,59300000,3000000,5630000,5930000,1845.4,56800000,59800000,"23:30"
"06/06/2022","2022-06-06","Thứ Hai","Vàng nhẫn SJC 9999",56100000,59100000,3000000,5610000,5910000,1839.2,56600000,59600000,"23:30"
"07/06/2022","2022-06-07","Thứ Ba","Vàng nhẫn SJC 9999",56400000,59400000,3000000,5640000,5940000,1847.5,56900000,59900000,"23:30"
"08/06/2022","2022-06-08","Thứ Tư","Vàng nhẫn SJC 9999",56500000,59500000,3000000,5650000,5950000,1851.9,57000000,60000000,"23:30"
"09/06/2022","2022-06-09","Thứ Năm","Vàng nhẫn SJC 9999",56400000,59400000,3000000,5640000,5940000,1848.8,56900000,59900000,"23:30"
"10/06/2022","2022-06-10","Thứ Sáu","Vàng nhẫn SJC 9999",57100000,60100000,3000000,5710000,6010000,1871.5,57600000,60600000,"23:30"
"13/06/2022","2022-06-13","Thứ Hai","Vàng nhẫn SJC 9999",55700000,58700000,3000000,5570000,5870000,1828,56200000,59200000,"23:30"
"14/06/2022","2022-06-14","Thứ Ba","Vàng nhẫn SJC 9999",55200000,58200000,3000000,5520000,5820000,1809.5,55700000,58700000,"23:30"
"15/06/2022","2022-06-15","Thứ Tư","Vàng nhẫn SJC 9999",55300000,58300000,3000000,5530000,5830000,1815.3,55800000,58800000,"23:30"
"16/06/2022","2022-06-16","Thứ Năm","Vàng nhẫn SJC 9999",56300000,59300000,3000000,5630000,5930000,1845.7,56800000,59800000,"23:30"
"17/06/2022","2022-06-17","Thứ Sáu","Vàng nhẫn SJC 9999",56000000,59000000,3000000,5600000,5900000,1835.6,56500000,59500000,"23:30"
"21/06/2022","2022-06-21","Thứ Ba","Vàng nhẫn SJC 9999",56000000,59000000,3000000,5600000,5900000,1834.6,56500000,59500000,"23:30"
"22/06/2022","2022-06-22","Thứ Tư","Vàng nhẫn SJC 9999",56000000,59000000,3000000,5600000,5900000,1834.3,56500000,59500000,"23:30"
"23/06/2022","2022-06-23","Thứ Năm","Vàng nhẫn SJC 9999",55700000,58700000,3000000,5570000,5870000,1825.7,56200000,59200000,"23:30"
"24/06/2022","2022-06-24","Thứ Sáu","Vàng nhẫn SJC 9999",55700000,58700000,3000000,5570000,5870000,1826.5,56200000,59200000,"23:30"
"27/06/2022","2022-06-27","Thứ Hai","Vàng nhẫn SJC 9999",55500000,58500000,3000000,5550000,5850000,1820.9,56000000,59000000,"23:30"
"28/06/2022","2022-06-28","Thứ Ba","Vàng nhẫn SJC 9999",55400000,58400000,3000000,5540000,5840000,1817.5,55900000,58900000,"23:30"
"29/06/2022","2022-06-29","Thứ Tư","Vàng nhẫn SJC 9999",55300000,58300000,3000000,5530000,5830000,1813.7,55800000,58800000,"23:30"
"30/06/2022","2022-06-30","Thứ Năm","Vàng nhẫn SJC 9999",55000000,58000000,3000000,5500000,5800000,1804.1,55500000,58500000,"23:30"
"01/07/2022","2022-07-01","Thứ Sáu","Vàng nhẫn SJC 9999",54800000,57800000,3000000,5480000,5780000,1798.9,55300000,58300000,"23:30"
"05/07/2022","2022-07-05","Thứ Ba","Vàng nhẫn SJC 9999",53600000,56600000,3000000,5360000,5660000,1761.8,54100000,57100000,"23:30"
"06/07/2022","2022-07-06","Thứ Tư","Vàng nhẫn SJC 9999",52800000,55800000,3000000,5280000,5580000,1734.9,53300000,56300000,"23:30"
"07/07/2022","2022-07-07","Thứ Năm","Vàng nhẫn SJC 9999",52900000,55900000,3000000,5290000,5590000,1737.9,53400000,56400000,"23:30"
"08/07/2022","2022-07-08","Thứ Sáu","Vàng nhẫn SJC 9999",52900000,55900000,3000000,5290000,5590000,1740.6,53400000,56400000,"23:30"
"11/07/2022","2022-07-11","Thứ Hai","Vàng nhẫn SJC 9999",52600000,55600000,3000000,5260000,5560000,1730,53100000,56100000,"23:30"
"12/07/2022","2022-07-12","Thứ Ba","Vàng nhẫn SJC 9999",52400000,55400000,3000000,5240000,5540000,1723.3,52900000,55900000,"23:30"
"13/07/2022","2022-07-13","Thứ Tư","Vàng nhẫn SJC 9999",52700000,55700000,3000000,5270000,5570000,1734.2,53200000,56200000,"23:30"
"14/07/2022","2022-07-14","Thứ Năm","Vàng nhẫn SJC 9999",51800000,54800000,3000000,5180000,5480000,1704.5,52300000,55300000,"23:30"
"15/07/2022","2022-07-15","Thứ Sáu","Vàng nhẫn SJC 9999",51700000,54700000,3000000,5170000,5470000,1702.4,52200000,55200000,"23:30"
"18/07/2022","2022-07-18","Thứ Hai","Vàng nhẫn SJC 9999",51900000,54900000,3000000,5190000,5490000,1709.2,52400000,55400000,"23:30"
"19/07/2022","2022-07-19","Thứ Ba","Vàng nhẫn SJC 9999",52000000,55000000,3000000,5200000,5500000,1710,52500000,55500000,"23:30"
"20/07/2022","2022-07-20","Thứ Tư","Vàng nhẫn SJC 9999",51600000,54600000,3000000,5160000,5460000,1699.5,52100000,55100000,"23:30"
"21/07/2022","2022-07-21","Thứ Năm","Vàng nhẫn SJC 9999",52000000,55000000,3000000,5200000,5500000,1712.7,52500000,55500000,"23:30"
"22/07/2022","2022-07-22","Thứ Sáu","Vàng nhẫn SJC 9999",52500000,55500000,3000000,5250000,5550000,1727.1,53000000,56000000,"23:30"
"25/07/2022","2022-07-25","Thứ Hai","Vàng nhẫn SJC 9999",52200000,55200000,3000000,5220000,5520000,1719,52700000,55700000,"23:30"
"26/07/2022","2022-07-26","Thứ Ba","Vàng nhẫn SJC 9999",52200000,55200000,3000000,5220000,5520000,1717.7,52700000,55700000,"23:30"
"27/07/2022","2022-07-27","Thứ Tư","Vàng nhẫn SJC 9999",52200000,55200000,3000000,5220000,5520000,1719.1,52700000,55700000,"23:30"
"28/07/2022","2022-07-28","Thứ Năm","Vàng nhẫn SJC 9999",53300000,56300000,3000000,5330000,5630000,1750.3,53800000,56800000,"23:30"
"29/07/2022","2022-07-29","Thứ Sáu","Vàng nhẫn SJC 9999",53700000,56700000,3000000,5370000,5670000,1762.9,54200000,57200000,"23:30"
"01/08/2022","2022-08-01","Thứ Hai","Vàng nhẫn SJC 9999",53900000,56900000,3000000,5390000,5690000,1769,54400000,57400000,"23:30"
"02/08/2022","2022-08-02","Thứ Ba","Vàng nhẫn SJC 9999",53900000,56900000,3000000,5390000,5690000,1771.1,54400000,57400000,"23:30"
"03/08/2022","2022-08-03","Thứ Tư","Vàng nhẫn SJC 9999",53500000,56500000,3000000,5350000,5650000,1758,54000000,57000000,"23:30"
"04/08/2022","2022-08-04","Thứ Năm","Vàng nhẫn SJC 9999",54500000,57500000,3000000,5450000,5750000,1788.5,55000000,58000000,"23:30"
"05/08/2022","2022-08-05","Thứ Sáu","Vàng nhẫn SJC 9999",54000000,57000000,3000000,5400000,5700000,1772.9,54500000,57500000,"23:30"
"08/08/2022","2022-08-08","Thứ Hai","Vàng nhẫn SJC 9999",54400000,57400000,3000000,5440000,5740000,1786.8,54900000,57900000,"23:30"
"09/08/2022","2022-08-09","Thứ Ba","Vàng nhẫn SJC 9999",54700000,57700000,3000000,5470000,5770000,1794,55200000,58200000,"23:30"
"10/08/2022","2022-08-10","Thứ Tư","Vàng nhẫn SJC 9999",54700000,57700000,3000000,5470000,5770000,1795.6,55200000,58200000,"23:30"
"11/08/2022","2022-08-11","Thứ Năm","Vàng nhẫn SJC 9999",54500000,57500000,3000000,5450000,5750000,1789.7,55000000,58000000,"23:30"
"12/08/2022","2022-08-12","Thứ Sáu","Vàng nhẫn SJC 9999",54800000,57800000,3000000,5480000,5780000,1798.6,55300000,58300000,"23:30"
"15/08/2022","2022-08-15","Thứ Hai","Vàng nhẫn SJC 9999",54300000,57300000,3000000,5430000,5730000,1781.4,54800000,57800000,"23:30"
"16/08/2022","2022-08-16","Thứ Ba","Vàng nhẫn SJC 9999",54000000,57000000,3000000,5400000,5700000,1773.2,54500000,57500000,"23:30"
"17/08/2022","2022-08-17","Thứ Tư","Vàng nhẫn SJC 9999",53600000,56600000,3000000,5360000,5660000,1760.3,54100000,57100000,"23:30"
"18/08/2022","2022-08-18","Thứ Năm","Vàng nhẫn SJC 9999",53400000,56400000,3000000,5340000,5640000,1755.3,53900000,56900000,"23:30"
"19/08/2022","2022-08-19","Thứ Sáu","Vàng nhẫn SJC 9999",53200000,56200000,3000000,5320000,5620000,1747.6,53700000,56700000,"23:30"
"22/08/2022","2022-08-22","Thứ Hai","Vàng nhẫn SJC 9999",52700000,55700000,3000000,5270000,5570000,1734,53200000,56200000,"23:30"
"23/08/2022","2022-08-23","Thứ Ba","Vàng nhẫn SJC 9999",53100000,56100000,3000000,5310000,5610000,1746.8,53600000,56600000,"23:30"
"24/08/2022","2022-08-24","Thứ Tư","Vàng nhẫn SJC 9999",53200000,56200000,3000000,5320000,5620000,1747.8,53700000,56700000,"23:30"
"25/08/2022","2022-08-25","Thứ Năm","Vàng nhẫn SJC 9999",53500000,56500000,3000000,5350000,5650000,1757.7,54000000,57000000,"23:30"
"26/08/2022","2022-08-26","Thứ Sáu","Vàng nhẫn SJC 9999",52800000,55800000,3000000,5280000,5580000,1736.1,53300000,56300000,"23:30"
"29/08/2022","2022-08-29","Thứ Hai","Vàng nhẫn SJC 9999",52800000,55800000,3000000,5280000,5580000,1736.6,53300000,56300000,"23:30"
"30/08/2022","2022-08-30","Thứ Ba","Vàng nhẫn SJC 9999",52400000,55400000,3000000,5240000,5540000,1723.2,52900000,55900000,"23:30"
"31/08/2022","2022-08-31","Thứ Tư","Vàng nhẫn SJC 9999",52000000,55000000,3000000,5200000,5500000,1712.8,52500000,55500000,"23:30"
"01/09/2022","2022-09-01","Thứ Năm","Vàng nhẫn SJC 9999",51500000,54500000,3000000,5150000,5450000,1696.6,52000000,55000000,"23:30"
"02/09/2022","2022-09-02","Thứ Sáu","Vàng nhẫn SJC 9999",51900000,54900000,3000000,5190000,5490000,1709.8,52400000,55400000,"23:30"
"06/09/2022","2022-09-06","Thứ Ba","Vàng nhẫn SJC 9999",51600000,54600000,3000000,5160000,5460000,1700.4,52100000,55100000,"23:30"
"07/09/2022","2022-09-07","Thứ Tư","Vàng nhẫn SJC 9999",52100000,55100000,3000000,5210000,5510000,1715.3,52600000,55600000,"23:30"
"08/09/2022","2022-09-08","Thứ Năm","Vàng nhẫn SJC 9999",51900000,54900000,3000000,5190000,5490000,1708,52400000,55400000,"23:30"
"09/09/2022","2022-09-09","Thứ Sáu","Vàng nhẫn SJC 9999",52200000,55200000,3000000,5220000,5520000,1716.2,52700000,55700000,"23:30"
"12/09/2022","2022-09-12","Thứ Hai","Vàng nhẫn SJC 9999",52500000,55500000,3000000,5250000,5550000,1728.1,53000000,56000000,"23:30"
"13/09/2022","2022-09-13","Thứ Ba","Vàng nhẫn SJC 9999",51800000,54800000,3000000,5180000,5480000,1705,52300000,55300000,"23:30"
"14/09/2022","2022-09-14","Thứ Tư","Vàng nhẫn SJC 9999",51500000,54500000,3000000,5150000,5450000,1696.5,52000000,55000000,"23:30"
"15/09/2022","2022-09-15","Thứ Năm","Vàng nhẫn SJC 9999",50500000,53500000,3000000,5050000,5350000,1665.4,51000000,54000000,"23:30"
"16/09/2022","2022-09-16","Thứ Sáu","Vàng nhẫn SJC 9999",50700000,53700000,3000000,5070000,5370000,1671.7,51200000,54200000,"23:30"
"19/09/2022","2022-09-19","Thứ Hai","Vàng nhẫn SJC 9999",50500000,53500000,3000000,5050000,5350000,1666.2,51000000,54000000,"23:30"
"20/09/2022","2022-09-20","Thứ Ba","Vàng nhẫn SJC 9999",50300000,53300000,3000000,5030000,5330000,1659.7,50800000,53800000,"23:30"
"21/09/2022","2022-09-21","Thứ Tư","Vàng nhẫn SJC 9999",50500000,53500000,3000000,5050000,5350000,1664.6,51000000,54000000,"23:30"
"22/09/2022","2022-09-22","Thứ Năm","Vàng nhẫn SJC 9999",50700000,53700000,3000000,5070000,5370000,1670.8,51200000,54200000,"23:30"
"23/09/2022","2022-09-23","Thứ Sáu","Vàng nhẫn SJC 9999",49900000,52900000,3000000,4990000,5290000,1645.3,50400000,53400000,"23:30"
"26/09/2022","2022-09-26","Thứ Hai","Vàng nhẫn SJC 9999",49200000,52200000,3000000,4920000,5220000,1623.3,49700000,52700000,"23:30"
"27/09/2022","2022-09-27","Thứ Ba","Vàng nhẫn SJC 9999",49300000,52300000,3000000,4930000,5230000,1626.7,49800000,52800000,"23:30"
"28/09/2022","2022-09-28","Thứ Tư","Vàng nhẫn SJC 9999",50400000,53400000,3000000,5040000,5340000,1660.4,50900000,53900000,"23:30"
"29/09/2022","2022-09-29","Thứ Năm","Vàng nhẫn SJC 9999",50300000,53300000,3000000,5030000,5330000,1658.5,50800000,53800000,"23:30"
"30/09/2022","2022-09-30","Thứ Sáu","Vàng nhẫn SJC 9999",50400000,53400000,3000000,5040000,5340000,1662.4,50900000,53900000,"23:30"
"03/10/2022","2022-10-03","Thứ Hai","Vàng nhẫn SJC 9999",51400000,54400000,3000000,5140000,5440000,1692.9,51900000,54900000,"23:30"
"04/10/2022","2022-10-04","Thứ Ba","Vàng nhẫn SJC 9999",52300000,55300000,3000000,5230000,5530000,1721.1,52800000,55800000,"23:30"
"05/10/2022","2022-10-05","Thứ Tư","Vàng nhẫn SJC 9999",52000000,55000000,3000000,5200000,5500000,1711.4,52500000,55500000,"23:30"
"06/10/2022","2022-10-06","Thứ Năm","Vàng nhẫn SJC 9999",52000000,55000000,3000000,5200000,5500000,1711.7,52500000,55500000,"23:30"
"07/10/2022","2022-10-07","Thứ Sáu","Vàng nhẫn SJC 9999",51700000,54700000,3000000,5170000,5470000,1700.5,52200000,55200000,"23:30"
"10/10/2022","2022-10-10","Thứ Hai","Vàng nhẫn SJC 9999",50600000,53600000,3000000,5060000,5360000,1667.3,51100000,54100000,"23:30"
"11/10/2022","2022-10-11","Thứ Ba","Vàng nhẫn SJC 9999",50900000,53900000,3000000,5090000,5390000,1678.7,51400000,54400000,"23:30"
"12/10/2022","2022-10-12","Thứ Tư","Vàng nhẫn SJC 9999",50700000,53700000,3000000,5070000,5370000,1670.3,51200000,54200000,"23:30"
"13/10/2022","2022-10-13","Thứ Năm","Vàng nhẫn SJC 9999",50700000,53700000,3000000,5070000,5370000,1670,51200000,54200000,"23:30"
"14/10/2022","2022-10-14","Thứ Sáu","Vàng nhẫn SJC 9999",49800000,52800000,3000000,4980000,5280000,1641.7,50300000,53300000,"23:30"
"17/10/2022","2022-10-17","Thứ Hai","Vàng nhẫn SJC 9999",50300000,53300000,3000000,5030000,5330000,1657,50800000,53800000,"23:30"
"18/10/2022","2022-10-18","Thứ Ba","Vàng nhẫn SJC 9999",50000000,53000000,3000000,5000000,5300000,1649,50500000,53500000,"23:30"
"19/10/2022","2022-10-19","Thứ Tư","Vàng nhẫn SJC 9999",49300000,52300000,3000000,4930000,5230000,1627.5,49800000,52800000,"23:30"
"20/10/2022","2022-10-20","Thứ Năm","Vàng nhẫn SJC 9999",49400000,52400000,3000000,4940000,5240000,1630.8,49900000,52900000,"23:30"
"21/10/2022","2022-10-21","Thứ Sáu","Vàng nhẫn SJC 9999",50100000,53100000,3000000,5010000,5310000,1651,50600000,53600000,"23:30"
"24/10/2022","2022-10-24","Thứ Hai","Vàng nhẫn SJC 9999",50000000,53000000,3000000,5000000,5300000,1648.7,50500000,53500000,"23:30"
"25/10/2022","2022-10-25","Thứ Ba","Vàng nhẫn SJC 9999",50100000,53100000,3000000,5010000,5310000,1652.8,50600000,53600000,"23:30"
"26/10/2022","2022-10-26","Thứ Tư","Vàng nhẫn SJC 9999",50500000,53500000,3000000,5050000,5350000,1664,51000000,54000000,"23:30"
"27/10/2022","2022-10-27","Thứ Năm","Vàng nhẫn SJC 9999",50400000,53400000,3000000,5040000,5340000,1660.7,50900000,53900000,"23:30"
"28/10/2022","2022-10-28","Thứ Sáu","Vàng nhẫn SJC 9999",49700000,52700000,3000000,4970000,5270000,1639.6,50200000,53200000,"23:30"
"31/10/2022","2022-10-31","Thứ Hai","Vàng nhẫn SJC 9999",49600000,52600000,3000000,4960000,5260000,1635.9,50100000,53100000,"23:30"
"01/11/2022","2022-11-01","Thứ Ba","Vàng nhẫn SJC 9999",49900000,52900000,3000000,4990000,5290000,1645,50400000,53400000,"23:30"
"02/11/2022","2022-11-02","Thứ Tư","Vàng nhẫn SJC 9999",49900000,52900000,3000000,4990000,5290000,1645.7,50400000,53400000,"23:30"
"03/11/2022","2022-11-03","Thứ Năm","Vàng nhẫn SJC 9999",49300000,52300000,3000000,4930000,5230000,1627.3,49800000,52800000,"23:30"
"04/11/2022","2022-11-04","Thứ Sáu","Vàng nhẫn SJC 9999",50800000,53800000,3000000,5080000,5380000,1672.5,51300000,54300000,"23:30"
"07/11/2022","2022-11-07","Thứ Hai","Vàng nhẫn SJC 9999",50900000,53900000,3000000,5090000,5390000,1676.5,51400000,54400000,"23:30"
"08/11/2022","2022-11-08","Thứ Ba","Vàng nhẫn SJC 9999",52000000,55000000,3000000,5200000,5500000,1712.1,52500000,55500000,"23:30"
"09/11/2022","2022-11-09","Thứ Tư","Vàng nhẫn SJC 9999",52000000,55000000,3000000,5200000,5500000,1710.1,52500000,55500000,"23:30"
"10/11/2022","2022-11-10","Thứ Năm","Vàng nhẫn SJC 9999",53300000,56300000,3000000,5330000,5630000,1750.3,53800000,56800000,"23:30"
"11/11/2022","2022-11-11","Thứ Sáu","Vàng nhẫn SJC 9999",53800000,56800000,3000000,5380000,5680000,1766,54300000,57300000,"23:30"
"14/11/2022","2022-11-14","Thứ Hai","Vàng nhẫn SJC 9999",54000000,57000000,3000000,5400000,5700000,1773.6,54500000,57500000,"23:30"
"15/11/2022","2022-11-15","Thứ Ba","Vàng nhẫn SJC 9999",54000000,57000000,3000000,5400000,5700000,1773.8,54500000,57500000,"23:30"
"16/11/2022","2022-11-16","Thứ Tư","Vàng nhẫn SJC 9999",54000000,57000000,3000000,5400000,5700000,1773,54500000,57500000,"23:30"
"17/11/2022","2022-11-17","Thứ Năm","Vàng nhẫn SJC 9999",53600000,56600000,3000000,5360000,5660000,1760.8,54100000,57100000,"23:30"
"18/11/2022","2022-11-18","Thứ Sáu","Vàng nhẫn SJC 9999",53300000,56300000,3000000,5330000,5630000,1751.9,53800000,56800000,"23:30"
"21/11/2022","2022-11-21","Thứ Hai","Vàng nhẫn SJC 9999",52800000,55800000,3000000,5280000,5580000,1737.4,53300000,56300000,"23:30"
"22/11/2022","2022-11-22","Thứ Ba","Vàng nhẫn SJC 9999",52900000,55900000,3000000,5290000,5590000,1738.3,53400000,56400000,"23:30"
"23/11/2022","2022-11-23","Thứ Tư","Vàng nhẫn SJC 9999",53100000,56100000,3000000,5310000,5610000,1744.9,53600000,56600000,"23:30"
"25/11/2022","2022-11-25","Thứ Sáu","Vàng nhẫn SJC 9999",53300000,56300000,3000000,5330000,5630000,1753.3,53800000,56800000,"23:30"
"28/11/2022","2022-11-28","Thứ Hai","Vàng nhẫn SJC 9999",52900000,55900000,3000000,5290000,5590000,1740.1,53400000,56400000,"23:30"
"29/11/2022","2022-11-29","Thứ Ba","Vàng nhẫn SJC 9999",53200000,56200000,3000000,5320000,5620000,1748.4,53700000,56700000,"23:30"
"30/11/2022","2022-11-30","Thứ Tư","Vàng nhẫn SJC 9999",53100000,56100000,3000000,5310000,5610000,1746,53600000,56600000,"23:30"
"01/12/2022","2022-12-01","Thứ Năm","Vàng nhẫn SJC 9999",54900000,57900000,3000000,5490000,5790000,1801.1,55400000,58400000,"23:30"
"02/12/2022","2022-12-02","Thứ Sáu","Vàng nhẫn SJC 9999",54700000,57700000,3000000,5470000,5770000,1795.9,55200000,58200000,"23:30"
"05/12/2022","2022-12-05","Thứ Hai","Vàng nhẫn SJC 9999",53800000,56800000,3000000,5380000,5680000,1767.4,54300000,57300000,"23:30"
"06/12/2022","2022-12-06","Thứ Ba","Vàng nhẫn SJC 9999",53900000,56900000,3000000,5390000,5690000,1769.3,54400000,57400000,"23:30"
"07/12/2022","2022-12-07","Thứ Tư","Vàng nhẫn SJC 9999",54400000,57400000,3000000,5440000,5740000,1785.5,54900000,57900000,"23:30"
"08/12/2022","2022-12-08","Thứ Năm","Vàng nhẫn SJC 9999",54500000,57500000,3000000,5450000,5750000,1788.7,55000000,58000000,"23:30"
"09/12/2022","2022-12-09","Thứ Sáu","Vàng nhẫn SJC 9999",54800000,57800000,3000000,5480000,5780000,1798.1,55300000,58300000,"23:30"
"12/12/2022","2022-12-12","Thứ Hai","Vàng nhẫn SJC 9999",54200000,57200000,3000000,5420000,5720000,1780.5,54700000,57700000,"23:30"
"13/12/2022","2022-12-13","Thứ Ba","Vàng nhẫn SJC 9999",55300000,58300000,3000000,5530000,5830000,1813.9,55800000,58800000,"23:30"
"14/12/2022","2022-12-14","Thứ Tư","Vàng nhẫn SJC 9999",55100000,58100000,3000000,5510000,5810000,1807.5,55600000,58600000,"23:30"
"15/12/2022","2022-12-15","Thứ Năm","Vàng nhẫn SJC 9999",54100000,57100000,3000000,5410000,5710000,1777.2,54600000,57600000,"23:30"
"16/12/2022","2022-12-16","Thứ Sáu","Vàng nhẫn SJC 9999",54500000,57500000,3000000,5450000,5750000,1790,55000000,58000000,"23:30"
"19/12/2022","2022-12-19","Thứ Hai","Vàng nhẫn SJC 9999",54500000,57500000,3000000,5450000,5750000,1787.7,55000000,58000000,"23:30"
"20/12/2022","2022-12-20","Thứ Ba","Vàng nhẫn SJC 9999",55400000,58400000,3000000,5540000,5840000,1815.9,55900000,58900000,"23:30"
"21/12/2022","2022-12-21","Thứ Tư","Vàng nhẫn SJC 9999",55400000,58400000,3000000,5540000,5840000,1815.9,55900000,58900000,"23:30"
"22/12/2022","2022-12-22","Thứ Năm","Vàng nhẫn SJC 9999",54400000,57400000,3000000,5440000,5740000,1787,54900000,57900000,"23:30"
"23/12/2022","2022-12-23","Thứ Sáu","Vàng nhẫn SJC 9999",54700000,57700000,3000000,5470000,5770000,1795.9,55200000,58200000,"23:30"
"27/12/2022","2022-12-27","Thứ Ba","Vàng nhẫn SJC 9999",55300000,58300000,3000000,5530000,5830000,1814.8,55800000,58800000,"23:30"
"28/12/2022","2022-12-28","Thứ Tư","Vàng nhẫn SJC 9999",55100000,58100000,3000000,5510000,5810000,1807.9,55600000,58600000,"23:30"
"29/12/2022","2022-12-29","Thứ Năm","Vàng nhẫn SJC 9999",55500000,58500000,3000000,5550000,5850000,1819.5,56000000,59000000,"23:30"
"30/12/2022","2022-12-30","Thứ Sáu","Vàng nhẫn SJC 9999",55500000,58500000,3000000,5550000,5850000,1819.7,56000000,59000000,"23:30"
"03/01/2023","2023-01-03","Thứ Ba","Vàng nhẫn SJC 9999",58200000,61200000,3000000,5820000,6120000,1839.7,58700000,61700000,"23:30"
"04/01/2023","2023-01-04","Thứ Tư","Vàng nhẫn SJC 9999",58600000,61600000,3000000,5860000,6160000,1852.8,59100000,62100000,"23:30"
"05/01/2023","2023-01-05","Thứ Năm","Vàng nhẫn SJC 9999",58000000,61000000,3000000,5800000,6100000,1834.8,58500000,61500000,"23:30"
"06/01/2023","2023-01-06","Thứ Sáu","Vàng nhẫn SJC 9999",59000000,62000000,3000000,5900000,6200000,1864.2,59500000,62500000,"23:30"
"09/01/2023","2023-01-09","Thứ Hai","Vàng nhẫn SJC 9999",59300000,62300000,3000000,5930000,6230000,1872.7,59800000,62800000,"23:30"
"10/01/2023","2023-01-10","Thứ Ba","Vàng nhẫn SJC 9999",59300000,62300000,3000000,5930000,6230000,1871.6,59800000,62800000,"23:30"
"11/01/2023","2023-01-11","Thứ Tư","Vàng nhẫn SJC 9999",59400000,62400000,3000000,5940000,6240000,1874.6,59900000,62900000,"23:30"
"12/01/2023","2023-01-12","Thứ Năm","Vàng nhẫn SJC 9999",60000000,63000000,3000000,6000000,6300000,1895.5,60500000,63500000,"23:30"
"13/01/2023","2023-01-13","Thứ Sáu","Vàng nhẫn SJC 9999",60800000,63800000,3000000,6080000,6380000,1918.4,61300000,64300000,"23:30"
"17/01/2023","2023-01-17","Thứ Ba","Vàng nhẫn SJC 9999",60400000,63400000,3000000,6040000,6340000,1907.2,60900000,63900000,"23:30"
"18/01/2023","2023-01-18","Thứ Tư","Vàng nhẫn SJC 9999",60300000,63300000,3000000,6030000,6330000,1904.4,60800000,63800000,"23:30"
"19/01/2023","2023-01-19","Thứ Năm","Vàng nhẫn SJC 9999",60900000,63900000,3000000,6090000,6390000,1922.1,61400000,64400000,"23:30"
"20/01/2023","2023-01-20","Thứ Sáu","Vàng nhẫn SJC 9999",61100000,64100000,3000000,6110000,6410000,1926.4,61600000,64600000,"23:30"
"23/01/2023","2023-01-23","Thứ Hai","Vàng nhẫn SJC 9999",61100000,64100000,3000000,6110000,6410000,1927.1,61600000,64600000,"23:30"
"24/01/2023","2023-01-24","Thứ Ba","Vàng nhẫn SJC 9999",61300000,64300000,3000000,6130000,6430000,1933.9,61800000,64800000,"23:30"
"25/01/2023","2023-01-25","Thứ Tư","Vàng nhẫn SJC 9999",61600000,64600000,3000000,6160000,6460000,1941.2,62100000,65100000,"23:30"
"26/01/2023","2023-01-26","Thứ Năm","Vàng nhẫn SJC 9999",61200000,64200000,3000000,6120000,6420000,1929.1,61700000,64700000,"23:30"
"27/01/2023","2023-01-27","Thứ Sáu","Vàng nhẫn SJC 9999",61100000,64100000,3000000,6110000,6410000,1928.6,61600000,64600000,"23:30"
"30/01/2023","2023-01-30","Thứ Hai","Vàng nhẫn SJC 9999",61000000,64000000,3000000,6100000,6400000,1922.9,61500000,64500000,"23:30"
"31/01/2023","2023-01-31","Thứ Ba","Vàng nhẫn SJC 9999",61200000,64200000,3000000,6120000,6420000,1929.5,61700000,64700000,"23:30"
"01/02/2023","2023-02-01","Thứ Tư","Vàng nhẫn SJC 9999",61100000,64100000,3000000,6110000,6410000,1927.8,61600000,64600000,"23:30"
"02/02/2023","2023-02-02","Thứ Năm","Vàng nhẫn SJC 9999",60700000,63700000,3000000,6070000,6370000,1916.3,61200000,64200000,"23:30"
"03/02/2023","2023-02-03","Thứ Sáu","Vàng nhẫn SJC 9999",59000000,62000000,3000000,5900000,6200000,1862.9,59500000,62500000,"23:30"
"06/02/2023","2023-02-06","Thứ Hai","Vàng nhẫn SJC 9999",59100000,62100000,3000000,5910000,6210000,1866.2,59600000,62600000,"23:30"
"07/02/2023","2023-02-07","Thứ Ba","Vàng nhẫn SJC 9999",59300000,62300000,3000000,5930000,6230000,1871.7,59800000,62800000,"23:30"
"08/02/2023","2023-02-08","Thứ Tư","Vàng nhẫn SJC 9999",59400000,62400000,3000000,5940000,6240000,1877.4,59900000,62900000,"23:30"
"09/02/2023","2023-02-09","Thứ Năm","Vàng nhẫn SJC 9999",59100000,62100000,3000000,5910000,6210000,1866.2,59600000,62600000,"23:30"
"10/02/2023","2023-02-10","Thứ Sáu","Vàng nhẫn SJC 9999",59000000,62000000,3000000,5900000,6200000,1862.8,59500000,62500000,"23:30"
"13/02/2023","2023-02-13","Thứ Hai","Vàng nhẫn SJC 9999",58600000,61600000,3000000,5860000,6160000,1851.9,59100000,62100000,"23:30"
"14/02/2023","2023-02-14","Thứ Ba","Vàng nhẫn SJC 9999",58700000,61700000,3000000,5870000,6170000,1854,59200000,62200000,"23:30"
"15/02/2023","2023-02-15","Thứ Tư","Vàng nhẫn SJC 9999",58000000,61000000,3000000,5800000,6100000,1834.2,58500000,61500000,"23:30"
"16/02/2023","2023-02-16","Thứ Năm","Vàng nhẫn SJC 9999",58300000,61300000,3000000,5830000,6130000,1842,58800000,61800000,"23:30"
"17/02/2023","2023-02-17","Thứ Sáu","Vàng nhẫn SJC 9999",58200000,61200000,3000000,5820000,6120000,1840.4,58700000,61700000,"23:30"
"21/02/2023","2023-02-21","Thứ Ba","Vàng nhẫn SJC 9999",58000000,61000000,3000000,5800000,6100000,1833,58500000,61500000,"23:30"
"22/02/2023","2023-02-22","Thứ Tư","Vàng nhẫn SJC 9999",57900000,60900000,3000000,5790000,6090000,1832,58400000,61400000,"23:30"
"23/02/2023","2023-02-23","Thứ Năm","Vàng nhẫn SJC 9999",57500000,60500000,3000000,5750000,6050000,1818,58000000,61000000,"23:30"
"24/02/2023","2023-02-24","Thứ Sáu","Vàng nhẫn SJC 9999",57200000,60200000,3000000,5720000,6020000,1808.8,57700000,60700000,"23:30"
"27/02/2023","2023-02-27","Thứ Hai","Vàng nhẫn SJC 9999",57400000,60400000,3000000,5740000,6040000,1817,57900000,60900000,"23:30"
"28/02/2023","2023-02-28","Thứ Ba","Vàng nhẫn SJC 9999",57800000,60800000,3000000,5780000,6080000,1828.9,58300000,61300000,"23:30"
"01/03/2023","2023-03-01","Thứ Tư","Vàng nhẫn SJC 9999",58100000,61100000,3000000,5810000,6110000,1837.7,58600000,61600000,"23:30"
"02/03/2023","2023-03-02","Thứ Năm","Vàng nhẫn SJC 9999",58000000,61000000,3000000,5800000,6100000,1833.5,58500000,61500000,"23:30"
"03/03/2023","2023-03-03","Thứ Sáu","Vàng nhẫn SJC 9999",58500000,61500000,3000000,5850000,6150000,1847.7,59000000,62000000,"23:30"
"06/03/2023","2023-03-06","Thứ Hai","Vàng nhẫn SJC 9999",58500000,61500000,3000000,5850000,6150000,1847.9,59000000,62000000,"23:30"
"07/03/2023","2023-03-07","Thứ Ba","Vàng nhẫn SJC 9999",57300000,60300000,3000000,5730000,6030000,1813.9,57800000,60800000,"23:30"
"08/03/2023","2023-03-08","Thứ Tư","Vàng nhẫn SJC 9999",57300000,60300000,3000000,5730000,6030000,1812.7,57800000,60800000,"23:30"
"09/03/2023","2023-03-09","Thứ Năm","Vàng nhẫn SJC 9999",57800000,60800000,3000000,5780000,6080000,1829.3,58300000,61300000,"23:30"
"10/03/2023","2023-03-10","Thứ Sáu","Vàng nhẫn SJC 9999",58900000,61900000,3000000,5890000,6190000,1862,59400000,62400000,"23:30"
"13/03/2023","2023-03-13","Thứ Hai","Vàng nhẫn SJC 9999",60600000,63600000,3000000,6060000,6360000,1911.7,61100000,64100000,"23:30"
"14/03/2023","2023-03-14","Thứ Ba","Vàng nhẫn SJC 9999",60400000,63400000,3000000,6040000,6340000,1906.2,60900000,63900000,"23:30"
"15/03/2023","2023-03-15","Thứ Tư","Vàng nhẫn SJC 9999",61100000,64100000,3000000,6110000,6410000,1926.6,61600000,64600000,"23:30"
"16/03/2023","2023-03-16","Thứ Năm","Vàng nhẫn SJC 9999",60800000,63800000,3000000,6080000,6380000,1919,61300000,64300000,"23:30"
"17/03/2023","2023-03-17","Thứ Sáu","Vàng nhẫn SJC 9999",62500000,65500000,3000000,6250000,6550000,1969.8,63000000,66000000,"23:30"
"20/03/2023","2023-03-20","Thứ Hai","Vàng nhẫn SJC 9999",62800000,65800000,3000000,6280000,6580000,1979.2,63300000,66300000,"23:30"
"21/03/2023","2023-03-21","Thứ Ba","Vàng nhẫn SJC 9999",61500000,64500000,3000000,6150000,6450000,1938,62000000,65000000,"23:30"
"22/03/2023","2023-03-22","Thứ Tư","Vàng nhẫn SJC 9999",61800000,64800000,3000000,6180000,6480000,1946.8,62300000,65300000,"23:30"
"23/03/2023","2023-03-23","Thứ Năm","Vàng nhẫn SJC 9999",63300000,66300000,3000000,6330000,6630000,1993.8,63800000,66800000,"23:30"
"24/03/2023","2023-03-24","Thứ Sáu","Vàng nhẫn SJC 9999",62900000,65900000,3000000,6290000,6590000,1982.1,63400000,66400000,"23:30"
"27/03/2023","2023-03-27","Thứ Hai","Vàng nhẫn SJC 9999",61900000,64900000,3000000,6190000,6490000,1952.4,62400000,65400000,"23:30"
"28/03/2023","2023-03-28","Thứ Ba","Vàng nhẫn SJC 9999",62600000,65600000,3000000,6260000,6560000,1972.4,63100000,66100000,"23:30"
"29/03/2023","2023-03-29","Thứ Tư","Vàng nhẫn SJC 9999",62400000,65400000,3000000,6240000,6540000,1966.1,62900000,65900000,"23:30"
"30/03/2023","2023-03-30","Thứ Năm","Vàng nhẫn SJC 9999",62900000,65900000,3000000,6290000,6590000,1980.3,63400000,66400000,"23:30"
"31/03/2023","2023-03-31","Thứ Sáu","Vàng nhẫn SJC 9999",62500000,65500000,3000000,6250000,6550000,1969,63000000,66000000,"23:30"
"03/04/2023","2023-04-03","Thứ Hai","Vàng nhẫn SJC 9999",63000000,66000000,3000000,6300000,6600000,1983.9,63500000,66500000,"23:30"
"04/04/2023","2023-04-04","Thứ Ba","Vàng nhẫn SJC 9999",64300000,67300000,3000000,6430000,6730000,2022.2,64800000,67800000,"23:30"
"05/04/2023","2023-04-05","Thứ Tư","Vàng nhẫn SJC 9999",64200000,67200000,3000000,6420000,6720000,2020.9,64700000,67700000,"23:30"
"06/04/2023","2023-04-06","Thứ Năm","Vàng nhẫn SJC 9999",63900000,66900000,3000000,6390000,6690000,2011.9,64400000,67400000,"23:30"
"10/04/2023","2023-04-10","Thứ Hai","Vàng nhẫn SJC 9999",63200000,66200000,3000000,6320000,6620000,1989.1,63700000,66700000,"23:30"
"11/04/2023","2023-04-11","Thứ Ba","Vàng nhẫn SJC 9999",63700000,66700000,3000000,6370000,6670000,2004.8,64200000,67200000,"23:30"
"12/04/2023","2023-04-12","Thứ Tư","Vàng nhẫn SJC 9999",63900000,66900000,3000000,6390000,6690000,2010.9,64400000,67400000,"23:30"
"13/04/2023","2023-04-13","Thứ Năm","Vàng nhẫn SJC 9999",64900000,67900000,3000000,6490000,6790000,2041.3,65400000,68400000,"23:30"
"14/04/2023","2023-04-14","Thứ Sáu","Vàng nhẫn SJC 9999",63600000,66600000,3000000,6360000,6660000,2002.2,64100000,67100000,"23:30"
"17/04/2023","2023-04-17","Thứ Hai","Vàng nhẫn SJC 9999",63300000,66300000,3000000,6330000,6630000,1994.2,63800000,66800000,"23:30"
"18/04/2023","2023-04-18","Thứ Ba","Vàng nhẫn SJC 9999",63800000,66800000,3000000,6380000,6680000,2007.4,64300000,67300000,"23:30"
"19/04/2023","2023-04-19","Thứ Tư","Vàng nhẫn SJC 9999",63400000,66400000,3000000,6340000,6640000,1995.2,63900000,66900000,"23:30"
"20/04/2023","2023-04-20","Thứ Năm","Vàng nhẫn SJC 9999",63800000,66800000,3000000,6380000,6680000,2007.6,64300000,67300000,"23:30"
"21/04/2023","2023-04-21","Thứ Sáu","Vàng nhẫn SJC 9999",62800000,65800000,3000000,6280000,6580000,1979.5,63300000,66300000,"23:30"
"24/04/2023","2023-04-24","Thứ Hai","Vàng nhẫn SJC 9999",63200000,66200000,3000000,6320000,6620000,1989.1,63700000,66700000,"23:30"
"25/04/2023","2023-04-25","Thứ Ba","Vàng nhẫn SJC 9999",63300000,66300000,3000000,6330000,6630000,1994,63800000,66800000,"23:30"
"26/04/2023","2023-04-26","Thứ Tư","Vàng nhẫn SJC 9999",63000000,66000000,3000000,6300000,6600000,1985.7,63500000,66500000,"23:30"
"27/04/2023","2023-04-27","Thứ Năm","Vàng nhẫn SJC 9999",63200000,66200000,3000000,6320000,6620000,1989.9,63700000,66700000,"23:30"
"28/04/2023","2023-04-28","Thứ Sáu","Vàng nhẫn SJC 9999",63200000,66200000,3000000,6320000,6620000,1990.1,63700000,66700000,"23:30"
"01/05/2023","2023-05-01","Thứ Hai","Vàng nhẫn SJC 9999",63000000,66000000,3000000,6300000,6600000,1983.4,63500000,66500000,"23:30"
"02/05/2023","2023-05-02","Thứ Ba","Vàng nhẫn SJC 9999",64000000,67000000,3000000,6400000,6700000,2014.3,64500000,67500000,"23:30"
"03/05/2023","2023-05-03","Thứ Tư","Vàng nhẫn SJC 9999",64500000,67500000,3000000,6450000,6750000,2028.6,65000000,68000000,"23:30"
"04/05/2023","2023-05-04","Thứ Năm","Vàng nhẫn SJC 9999",65100000,68100000,3000000,6510000,6810000,2048,65600000,68600000,"23:30"
"05/05/2023","2023-05-05","Thứ Sáu","Vàng nhẫn SJC 9999",64100000,67100000,3000000,6410000,6710000,2017.4,64600000,67600000,"23:30"
"08/05/2023","2023-05-08","Thứ Hai","Vàng nhẫn SJC 9999",64400000,67400000,3000000,6440000,6740000,2026.3,64900000,67900000,"23:30"
"09/05/2023","2023-05-09","Thứ Ba","Vàng nhẫn SJC 9999",64700000,67700000,3000000,6470000,6770000,2036.2,65200000,68200000,"23:30"
"10/05/2023","2023-05-10","Thứ Tư","Vàng nhẫn SJC 9999",64500000,67500000,3000000,6450000,6750000,2030.5,65000000,68000000,"23:30"
"11/05/2023","2023-05-11","Thứ Năm","Vàng nhẫn SJC 9999",64000000,67000000,3000000,6400000,6700000,2014.7,64500000,67500000,"23:30"
"12/05/2023","2023-05-12","Thứ Sáu","Vàng nhẫn SJC 9999",64000000,67000000,3000000,6400000,6700000,2014.5,64500000,67500000,"23:30"
"15/05/2023","2023-05-15","Thứ Hai","Vàng nhẫn SJC 9999",64100000,67100000,3000000,6410000,6710000,2018,64600000,67600000,"23:30"
"16/05/2023","2023-05-16","Thứ Ba","Vàng nhẫn SJC 9999",63100000,66100000,3000000,6310000,6610000,1988.4,63600000,66600000,"23:30"
"17/05/2023","2023-05-17","Thứ Tư","Vàng nhẫn SJC 9999",62900000,65900000,3000000,6290000,6590000,1980.7,63400000,66400000,"23:30"
"18/05/2023","2023-05-18","Thứ Năm","Vàng nhẫn SJC 9999",62100000,65100000,3000000,6210000,6510000,1956.5,62600000,65600000,"23:30"
"19/05/2023","2023-05-19","Thứ Sáu","Vàng nhẫn SJC 9999",62800000,65800000,3000000,6280000,6580000,1978.7,63300000,66300000,"23:30"
"22/05/2023","2023-05-22","Thứ Hai","Vàng nhẫn SJC 9999",62700000,65700000,3000000,6270000,6570000,1974.8,63200000,66200000,"23:30"
"23/05/2023","2023-05-23","Thứ Ba","Vàng nhẫn SJC 9999",62600000,65600000,3000000,6260000,6560000,1972.4,63100000,66100000,"23:30"
"24/05/2023","2023-05-24","Thứ Tư","Vàng nhẫn SJC 9999",62300000,65300000,3000000,6230000,6530000,1962.8,62800000,65800000,"23:30"
"25/05/2023","2023-05-25","Thứ Năm","Vàng nhẫn SJC 9999",61600000,64600000,3000000,6160000,6460000,1943.1,62100000,65100000,"23:30"
"26/05/2023","2023-05-26","Thứ Sáu","Vàng nhẫn SJC 9999",61700000,64700000,3000000,6170000,6470000,1944.1,62200000,65200000,"23:30"
"30/05/2023","2023-05-30","Thứ Ba","Vàng nhẫn SJC 9999",62100000,65100000,3000000,6210000,6510000,1958,62600000,65600000,"23:30"
"31/05/2023","2023-05-31","Thứ Tư","Vàng nhẫn SJC 9999",62300000,65300000,3000000,6230000,6530000,1963.9,62800000,65800000,"23:30"
"01/06/2023","2023-06-01","Thứ Năm","Vàng nhẫn SJC 9999",62800000,65800000,3000000,6280000,6580000,1978,63300000,66300000,"23:30"
"02/06/2023","2023-06-02","Thứ Sáu","Vàng nhẫn SJC 9999",61900000,64900000,3000000,6190000,6490000,1952.4,62400000,65400000,"23:30"
"05/06/2023","2023-06-05","Thứ Hai","Vàng nhẫn SJC 9999",62100000,65100000,3000000,6210000,6510000,1958,62600000,65600000,"23:30"
"06/06/2023","2023-06-06","Thứ Ba","Vàng nhẫn SJC 9999",62400000,65400000,3000000,6240000,6540000,1965.5,62900000,65900000,"23:30"
"07/06/2023","2023-06-07","Thứ Tư","Vàng nhẫn SJC 9999",61600000,64600000,3000000,6160000,6460000,1942.7,62100000,65100000,"23:30"
"08/06/2023","2023-06-08","Thứ Năm","Vàng nhẫn SJC 9999",62300000,65300000,3000000,6230000,6530000,1963.6,62800000,65800000,"23:30"
"09/06/2023","2023-06-09","Thứ Sáu","Vàng nhẫn SJC 9999",62300000,65300000,3000000,6230000,6530000,1962.2,62800000,65800000,"23:30"
"12/06/2023","2023-06-12","Thứ Hai","Vàng nhẫn SJC 9999",62000000,65000000,3000000,6200000,6500000,1955.3,62500000,65500000,"23:30"
"13/06/2023","2023-06-13","Thứ Ba","Vàng nhẫn SJC 9999",61700000,64700000,3000000,6170000,6470000,1944.6,62200000,65200000,"23:30"
"14/06/2023","2023-06-14","Thứ Tư","Vàng nhẫn SJC 9999",62000000,65000000,3000000,6200000,6500000,1955.3,62500000,65500000,"23:30"
"15/06/2023","2023-06-15","Thứ Năm","Vàng nhẫn SJC 9999",62100000,65100000,3000000,6210000,6510000,1957.8,62600000,65600000,"23:30"
"16/06/2023","2023-06-16","Thứ Sáu","Vàng nhẫn SJC 9999",62100000,65100000,3000000,6210000,6510000,1958.4,62600000,65600000,"23:30"
"20/06/2023","2023-06-20","Thứ Ba","Vàng nhẫn SJC 9999",61400000,64400000,3000000,6140000,6440000,1935.5,61900000,64900000,"23:30"
"21/06/2023","2023-06-21","Thứ Tư","Vàng nhẫn SJC 9999",61300000,64300000,3000000,6130000,6430000,1933.3,61800000,64800000,"23:30"
"22/06/2023","2023-06-22","Thứ Năm","Vàng nhẫn SJC 9999",60600000,63600000,3000000,6060000,6360000,1912.7,61100000,64100000,"23:30"
"23/06/2023","2023-06-23","Thứ Sáu","Vàng nhẫn SJC 9999",60800000,63800000,3000000,6080000,6380000,1919.1,61300000,64300000,"23:30"
"26/06/2023","2023-06-26","Thứ Hai","Vàng nhẫn SJC 9999",61000000,64000000,3000000,6100000,6400000,1923.7,61500000,64500000,"23:30"
"27/06/2023","2023-06-27","Thứ Ba","Vàng nhẫn SJC 9999",60700000,63700000,3000000,6070000,6370000,1914,61200000,64200000,"23:30"
"28/06/2023","2023-06-28","Thứ Tư","Vàng nhẫn SJC 9999",60600000,63600000,3000000,6060000,6360000,1912.3,61100000,64100000,"23:30"
"29/06/2023","2023-06-29","Thứ Năm","Vàng nhẫn SJC 9999",60500000,63500000,3000000,6050000,6350000,1909.2,61000000,64000000,"23:30"
"30/06/2023","2023-06-30","Thứ Sáu","Vàng nhẫn SJC 9999",60900000,63900000,3000000,6090000,6390000,1921.1,61400000,64400000,"23:30"
"03/07/2023","2023-07-03","Thứ Hai","Vàng nhẫn SJC 9999",60900000,63900000,3000000,6090000,6390000,1921.7,61400000,64400000,"23:30"
"05/07/2023","2023-07-05","Thứ Tư","Vàng nhẫn SJC 9999",60800000,63800000,3000000,6080000,6380000,1919.6,61300000,64300000,"23:30"
"06/07/2023","2023-07-06","Thứ Năm","Vàng nhẫn SJC 9999",60500000,63500000,3000000,6050000,6350000,1908.7,61000000,64000000,"23:30"
"07/07/2023","2023-07-07","Thứ Sáu","Vàng nhẫn SJC 9999",61100000,64100000,3000000,6110000,6410000,1926.2,61600000,64600000,"23:30"
"10/07/2023","2023-07-10","Thứ Hai","Vàng nhẫn SJC 9999",61000000,64000000,3000000,6100000,6400000,1925,61500000,64500000,"23:30"
"11/07/2023","2023-07-11","Thứ Ba","Vàng nhẫn SJC 9999",61200000,64200000,3000000,6120000,6420000,1931.3,61700000,64700000,"23:30"
"12/07/2023","2023-07-12","Thứ Tư","Vàng nhẫn SJC 9999",62100000,65100000,3000000,6210000,6510000,1956.2,62600000,65600000,"23:30"
"13/07/2023","2023-07-13","Thứ Năm","Vàng nhẫn SJC 9999",62200000,65200000,3000000,6220000,6520000,1959.2,62700000,65700000,"23:30"
"14/07/2023","2023-07-14","Thứ Sáu","Vàng nhẫn SJC 9999",62200000,65200000,3000000,6220000,6520000,1960.1,62700000,65700000,"23:30"
"17/07/2023","2023-07-17","Thứ Hai","Vàng nhẫn SJC 9999",61900000,64900000,3000000,6190000,6490000,1952.4,62400000,65400000,"23:30"
"18/07/2023","2023-07-18","Thứ Ba","Vàng nhẫn SJC 9999",62800000,65800000,3000000,6280000,6580000,1977.2,63300000,66300000,"23:30"
"19/07/2023","2023-07-19","Thứ Tư","Vàng nhẫn SJC 9999",62800000,65800000,3000000,6280000,6580000,1977.5,63300000,66300000,"23:30"
"20/07/2023","2023-07-20","Thứ Năm","Vàng nhẫn SJC 9999",62500000,65500000,3000000,6250000,6550000,1968.3,63000000,66000000,"23:30"
"21/07/2023","2023-07-21","Thứ Sáu","Vàng nhẫn SJC 9999",62300000,65300000,3000000,6230000,6530000,1964.3,62800000,65800000,"23:30"
"24/07/2023","2023-07-24","Thứ Hai","Vàng nhẫn SJC 9999",62200000,65200000,3000000,6220000,6520000,1960.3,62700000,65700000,"23:30"
"25/07/2023","2023-07-25","Thứ Ba","Vàng nhẫn SJC 9999",62300000,65300000,3000000,6230000,6530000,1962.1,62800000,65800000,"23:30"
"26/07/2023","2023-07-26","Thứ Tư","Vàng nhẫn SJC 9999",62500000,65500000,3000000,6250000,6550000,1968.9,63000000,66000000,"23:30"
"27/07/2023","2023-07-27","Thứ Năm","Vàng nhẫn SJC 9999",61700000,64700000,3000000,6170000,6470000,1945.4,62200000,65200000,"23:30"
"28/07/2023","2023-07-28","Thứ Sáu","Vàng nhẫn SJC 9999",62200000,65200000,3000000,6220000,6520000,1960.4,62700000,65700000,"23:30"
"31/07/2023","2023-07-31","Thứ Hai","Vàng nhẫn SJC 9999",62500000,65500000,3000000,6250000,6550000,1970.5,63000000,66000000,"23:30"
"01/08/2023","2023-08-01","Thứ Ba","Vàng nhẫn SJC 9999",61600000,64600000,3000000,6160000,6460000,1940.7,62100000,65100000,"23:30"
"02/08/2023","2023-08-02","Thứ Tư","Vàng nhẫn SJC 9999",61400000,64400000,3000000,6140000,6440000,1937.4,61900000,64900000,"23:30"
"03/08/2023","2023-08-03","Thứ Năm","Vàng nhẫn SJC 9999",61300000,64300000,3000000,6130000,6430000,1932,61800000,64800000,"23:30"
"04/08/2023","2023-08-04","Thứ Sáu","Vàng nhẫn SJC 9999",61500000,64500000,3000000,6150000,6450000,1939.6,62000000,65000000,"23:30"
"07/08/2023","2023-08-07","Thứ Hai","Vàng nhẫn SJC 9999",61300000,64300000,3000000,6130000,6430000,1933.5,61800000,64800000,"23:30"
"08/08/2023","2023-08-08","Thứ Ba","Vàng nhẫn SJC 9999",61000000,64000000,3000000,6100000,6400000,1924.1,61500000,64500000,"23:30"
"09/08/2023","2023-08-09","Thứ Tư","Vàng nhẫn SJC 9999",60700000,63700000,3000000,6070000,6370000,1915.4,61200000,64200000,"23:30"
"10/08/2023","2023-08-10","Thứ Năm","Vàng nhẫn SJC 9999",60700000,63700000,3000000,6070000,6370000,1914.4,61200000,64200000,"23:30"
"11/08/2023","2023-08-11","Thứ Sáu","Vàng nhẫn SJC 9999",60600000,63600000,3000000,6060000,6360000,1912.9,61100000,64100000,"23:30"
"14/08/2023","2023-08-14","Thứ Hai","Vàng nhẫn SJC 9999",60500000,63500000,3000000,6050000,6350000,1910.6,61000000,64000000,"23:30"
"15/08/2023","2023-08-15","Thứ Ba","Vàng nhẫn SJC 9999",60300000,63300000,3000000,6030000,6330000,1902.5,60800000,63800000,"23:30"
"16/08/2023","2023-08-16","Thứ Tư","Vàng nhẫn SJC 9999",60100000,63100000,3000000,6010000,6310000,1896.1,60600000,63600000,"23:30"
"17/08/2023","2023-08-17","Thứ Năm","Vàng nhẫn SJC 9999",59700000,62700000,3000000,5970000,6270000,1884.1,60200000,63200000,"23:30"
"18/08/2023","2023-08-18","Thứ Sáu","Vàng nhẫn SJC 9999",59700000,62700000,3000000,5970000,6270000,1886.1,60200000,63200000,"23:30"
"21/08/2023","2023-08-21","Thứ Hai","Vàng nhẫn SJC 9999",60000000,63000000,3000000,6000000,6300000,1893.3,60500000,63500000,"23:30"
"22/08/2023","2023-08-22","Thứ Ba","Vàng nhẫn SJC 9999",60100000,63100000,3000000,6010000,6310000,1896.4,60600000,63600000,"23:30"
"23/08/2023","2023-08-23","Thứ Tư","Vàng nhẫn SJC 9999",60800000,63800000,3000000,6080000,6380000,1918.5,61300000,64300000,"23:30"
"24/08/2023","2023-08-24","Thứ Năm","Vàng nhẫn SJC 9999",60800000,63800000,3000000,6080000,6380000,1918.2,61300000,64300000,"23:30"
"25/08/2023","2023-08-25","Thứ Sáu","Vàng nhẫn SJC 9999",60600000,63600000,3000000,6060000,6360000,1911.1,61100000,64100000,"23:30"
"28/08/2023","2023-08-28","Thứ Hai","Vàng nhẫn SJC 9999",60800000,63800000,3000000,6080000,6380000,1917.9,61300000,64300000,"23:30"
"29/08/2023","2023-08-29","Thứ Ba","Vàng nhẫn SJC 9999",61400000,64400000,3000000,6140000,6440000,1936.5,61900000,64900000,"23:30"
"30/08/2023","2023-08-30","Thứ Tư","Vàng nhẫn SJC 9999",61700000,64700000,3000000,6170000,6470000,1944.3,62200000,65200000,"23:30"
"31/08/2023","2023-08-31","Thứ Năm","Vàng nhẫn SJC 9999",61500000,64500000,3000000,6150000,6450000,1938.2,62000000,65000000,"23:30"
"01/09/2023","2023-09-01","Thứ Sáu","Vàng nhẫn SJC 9999",61500000,64500000,3000000,6150000,6450000,1939.8,62000000,65000000,"23:30"
"05/09/2023","2023-09-05","Thứ Ba","Vàng nhẫn SJC 9999",61100000,64100000,3000000,6110000,6410000,1926.2,61600000,64600000,"23:30"
"06/09/2023","2023-09-06","Thứ Tư","Vàng nhẫn SJC 9999",60800000,63800000,3000000,6080000,6380000,1918.1,61300000,64300000,"23:30"
"07/09/2023","2023-09-07","Thứ Năm","Vàng nhẫn SJC 9999",60800000,63800000,3000000,6080000,6380000,1917.5,61300000,64300000,"23:30"
"08/09/2023","2023-09-08","Thứ Sáu","Vàng nhẫn SJC 9999",60800000,63800000,3000000,6080000,6380000,1918.4,61300000,64300000,"23:30"
"11/09/2023","2023-09-11","Thứ Hai","Vàng nhẫn SJC 9999",61000000,64000000,3000000,6100000,6400000,1923.3,61500000,64500000,"23:30"
"12/09/2023","2023-09-12","Thứ Ba","Vàng nhẫn SJC 9999",60600000,63600000,3000000,6060000,6360000,1911.3,61100000,64100000,"23:30"
"13/09/2023","2023-09-13","Thứ Tư","Vàng nhẫn SJC 9999",60500000,63500000,3000000,6050000,6350000,1909.1,61000000,64000000,"23:30"
"14/09/2023","2023-09-14","Thứ Năm","Vàng nhẫn SJC 9999",60500000,63500000,3000000,6050000,6350000,1910,61000000,64000000,"23:30"
"15/09/2023","2023-09-15","Thứ Sáu","Vàng nhẫn SJC 9999",61000000,64000000,3000000,6100000,6400000,1923.7,61500000,64500000,"23:30"
"18/09/2023","2023-09-18","Thứ Hai","Vàng nhẫn SJC 9999",61200000,64200000,3000000,6120000,6420000,1931.5,61700000,64700000,"23:30"
"19/09/2023","2023-09-19","Thứ Ba","Vàng nhẫn SJC 9999",61300000,64300000,3000000,6130000,6430000,1932,61800000,64800000,"23:30"
"20/09/2023","2023-09-20","Thứ Tư","Vàng nhẫn SJC 9999",61700000,64700000,3000000,6170000,6470000,1945.6,62200000,65200000,"23:30"
"21/09/2023","2023-09-21","Thứ Năm","Vàng nhẫn SJC 9999",60800000,63800000,3000000,6080000,6380000,1919.2,61300000,64300000,"23:30"
"22/09/2023","2023-09-22","Thứ Sáu","Vàng nhẫn SJC 9999",61000000,64000000,3000000,6100000,6400000,1925.4,61500000,64500000,"23:30"
"25/09/2023","2023-09-25","Thứ Hai","Vàng nhẫn SJC 9999",60700000,63700000,3000000,6070000,6370000,1916.6,61200000,64200000,"23:30"
"26/09/2023","2023-09-26","Thứ Ba","Vàng nhẫn SJC 9999",60200000,63200000,3000000,6020000,6320000,1900.4,60700000,63700000,"23:30"
"27/09/2023","2023-09-27","Thứ Tư","Vàng nhẫn SJC 9999",59300000,62300000,3000000,5930000,6230000,1871.6,59800000,62800000,"23:30"
"28/09/2023","2023-09-28","Thứ Năm","Vàng nhẫn SJC 9999",58900000,61900000,3000000,5890000,6190000,1860.4,59400000,62400000,"23:30"
"29/09/2023","2023-09-29","Thứ Sáu","Vàng nhẫn SJC 9999",58500000,61500000,3000000,5850000,6150000,1848.1,59000000,62000000,"23:30"
"02/10/2023","2023-10-02","Thứ Hai","Vàng nhẫn SJC 9999",57900000,60900000,3000000,5790000,6090000,1830,58400000,61400000,"23:30"
"03/10/2023","2023-10-03","Thứ Ba","Vàng nhẫn SJC 9999",57700000,60700000,3000000,5770000,6070000,1824.6,58200000,61200000,"23:30"
"04/10/2023","2023-10-04","Thứ Tư","Vàng nhẫn SJC 9999",57500000,60500000,3000000,5750000,6050000,1818.5,58000000,61000000,"23:30"
"05/10/2023","2023-10-05","Thứ Năm","Vàng nhẫn SJC 9999",57400000,60400000,3000000,5740000,6040000,1816.6,57900000,60900000,"23:30"
"06/10/2023","2023-10-06","Thứ Sáu","Vàng nhẫn SJC 9999",57900000,60900000,3000000,5790000,6090000,1830.2,58400000,61400000,"23:30"
"09/10/2023","2023-10-09","Thứ Hai","Vàng nhẫn SJC 9999",58500000,61500000,3000000,5850000,6150000,1849.5,59000000,62000000,"23:30"
"10/10/2023","2023-10-10","Thứ Ba","Vàng nhẫn SJC 9999",58900000,61900000,3000000,5890000,6190000,1861,59400000,62400000,"23:30"
"11/10/2023","2023-10-11","Thứ Tư","Vàng nhẫn SJC 9999",59300000,62300000,3000000,5930000,6230000,1872.8,59800000,62800000,"23:30"
"12/10/2023","2023-10-12","Thứ Năm","Vàng nhẫn SJC 9999",59200000,62200000,3000000,5920000,6220000,1869.3,59700000,62700000,"23:30"
"13/10/2023","2023-10-13","Thứ Sáu","Vàng nhẫn SJC 9999",61100000,64100000,3000000,6110000,6410000,1927.4,61600000,64600000,"23:30"
"16/10/2023","2023-10-16","Thứ Hai","Vàng nhẫn SJC 9999",60900000,63900000,3000000,6090000,6390000,1921.1,61400000,64400000,"23:30"
"17/10/2023","2023-10-17","Thứ Ba","Vàng nhẫn SJC 9999",61000000,64000000,3000000,6100000,6400000,1922.7,61500000,64500000,"23:30"
"18/10/2023","2023-10-18","Thứ Tư","Vàng nhẫn SJC 9999",62000000,65000000,3000000,6200000,6500000,1955.3,62500000,65500000,"23:30"
"19/10/2023","2023-10-19","Thứ Năm","Vàng nhẫn SJC 9999",62500000,65500000,3000000,6250000,6550000,1968.4,63000000,66000000,"23:30"
"20/10/2023","2023-10-20","Thứ Sáu","Vàng nhẫn SJC 9999",62900000,65900000,3000000,6290000,6590000,1982.5,63400000,66400000,"23:30"
"23/10/2023","2023-10-23","Thứ Hai","Vàng nhẫn SJC 9999",62700000,65700000,3000000,6270000,6570000,1976.3,63200000,66200000,"23:30"
"24/10/2023","2023-10-24","Thứ Ba","Vàng nhẫn SJC 9999",62700000,65700000,3000000,6270000,6570000,1975,63200000,66200000,"23:30"
"25/10/2023","2023-10-25","Thứ Tư","Vàng nhẫn SJC 9999",63000000,66000000,3000000,6300000,6600000,1984.1,63500000,66500000,"23:30"
"26/10/2023","2023-10-26","Thứ Năm","Vàng nhẫn SJC 9999",63100000,66100000,3000000,6310000,6610000,1987.2,63600000,66600000,"23:30"
"27/10/2023","2023-10-27","Thứ Sáu","Vàng nhẫn SJC 9999",63100000,66100000,3000000,6310000,6610000,1988.6,63600000,66600000,"23:30"
"30/10/2023","2023-10-30","Thứ Hai","Vàng nhẫn SJC 9999",63400000,66400000,3000000,6340000,6640000,1996.2,63900000,66900000,"23:30"
"31/10/2023","2023-10-31","Thứ Ba","Vàng nhẫn SJC 9999",63000000,66000000,3000000,6300000,6600000,1985.2,63500000,66500000,"23:30"
"01/11/2023","2023-11-01","Thứ Tư","Vàng nhẫn SJC 9999",62800000,65800000,3000000,6280000,6580000,1978.8,63300000,66300000,"23:30"
"02/11/2023","2023-11-02","Thứ Năm","Vàng nhẫn SJC 9999",63000000,66000000,3000000,6300000,6600000,1985.6,63500000,66500000,"23:30"
"03/11/2023","2023-11-03","Thứ Sáu","Vàng nhẫn SJC 9999",63200000,66200000,3000000,6320000,6620000,1991.5,63700000,66700000,"23:30"
"06/11/2023","2023-11-06","Thứ Hai","Vàng nhẫn SJC 9999",62900000,65900000,3000000,6290000,6590000,1981.6,63400000,66400000,"23:30"
"07/11/2023","2023-11-07","Thứ Ba","Vàng nhẫn SJC 9999",62400000,65400000,3000000,6240000,6540000,1966.8,62900000,65900000,"23:30"
"08/11/2023","2023-11-08","Thứ Tư","Vàng nhẫn SJC 9999",61900000,64900000,3000000,6190000,6490000,1951.5,62400000,65400000,"23:30"
"09/11/2023","2023-11-09","Thứ Năm","Vàng nhẫn SJC 9999",62300000,65300000,3000000,6230000,6530000,1964.2,62800000,65800000,"23:30"
"10/11/2023","2023-11-10","Thứ Sáu","Vàng nhẫn SJC 9999",61300000,64300000,3000000,6130000,6430000,1932.6,61800000,64800000,"23:30"
"13/11/2023","2023-11-13","Thứ Hai","Vàng nhẫn SJC 9999",61700000,64700000,3000000,6170000,6470000,1945.5,62200000,65200000,"23:30"
"14/11/2023","2023-11-14","Thứ Ba","Vàng nhẫn SJC 9999",62300000,65300000,3000000,6230000,6530000,1961.8,62800000,65800000,"23:30"
"15/11/2023","2023-11-15","Thứ Tư","Vàng nhẫn SJC 9999",62200000,65200000,3000000,6220000,6520000,1960.1,62700000,65700000,"23:30"
"16/11/2023","2023-11-16","Thứ Năm","Vàng nhẫn SJC 9999",63000000,66000000,3000000,6300000,6600000,1983.9,63500000,66500000,"23:30"
"17/11/2023","2023-11-17","Thứ Sáu","Vàng nhẫn SJC 9999",62900000,65900000,3000000,6290000,6590000,1981.6,63400000,66400000,"23:30"
"20/11/2023","2023-11-20","Thứ Hai","Vàng nhẫn SJC 9999",62800000,65800000,3000000,6280000,6580000,1977.7,63300000,66300000,"23:30"
"21/11/2023","2023-11-21","Thứ Ba","Vàng nhẫn SJC 9999",63500000,66500000,3000000,6350000,6650000,1999.3,64000000,67000000,"23:30"
"22/11/2023","2023-11-22","Thứ Tư","Vàng nhẫn SJC 9999",63200000,66200000,3000000,6320000,6620000,1991.4,63700000,66700000,"23:30"
"24/11/2023","2023-11-24","Thứ Sáu","Vàng nhẫn SJC 9999",63600000,66600000,3000000,6360000,6660000,2002.2,64100000,67100000,"23:30"
"27/11/2023","2023-11-27","Thứ Hai","Vàng nhẫn SJC 9999",63900000,66900000,3000000,6390000,6690000,2011.8,64400000,67400000,"23:30"
"28/11/2023","2023-11-28","Thứ Ba","Vàng nhẫn SJC 9999",64800000,67800000,3000000,6480000,6780000,2039.7,65300000,68300000,"23:30"
"29/11/2023","2023-11-29","Thứ Tư","Vàng nhẫn SJC 9999",65100000,68100000,3000000,6510000,6810000,2047.1,65600000,68600000,"23:30"
"30/11/2023","2023-11-30","Thứ Năm","Vàng nhẫn SJC 9999",64800000,67800000,3000000,6480000,6780000,2038.1,65300000,68300000,"23:30"
"01/12/2023","2023-12-01","Thứ Sáu","Vàng nhẫn SJC 9999",65900000,68900000,3000000,6590000,6890000,2071,66400000,69400000,"23:30"
"04/12/2023","2023-12-04","Thứ Hai","Vàng nhẫn SJC 9999",64300000,67300000,3000000,6430000,6730000,2024.1,64800000,67800000,"23:30"
"05/12/2023","2023-12-05","Thứ Ba","Vàng nhẫn SJC 9999",64100000,67100000,3000000,6410000,6710000,2018.5,64600000,67600000,"23:30"
"06/12/2023","2023-12-06","Thứ Tư","Vàng nhẫn SJC 9999",64500000,67500000,3000000,6450000,6750000,2030.5,65000000,68000000,"23:30"
"07/12/2023","2023-12-07","Thứ Năm","Vàng nhẫn SJC 9999",64500000,67500000,3000000,6450000,6750000,2029.9,65000000,68000000,"23:30"
"08/12/2023","2023-12-08","Thứ Sáu","Vàng nhẫn SJC 9999",63500000,66500000,3000000,6350000,6650000,1998.3,64000000,67000000,"23:30"
"11/12/2023","2023-12-11","Thứ Hai","Vàng nhẫn SJC 9999",62800000,65800000,3000000,6280000,6580000,1978,63300000,66300000,"23:30"
"12/12/2023","2023-12-12","Thứ Ba","Vàng nhẫn SJC 9999",62800000,65800000,3000000,6280000,6580000,1977.8,63300000,66300000,"23:30"
"13/12/2023","2023-12-13","Thứ Tư","Vàng nhẫn SJC 9999",62900000,65900000,3000000,6290000,6590000,1982.3,63400000,66400000,"23:30"
"14/12/2023","2023-12-14","Thứ Năm","Vàng nhẫn SJC 9999",64500000,67500000,3000000,6450000,6750000,2030.2,65000000,68000000,"23:30"
"15/12/2023","2023-12-15","Thứ Sáu","Vàng nhẫn SJC 9999",64200000,67200000,3000000,6420000,6720000,2021.1,64700000,67700000,"23:30"
"18/12/2023","2023-12-18","Thứ Hai","Vàng nhẫn SJC 9999",64400000,67400000,3000000,6440000,6740000,2026.3,64900000,67900000,"23:30"
"19/12/2023","2023-12-19","Thứ Ba","Vàng nhẫn SJC 9999",64800000,67800000,3000000,6480000,6780000,2038.4,65300000,68300000,"23:30"
"20/12/2023","2023-12-20","Thứ Tư","Vàng nhẫn SJC 9999",64700000,67700000,3000000,6470000,6770000,2034.5,65200000,68200000,"23:30"
"21/12/2023","2023-12-21","Thứ Năm","Vàng nhẫn SJC 9999",64800000,67800000,3000000,6480000,6780000,2039.1,65300000,68300000,"23:30"
"22/12/2023","2023-12-22","Thứ Sáu","Vàng nhẫn SJC 9999",65400000,68400000,3000000,6540000,6840000,2057.1,65900000,68900000,"23:30"
"26/12/2023","2023-12-26","Thứ Ba","Vàng nhẫn SJC 9999",65500000,68500000,3000000,6550000,6850000,2058.2,66000000,69000000,"23:30"
"27/12/2023","2023-12-27","Thứ Tư","Vàng nhẫn SJC 9999",66200000,69200000,3000000,6620000,6920000,2081.9,66700000,69700000,"23:30"
"28/12/2023","2023-12-28","Thứ Năm","Vàng nhẫn SJC 9999",66000000,69000000,3000000,6600000,6900000,2073.9,66500000,69500000,"23:30"
"29/12/2023","2023-12-29","Thứ Sáu","Vàng nhẫn SJC 9999",65600000,68600000,3000000,6560000,6860000,2062.4,66100000,69100000,"23:30"
"02/01/2024","2024-01-02","Thứ Ba","Vàng nhẫn SJC 9999",68000000,71000000,3000000,6800000,7100000,2064.4,68500000,71500000,"23:30"
"03/01/2024","2024-01-03","Thứ Tư","Vàng nhẫn SJC 9999",67000000,70000000,3000000,6700000,7000000,2034.2,67500000,70500000,"23:30"
"04/01/2024","2024-01-04","Thứ Năm","Vàng nhẫn SJC 9999",67300000,70300000,3000000,6730000,7030000,2042.3,67800000,70800000,"23:30"
"05/01/2024","2024-01-05","Thứ Sáu","Vàng nhẫn SJC 9999",67300000,70300000,3000000,6730000,7030000,2042.4,67800000,70800000,"23:30"
"08/01/2024","2024-01-08","Thứ Hai","Vàng nhẫn SJC 9999",66700000,69700000,3000000,6670000,6970000,2026.6,67200000,70200000,"23:30"
"09/01/2024","2024-01-09","Thứ Ba","Vàng nhẫn SJC 9999",66700000,69700000,3000000,6670000,6970000,2026.4,67200000,70200000,"23:30"
"10/01/2024","2024-01-10","Thứ Tư","Vàng nhẫn SJC 9999",66600000,69600000,3000000,6660000,6960000,2021.7,67100000,70100000,"23:30"
"11/01/2024","2024-01-11","Thứ Năm","Vàng nhẫn SJC 9999",66300000,69300000,3000000,6630000,6930000,2014.3,66800000,69800000,"23:30"
"12/01/2024","2024-01-12","Thứ Sáu","Vàng nhẫn SJC 9999",67400000,70400000,3000000,6740000,7040000,2046.7,67900000,70900000,"23:30"
"16/01/2024","2024-01-16","Thứ Ba","Vàng nhẫn SJC 9999",66700000,69700000,3000000,6670000,6970000,2026,67200000,70200000,"23:30"
"17/01/2024","2024-01-17","Thứ Tư","Vàng nhẫn SJC 9999",65900000,68900000,3000000,6590000,6890000,2002.6,66400000,69400000,"23:30"
"18/01/2024","2024-01-18","Thứ Năm","Vàng nhẫn SJC 9999",66400000,69400000,3000000,6640000,6940000,2018.6,66900000,69900000,"23:30"
"19/01/2024","2024-01-19","Thứ Sáu","Vàng nhẫn SJC 9999",66700000,69700000,3000000,6670000,6970000,2026.5,67200000,70200000,"23:30"
"22/01/2024","2024-01-22","Thứ Hai","Vàng nhẫn SJC 9999",66500000,69500000,3000000,6650000,6950000,2019.8,67000000,70000000,"23:30"
"23/01/2024","2024-01-23","Thứ Ba","Vàng nhẫn SJC 9999",66600000,69600000,3000000,6660000,6960000,2023.7,67100000,70100000,"23:30"
"24/01/2024","2024-01-24","Thứ Tư","Vàng nhẫn SJC 9999",66300000,69300000,3000000,6630000,6930000,2013.9,66800000,69800000,"23:30"
"25/01/2024","2024-01-25","Thứ Năm","Vàng nhẫn SJC 9999",66400000,69400000,3000000,6640000,6940000,2016.9,66900000,69900000,"23:30"
"26/01/2024","2024-01-26","Thứ Sáu","Vàng nhẫn SJC 9999",66400000,69400000,3000000,6640000,6940000,2016.8,66900000,69900000,"23:30"
"29/01/2024","2024-01-29","Thứ Hai","Vàng nhẫn SJC 9999",66700000,69700000,3000000,6670000,6970000,2025.2,67200000,70200000,"23:30"
"30/01/2024","2024-01-30","Thứ Ba","Vàng nhẫn SJC 9999",66900000,69900000,3000000,6690000,6990000,2031.5,67400000,70400000,"23:30"
"31/01/2024","2024-01-31","Thứ Tư","Vàng nhẫn SJC 9999",67500000,70500000,3000000,6750000,7050000,2048.4,68000000,71000000,"23:30"
"01/02/2024","2024-02-01","Thứ Năm","Vàng nhẫn SJC 9999",67600000,70600000,3000000,6760000,7060000,2053,68100000,71100000,"23:30"
"02/02/2024","2024-02-02","Thứ Sáu","Vàng nhẫn SJC 9999",67100000,70100000,3000000,6710000,7010000,2036.1,67600000,70600000,"23:30"
"05/02/2024","2024-02-05","Thứ Hai","Vàng nhẫn SJC 9999",66700000,69700000,3000000,6670000,6970000,2025.7,67200000,70200000,"23:30"
"06/02/2024","2024-02-06","Thứ Ba","Vàng nhẫn SJC 9999",67000000,70000000,3000000,6700000,7000000,2034.5,67500000,70500000,"23:30"
"07/02/2024","2024-02-07","Thứ Tư","Vàng nhẫn SJC 9999",67000000,70000000,3000000,6700000,7000000,2035.2,67500000,70500000,"23:30"
"08/02/2024","2024-02-08","Thứ Năm","Vàng nhẫn SJC 9999",66900000,69900000,3000000,6690000,6990000,2032.2,67400000,70400000,"23:30"
"09/02/2024","2024-02-09","Thứ Sáu","Vàng nhẫn SJC 9999",66600000,69600000,3000000,6660000,6960000,2023.3,67100000,70100000,"23:30"
"12/02/2024","2024-02-12","Thứ Hai","Vàng nhẫn SJC 9999",66400000,69400000,3000000,6640000,6940000,2018.2,66900000,69900000,"23:30"
"13/02/2024","2024-02-13","Thứ Ba","Vàng nhẫn SJC 9999",65600000,68600000,3000000,6560000,6860000,1992.9,66100000,69100000,"23:30"
"14/02/2024","2024-02-14","Thứ Tư","Vàng nhẫn SJC 9999",65500000,68500000,3000000,6550000,6850000,1990.3,66000000,69000000,"23:30"
"15/02/2024","2024-02-15","Thứ Năm","Vàng nhẫn SJC 9999",65900000,68900000,3000000,6590000,6890000,2002.1,66400000,69400000,"23:30"
"16/02/2024","2024-02-16","Thứ Sáu","Vàng nhẫn SJC 9999",66200000,69200000,3000000,6620000,6920000,2011.5,66700000,69700000,"23:30"
"20/02/2024","2024-02-20","Thứ Ba","Vàng nhẫn SJC 9999",66800000,69800000,3000000,6680000,6980000,2027.5,67300000,70300000,"23:30"
"21/02/2024","2024-02-21","Thứ Tư","Vàng nhẫn SJC 9999",66600000,69600000,3000000,6660000,6960000,2022.3,67100000,70100000,"23:30"
"22/02/2024","2024-02-22","Thứ Năm","Vàng nhẫn SJC 9999",66500000,69500000,3000000,6650000,6950000,2019.7,67000000,70000000,"23:30"
"23/02/2024","2024-02-23","Thứ Sáu","Vàng nhẫn SJC 9999",67100000,70100000,3000000,6710000,7010000,2038.6,67600000,70600000,"23:30"
"26/02/2024","2024-02-26","Thứ Hai","Vàng nhẫn SJC 9999",66800000,69800000,3000000,6680000,6980000,2028.5,67300000,70300000,"23:30"
"27/02/2024","2024-02-27","Thứ Ba","Vàng nhẫn SJC 9999",67000000,70000000,3000000,6700000,7000000,2034,67500000,70500000,"23:30"
"28/02/2024","2024-02-28","Thứ Tư","Vàng nhẫn SJC 9999",66900000,69900000,3000000,6690000,6990000,2033,67400000,70400000,"23:30"
"29/02/2024","2024-02-29","Thứ Năm","Vàng nhẫn SJC 9999",67400000,70400000,3000000,6740000,7040000,2045.7,67900000,70900000,"23:30"
"01/03/2024","2024-03-01","Thứ Sáu","Vàng nhẫn SJC 9999",68800000,71800000,3000000,6880000,7180000,2086.9,69300000,72300000,"23:30"
"04/03/2024","2024-03-04","Thứ Hai","Vàng nhẫn SJC 9999",69900000,72900000,3000000,6990000,7290000,2117.7,70400000,73400000,"23:30"
"05/03/2024","2024-03-05","Thứ Ba","Vàng nhẫn SJC 9999",70400000,73400000,3000000,7040000,7340000,2133.5,70900000,73900000,"23:30"
"06/03/2024","2024-03-06","Thứ Tư","Vàng nhẫn SJC 9999",71000000,74000000,3000000,7100000,7400000,2150.3,71500000,74500000,"23:30"
"07/03/2024","2024-03-07","Thứ Năm","Vàng nhẫn SJC 9999",71200000,74200000,3000000,7120000,7420000,2158,71700000,74700000,"23:30"
"08/03/2024","2024-03-08","Thứ Sáu","Vàng nhẫn SJC 9999",72000000,75000000,3000000,7200000,7500000,2178.6,72500000,75500000,"23:30"
"11/03/2024","2024-03-11","Thứ Hai","Vàng nhẫn SJC 9999",72100000,75100000,3000000,7210000,7510000,2182.5,72600000,75600000,"23:30"
"12/03/2024","2024-03-12","Thứ Ba","Vàng nhẫn SJC 9999",71300000,74300000,3000000,7130000,7430000,2160.4,71800000,74800000,"23:30"
"13/03/2024","2024-03-13","Thứ Tư","Vàng nhẫn SJC 9999",71800000,74800000,3000000,7180000,7480000,2175.4,72300000,75300000,"23:30"
"14/03/2024","2024-03-14","Thứ Năm","Vàng nhẫn SJC 9999",71400000,74400000,3000000,7140000,7440000,2163,71900000,74900000,"23:30"
"15/03/2024","2024-03-15","Thứ Sáu","Vàng nhẫn SJC 9999",71200000,74200000,3000000,7120000,7420000,2157.3,71700000,74700000,"23:30"
"18/03/2024","2024-03-18","Thứ Hai","Vàng nhẫn SJC 9999",71300000,74300000,3000000,7130000,7430000,2160.7,71800000,74800000,"23:30"
"19/03/2024","2024-03-19","Thứ Ba","Vàng nhẫn SJC 9999",71200000,74200000,3000000,7120000,7420000,2156.3,71700000,74700000,"23:30"
"20/03/2024","2024-03-20","Thứ Tư","Vàng nhẫn SJC 9999",71200000,74200000,3000000,7120000,7420000,2157.9,71700000,74700000,"23:30"
"21/03/2024","2024-03-21","Thứ Năm","Vàng nhẫn SJC 9999",72100000,75100000,3000000,7210000,7510000,2182.4,72600000,75600000,"23:30"
"22/03/2024","2024-03-22","Thứ Sáu","Vàng nhẫn SJC 9999",71200000,74200000,3000000,7120000,7420000,2158.1,71700000,74700000,"23:30"
"25/03/2024","2024-03-25","Thứ Hai","Vàng nhẫn SJC 9999",71800000,74800000,3000000,7180000,7480000,2174.8,72300000,75300000,"23:30"
"26/03/2024","2024-03-26","Thứ Ba","Vàng nhẫn SJC 9999",71900000,74900000,3000000,7190000,7490000,2175.6,72400000,75400000,"23:30"
"27/03/2024","2024-03-27","Thứ Tư","Vàng nhẫn SJC 9999",72400000,75400000,3000000,7240000,7540000,2190.6,72900000,75900000,"23:30"
"28/03/2024","2024-03-28","Thứ Năm","Vàng nhẫn SJC 9999",73300000,76300000,3000000,7330000,7630000,2217.4,73800000,76800000,"23:30"
"01/04/2024","2024-04-01","Thứ Hai","Vàng nhẫn SJC 9999",73900000,76900000,3000000,7390000,7690000,2236.5,74400000,77400000,"23:30"
"02/04/2024","2024-04-02","Thứ Ba","Vàng nhẫn SJC 9999",74800000,77800000,3000000,7480000,7780000,2261,75300000,78300000,"23:30"
"03/04/2024","2024-04-03","Thứ Tư","Vàng nhẫn SJC 9999",75900000,78900000,3000000,7590000,7890000,2294.4,76400000,79400000,"23:30"
"04/04/2024","2024-04-04","Thứ Năm","Vàng nhẫn SJC 9999",75700000,78700000,3000000,7570000,7870000,2288.8,76200000,79200000,"23:30"
"05/04/2024","2024-04-05","Thứ Sáu","Vàng nhẫn SJC 9999",77000000,80000000,3000000,7700000,8000000,2325.7,77500000,80500000,"23:30"
"08/04/2024","2024-04-08","Thứ Hai","Vàng nhẫn SJC 9999",77200000,80200000,3000000,7720000,8020000,2331.7,77700000,80700000,"23:30"
"09/04/2024","2024-04-09","Thứ Ba","Vàng nhẫn SJC 9999",77600000,80600000,3000000,7760000,8060000,2343.5,78100000,81100000,"23:30"
"10/04/2024","2024-04-10","Thứ Tư","Vàng nhẫn SJC 9999",77100000,80100000,3000000,7710000,8010000,2329.6,77600000,80600000,"23:30"
"11/04/2024","2024-04-11","Thứ Năm","Vàng nhẫn SJC 9999",78000000,81000000,3000000,7800000,8100000,2354.8,78500000,81500000,"23:30"
"12/04/2024","2024-04-12","Thứ Sáu","Vàng nhẫn SJC 9999",78100000,81100000,3000000,7810000,8110000,2356.2,78600000,81600000,"23:30"
"15/04/2024","2024-04-15","Thứ Hai","Vàng nhẫn SJC 9999",78400000,81400000,3000000,7840000,8140000,2365.8,78900000,81900000,"23:30"
"16/04/2024","2024-04-16","Thứ Ba","Vàng nhẫn SJC 9999",79300000,82300000,3000000,7930000,8230000,2390.8,79800000,82800000,"23:30"
"17/04/2024","2024-04-17","Thứ Tư","Vàng nhẫn SJC 9999",78600000,81600000,3000000,7860000,8160000,2371.7,79100000,82100000,"23:30"
"18/04/2024","2024-04-18","Thứ Năm","Vàng nhẫn SJC 9999",79000000,82000000,3000000,7900000,8200000,2382.3,79500000,82500000,"23:30"
"19/04/2024","2024-04-19","Thứ Sáu","Vàng nhẫn SJC 9999",79500000,82500000,3000000,7950000,8250000,2398.4,80000000,83000000,"23:30"
"22/04/2024","2024-04-22","Thứ Hai","Vàng nhẫn SJC 9999",77200000,80200000,3000000,7720000,8020000,2332.2,77700000,80700000,"23:30"
"23/04/2024","2024-04-23","Thứ Ba","Vàng nhẫn SJC 9999",77100000,80100000,3000000,7710000,8010000,2327.7,77600000,80600000,"23:30"
"24/04/2024","2024-04-24","Thứ Tư","Vàng nhẫn SJC 9999",77000000,80000000,3000000,7700000,8000000,2324.5,77500000,80500000,"23:30"
"25/04/2024","2024-04-25","Thứ Năm","Vàng nhẫn SJC 9999",77200000,80200000,3000000,7720000,8020000,2329.8,77700000,80700000,"23:30"
"26/04/2024","2024-04-26","Thứ Sáu","Vàng nhẫn SJC 9999",77300000,80300000,3000000,7730000,8030000,2334.8,77800000,80800000,"23:30"
"29/04/2024","2024-04-29","Thứ Hai","Vàng nhẫn SJC 9999",77700000,80700000,3000000,7770000,8070000,2345.4,78200000,81200000,"23:30"
"30/04/2024","2024-04-30","Thứ Ba","Vàng nhẫn SJC 9999",75800000,78800000,3000000,7580000,7880000,2291.4,76300000,79300000,"23:30"
"01/05/2024","2024-05-01","Thứ Tư","Vàng nhẫn SJC 9999",76100000,79100000,3000000,7610000,7910000,2299.9,76600000,79600000,"23:30"
"02/05/2024","2024-05-02","Thứ Năm","Vàng nhẫn SJC 9999",76100000,79100000,3000000,7610000,7910000,2299.2,76600000,79600000,"23:30"
"03/05/2024","2024-05-03","Thứ Sáu","Vàng nhẫn SJC 9999",76100000,79100000,3000000,7610000,7910000,2299,76600000,79600000,"23:30"
"06/05/2024","2024-05-06","Thứ Hai","Vàng nhẫn SJC 9999",76900000,79900000,3000000,7690000,7990000,2321.6,77400000,80400000,"23:30"
"07/05/2024","2024-05-07","Thứ Ba","Vàng nhẫn SJC 9999",76700000,79700000,3000000,7670000,7970000,2315.2,77200000,80200000,"23:30"
"08/05/2024","2024-05-08","Thứ Tư","Vàng nhẫn SJC 9999",76600000,79600000,3000000,7660000,7960000,2313.6,77100000,80100000,"23:30"
"09/05/2024","2024-05-09","Thứ Năm","Vàng nhẫn SJC 9999",77200000,80200000,3000000,7720000,8020000,2332.1,77700000,80700000,"23:30"
"10/05/2024","2024-05-10","Thứ Sáu","Vàng nhẫn SJC 9999",78400000,81400000,3000000,7840000,8140000,2367.3,78900000,81900000,"23:30"
"13/05/2024","2024-05-13","Thứ Hai","Vàng nhẫn SJC 9999",77400000,80400000,3000000,7740000,8040000,2336.1,77900000,80900000,"23:30"
"14/05/2024","2024-05-14","Thứ Ba","Vàng nhẫn SJC 9999",78000000,81000000,3000000,7800000,8100000,2353.4,78500000,81500000,"23:30"
"15/05/2024","2024-05-15","Thứ Tư","Vàng nhẫn SJC 9999",79200000,82200000,3000000,7920000,8220000,2388.7,79700000,82700000,"23:30"
"16/05/2024","2024-05-16","Thứ Năm","Vàng nhẫn SJC 9999",78900000,81900000,3000000,7890000,8190000,2380,79400000,82400000,"23:30"
"17/05/2024","2024-05-17","Thứ Sáu","Vàng nhẫn SJC 9999",80000000,83000000,3000000,8000000,8300000,2412.2,80500000,83500000,"23:30"
"20/05/2024","2024-05-20","Thứ Hai","Vàng nhẫn SJC 9999",80700000,83700000,3000000,8070000,8370000,2433.9,81200000,84200000,"23:30"
"21/05/2024","2024-05-21","Thứ Ba","Vàng nhẫn SJC 9999",80300000,83300000,3000000,8030000,8330000,2421.7,80800000,83800000,"23:30"
"22/05/2024","2024-05-22","Thứ Tư","Vàng nhẫn SJC 9999",79200000,82200000,3000000,7920000,8220000,2389.2,79700000,82700000,"23:30"
"23/05/2024","2024-05-23","Thứ Năm","Vàng nhẫn SJC 9999",77300000,80300000,3000000,7730000,8030000,2335,77800000,80800000,"23:30"
"24/05/2024","2024-05-24","Thứ Sáu","Vàng nhẫn SJC 9999",77200000,80200000,3000000,7720000,8020000,2332.5,77700000,80700000,"23:30"
"28/05/2024","2024-05-28","Thứ Ba","Vàng nhẫn SJC 9999",78000000,81000000,3000000,7800000,8100000,2355.2,78500000,81500000,"23:30"
"29/05/2024","2024-05-29","Thứ Tư","Vàng nhẫn SJC 9999",77500000,80500000,3000000,7750000,8050000,2340.3,78000000,81000000,"23:30"
"30/05/2024","2024-05-30","Thứ Năm","Vàng nhẫn SJC 9999",77600000,80600000,3000000,7760000,8060000,2342.9,78100000,81100000,"23:30"
"31/05/2024","2024-05-31","Thứ Sáu","Vàng nhẫn SJC 9999",76900000,79900000,3000000,7690000,7990000,2322.9,77400000,80400000,"23:30"
"03/06/2024","2024-06-03","Thứ Hai","Vàng nhẫn SJC 9999",77700000,80700000,3000000,7770000,8070000,2346.6,78200000,81200000,"23:30"
"04/06/2024","2024-06-04","Thứ Ba","Vàng nhẫn SJC 9999",77000000,80000000,3000000,7700000,8000000,2325.5,77500000,80500000,"23:30"
"05/06/2024","2024-06-05","Thứ Tư","Vàng nhẫn SJC 9999",78000000,81000000,3000000,7800000,8100000,2354.1,78500000,81500000,"23:30"
"06/06/2024","2024-06-06","Thứ Năm","Vàng nhẫn SJC 9999",78500000,81500000,3000000,7850000,8150000,2370.3,79000000,82000000,"23:30"
"07/06/2024","2024-06-07","Thứ Sáu","Vàng nhẫn SJC 9999",76300000,79300000,3000000,7630000,7930000,2305.2,76800000,79800000,"23:30"
"10/06/2024","2024-06-10","Thứ Hai","Vàng nhẫn SJC 9999",76400000,79400000,3000000,7640000,7940000,2307.7,76900000,79900000,"23:30"
"11/06/2024","2024-06-11","Thứ Ba","Vàng nhẫn SJC 9999",76400000,79400000,3000000,7640000,7940000,2307.5,76900000,79900000,"23:30"
"12/06/2024","2024-06-12","Thứ Tư","Vàng nhẫn SJC 9999",77400000,80400000,3000000,7740000,8040000,2336,77900000,80900000,"23:30"
"13/06/2024","2024-06-13","Thứ Năm","Vàng nhẫn SJC 9999",76100000,79100000,3000000,7610000,7910000,2300.2,76600000,79600000,"23:30"
"14/06/2024","2024-06-14","Thứ Sáu","Vàng nhẫn SJC 9999",77200000,80200000,3000000,7720000,8020000,2331.4,77700000,80700000,"23:30"
"17/06/2024","2024-06-17","Thứ Hai","Vàng nhẫn SJC 9999",76600000,79600000,3000000,7660000,7960000,2312.4,77100000,80100000,"23:30"
"18/06/2024","2024-06-18","Thứ Ba","Vàng nhẫn SJC 9999",77200000,80200000,3000000,7720000,8020000,2330.4,77700000,80700000,"23:30"
"20/06/2024","2024-06-20","Thứ Năm","Vàng nhẫn SJC 9999",78000000,81000000,3000000,7800000,8100000,2353.8,78500000,81500000,"23:30"
"21/06/2024","2024-06-21","Thứ Sáu","Vàng nhẫn SJC 9999",76700000,79700000,3000000,7670000,7970000,2316.4,77200000,80200000,"23:30"
"24/06/2024","2024-06-24","Thứ Hai","Vàng nhẫn SJC 9999",77200000,80200000,3000000,7720000,8020000,2330,77700000,80700000,"23:30"
"25/06/2024","2024-06-25","Thứ Ba","Vàng nhẫn SJC 9999",76700000,79700000,3000000,7670000,7970000,2316.6,77200000,80200000,"23:30"
"26/06/2024","2024-06-26","Thứ Tư","Vàng nhẫn SJC 9999",76100000,79100000,3000000,7610000,7910000,2299.2,76600000,79600000,"23:30"
"27/06/2024","2024-06-27","Thứ Năm","Vàng nhẫn SJC 9999",77000000,80000000,3000000,7700000,8000000,2324.5,77500000,80500000,"23:30"
"28/06/2024","2024-06-28","Thứ Sáu","Vàng nhẫn SJC 9999",77100000,80100000,3000000,7710000,8010000,2327.7,77600000,80600000,"23:30"
"01/07/2024","2024-07-01","Thứ Hai","Vàng nhẫn SJC 9999",77100000,80100000,3000000,7710000,8010000,2327.6,77600000,80600000,"23:30"
"02/07/2024","2024-07-02","Thứ Ba","Vàng nhẫn SJC 9999",76900000,79900000,3000000,7690000,7990000,2323,77400000,80400000,"23:30"
"03/07/2024","2024-07-03","Thứ Tư","Vàng nhẫn SJC 9999",78200000,81200000,3000000,7820000,8120000,2359.8,78700000,81700000,"23:30"
"05/07/2024","2024-07-05","Thứ Sáu","Vàng nhẫn SJC 9999",79200000,82200000,3000000,7920000,8220000,2388.5,79700000,82700000,"23:30"
"08/07/2024","2024-07-08","Thứ Hai","Vàng nhẫn SJC 9999",78000000,81000000,3000000,7800000,8100000,2355.2,78500000,81500000,"23:30"
"09/07/2024","2024-07-09","Thứ Ba","Vàng nhẫn SJC 9999",78200000,81200000,3000000,7820000,8120000,2360.1,78700000,81700000,"23:30"
"10/07/2024","2024-07-10","Thứ Tư","Vàng nhẫn SJC 9999",78600000,81600000,3000000,7860000,8160000,2372.2,79100000,82100000,"23:30"
"11/07/2024","2024-07-11","Thứ Năm","Vàng nhẫn SJC 9999",80100000,83100000,3000000,8010000,8310000,2415,80600000,83600000,"23:30"
"12/07/2024","2024-07-12","Thứ Sáu","Vàng nhẫn SJC 9999",80100000,83100000,3000000,8010000,8310000,2414,80600000,83600000,"23:30"
"15/07/2024","2024-07-15","Thứ Hai","Vàng nhẫn SJC 9999",80400000,83400000,3000000,8040000,8340000,2422.9,80900000,83900000,"23:30"
"16/07/2024","2024-07-16","Thứ Ba","Vàng nhẫn SJC 9999",81700000,84700000,3000000,8170000,8470000,2462.4,82200000,85200000,"23:30"
"17/07/2024","2024-07-17","Thứ Tư","Vàng nhẫn SJC 9999",81500000,84500000,3000000,8150000,8450000,2454.8,82000000,85000000,"23:30"
"18/07/2024","2024-07-18","Thứ Năm","Vàng nhẫn SJC 9999",81400000,84400000,3000000,8140000,8440000,2451.8,81900000,84900000,"23:30"
"19/07/2024","2024-07-19","Thứ Sáu","Vàng nhẫn SJC 9999",79400000,82400000,3000000,7940000,8240000,2395.5,79900000,82900000,"23:30"
"22/07/2024","2024-07-22","Thứ Hai","Vàng nhẫn SJC 9999",79300000,82300000,3000000,7930000,8230000,2392,79800000,82800000,"23:30"
"23/07/2024","2024-07-23","Thứ Ba","Vàng nhẫn SJC 9999",79700000,82700000,3000000,7970000,8270000,2404.6,80200000,83200000,"23:30"
"24/07/2024","2024-07-24","Thứ Tư","Vàng nhẫn SJC 9999",80000000,83000000,3000000,8000000,8300000,2413.3,80500000,83500000,"23:30"
"25/07/2024","2024-07-25","Thứ Năm","Vàng nhẫn SJC 9999",77900000,80900000,3000000,7790000,8090000,2351.9,78400000,81400000,"23:30"
"26/07/2024","2024-07-26","Thứ Sáu","Vàng nhẫn SJC 9999",78900000,81900000,3000000,7890000,8190000,2380,79400000,82400000,"23:30"
"29/07/2024","2024-07-29","Thứ Hai","Vàng nhẫn SJC 9999",78800000,81800000,3000000,7880000,8180000,2377.3,79300000,82300000,"23:30"
"30/07/2024","2024-07-30","Thứ Ba","Vàng nhẫn SJC 9999",79700000,82700000,3000000,7970000,8270000,2405,80200000,83200000,"23:30"
"31/07/2024","2024-07-31","Thứ Tư","Vàng nhẫn SJC 9999",80500000,83500000,3000000,8050000,8350000,2426.5,81000000,84000000,"23:30"
"01/08/2024","2024-08-01","Thứ Năm","Vàng nhẫn SJC 9999",80800000,83800000,3000000,8080000,8380000,2435,81300000,84300000,"23:30"
"02/08/2024","2024-08-02","Thứ Sáu","Vàng nhẫn SJC 9999",80500000,83500000,3000000,8050000,8350000,2425.7,81000000,84000000,"23:30"
"05/08/2024","2024-08-05","Thứ Hai","Vàng nhẫn SJC 9999",79600000,82600000,3000000,7960000,8260000,2401.7,80100000,83100000,"23:30"
"06/08/2024","2024-08-06","Thứ Ba","Vàng nhẫn SJC 9999",79200000,82200000,3000000,7920000,8220000,2389.1,79700000,82700000,"23:30"
"07/08/2024","2024-08-07","Thứ Tư","Vàng nhẫn SJC 9999",79200000,82200000,3000000,7920000,8220000,2390.5,79700000,82700000,"23:30"
"08/08/2024","2024-08-08","Thứ Năm","Vàng nhẫn SJC 9999",80300000,83300000,3000000,8030000,8330000,2422.2,80800000,83800000,"23:30"
"09/08/2024","2024-08-09","Thứ Sáu","Vàng nhẫn SJC 9999",80700000,83700000,3000000,8070000,8370000,2432.1,81200000,84200000,"23:30"
"12/08/2024","2024-08-12","Thứ Hai","Vàng nhẫn SJC 9999",81700000,84700000,3000000,8170000,8470000,2462.4,82200000,85200000,"23:30"
"13/08/2024","2024-08-13","Thứ Ba","Vàng nhẫn SJC 9999",81900000,84900000,3000000,8190000,8490000,2466.7,82400000,85400000,"23:30"
"14/08/2024","2024-08-14","Thứ Tư","Vàng nhẫn SJC 9999",80900000,83900000,3000000,8090000,8390000,2439.4,81400000,84400000,"23:30"
"15/08/2024","2024-08-15","Thứ Năm","Vàng nhẫn SJC 9999",81400000,84400000,3000000,8140000,8440000,2453.1,81900000,84900000,"23:30"
"16/08/2024","2024-08-16","Thứ Sáu","Vàng nhẫn SJC 9999",83000000,86000000,3000000,8300000,8600000,2498.6,83500000,86500000,"23:30"
"19/08/2024","2024-08-19","Thứ Hai","Vàng nhẫn SJC 9999",83100000,86100000,3000000,8310000,8610000,2501.8,83600000,86600000,"23:30"
"20/08/2024","2024-08-20","Thứ Ba","Vàng nhẫn SJC 9999",83400000,86400000,3000000,8340000,8640000,2511.3,83900000,86900000,"23:30"
"21/08/2024","2024-08-21","Thứ Tư","Vàng nhẫn SJC 9999",83300000,86300000,3000000,8330000,8630000,2508.4,83800000,86800000,"23:30"
"22/08/2024","2024-08-22","Thứ Năm","Vàng nhẫn SJC 9999",82300000,85300000,3000000,8230000,8530000,2478.9,82800000,85800000,"23:30"
"23/08/2024","2024-08-23","Thứ Sáu","Vàng nhẫn SJC 9999",83300000,86300000,3000000,8330000,8630000,2508.4,83800000,86800000,"23:30"
"26/08/2024","2024-08-26","Thứ Hai","Vàng nhẫn SJC 9999",83600000,86600000,3000000,8360000,8660000,2517.7,84100000,87100000,"23:30"
"27/08/2024","2024-08-27","Thứ Ba","Vàng nhẫn SJC 9999",83600000,86600000,3000000,8360000,8660000,2516,84100000,87100000,"23:30"
"28/08/2024","2024-08-28","Thứ Tư","Vàng nhẫn SJC 9999",83000000,86000000,3000000,8300000,8600000,2501,83500000,86500000,"23:30"
"29/08/2024","2024-08-29","Thứ Năm","Vàng nhẫn SJC 9999",83900000,86900000,3000000,8390000,8690000,2525.7,84400000,87400000,"23:30"
"30/08/2024","2024-08-30","Thứ Sáu","Vàng nhẫn SJC 9999",82800000,85800000,3000000,8280000,8580000,2493.8,83300000,86300000,"23:30"
"03/09/2024","2024-09-03","Thứ Ba","Vàng nhẫn SJC 9999",82700000,85700000,3000000,8270000,8570000,2489.9,83200000,86200000,"23:30"
"04/09/2024","2024-09-04","Thứ Tư","Vàng nhẫn SJC 9999",82800000,85800000,3000000,8280000,8580000,2493.4,83300000,86300000,"23:30"
"05/09/2024","2024-09-05","Thứ Năm","Vàng nhẫn SJC 9999",83400000,86400000,3000000,8340000,8640000,2511.4,83900000,86900000,"23:30"
"06/09/2024","2024-09-06","Thứ Sáu","Vàng nhẫn SJC 9999",82800000,85800000,3000000,8280000,8580000,2493.5,83300000,86300000,"23:30"
"09/09/2024","2024-09-09","Thứ Hai","Vàng nhẫn SJC 9999",83100000,86100000,3000000,8310000,8610000,2501.8,83600000,86600000,"23:30"
"10/09/2024","2024-09-10","Thứ Ba","Vàng nhẫn SJC 9999",83400000,86400000,3000000,8340000,8640000,2512.3,83900000,86900000,"23:30"
"11/09/2024","2024-09-11","Thứ Tư","Vàng nhẫn SJC 9999",83400000,86400000,3000000,8340000,8640000,2512.1,83900000,86900000,"23:30"
"12/09/2024","2024-09-12","Thứ Năm","Vàng nhẫn SJC 9999",84800000,87800000,3000000,8480000,8780000,2551.2,85300000,88300000,"23:30"
"13/09/2024","2024-09-13","Thứ Sáu","Vàng nhẫn SJC 9999",85800000,88800000,3000000,8580000,8880000,2581.3,86300000,89300000,"23:30"
"16/09/2024","2024-09-16","Thứ Hai","Vàng nhẫn SJC 9999",85800000,88800000,3000000,8580000,8880000,2580.4,86300000,89300000,"23:30"
"17/09/2024","2024-09-17","Thứ Ba","Vàng nhẫn SJC 9999",85200000,88200000,3000000,8520000,8820000,2564.3,85700000,88700000,"23:30"
"18/09/2024","2024-09-18","Thứ Tư","Vàng nhẫn SJC 9999",85400000,88400000,3000000,8540000,8840000,2570.7,85900000,88900000,"23:30"
"19/09/2024","2024-09-19","Thứ Năm","Vàng nhẫn SJC 9999",86000000,89000000,3000000,8600000,8900000,2588,86500000,89500000,"23:30"
"20/09/2024","2024-09-20","Thứ Sáu","Vàng nhẫn SJC 9999",87100000,90100000,3000000,8710000,9010000,2619.9,87600000,90600000,"23:30"
"23/09/2024","2024-09-23","Thứ Hai","Vàng nhẫn SJC 9999",87400000,90400000,3000000,8740000,9040000,2626.5,87900000,90900000,"23:30"
"24/09/2024","2024-09-24","Thứ Ba","Vàng nhẫn SJC 9999",88200000,91200000,3000000,8820000,9120000,2651.2,88700000,91700000,"23:30"
"25/09/2024","2024-09-25","Thứ Tư","Vàng nhẫn SJC 9999",88500000,91500000,3000000,8850000,9150000,2659.2,89000000,92000000,"23:30"
"26/09/2024","2024-09-26","Thứ Năm","Vàng nhẫn SJC 9999",88900000,91900000,3000000,8890000,9190000,2669.9,89400000,92400000,"23:30"
"27/09/2024","2024-09-27","Thứ Sáu","Vàng nhẫn SJC 9999",88000000,91000000,3000000,8800000,9100000,2644.3,88500000,91500000,"23:30"
"30/09/2024","2024-09-30","Thứ Hai","Vàng nhẫn SJC 9999",87700000,90700000,3000000,8770000,9070000,2636.1,88200000,91200000,"23:30"
"01/10/2024","2024-10-01","Thứ Ba","Vàng nhẫn SJC 9999",88800000,91800000,3000000,8880000,9180000,2667.3,89300000,92300000,"23:30"
"02/10/2024","2024-10-02","Thứ Tư","Vàng nhẫn SJC 9999",88100000,91100000,3000000,8810000,9110000,2647.1,88600000,91600000,"23:30"
"03/10/2024","2024-10-03","Thứ Năm","Vàng nhẫn SJC 9999",88400000,91400000,3000000,8840000,9140000,2657.1,88900000,91900000,"23:30"
"04/10/2024","2024-10-04","Thứ Sáu","Vàng nhẫn SJC 9999",88000000,91000000,3000000,8800000,9100000,2645.8,88500000,91500000,"23:30"
"07/10/2024","2024-10-07","Thứ Hai","Vàng nhẫn SJC 9999",88000000,91000000,3000000,8800000,9100000,2644.8,88500000,91500000,"23:30"
"08/10/2024","2024-10-08","Thứ Ba","Vàng nhẫn SJC 9999",87000000,90000000,3000000,8700000,9000000,2615,87500000,90500000,"23:30"
"09/10/2024","2024-10-09","Thứ Tư","Vàng nhẫn SJC 9999",86700000,89700000,3000000,8670000,8970000,2606,87200000,90200000,"23:30"
"10/10/2024","2024-10-10","Thứ Năm","Vàng nhẫn SJC 9999",87200000,90200000,3000000,8720000,9020000,2620.6,87700000,90700000,"23:30"
"11/10/2024","2024-10-11","Thứ Sáu","Vàng nhẫn SJC 9999",88400000,91400000,3000000,8840000,9140000,2657.6,88900000,91900000,"23:30"
"14/10/2024","2024-10-14","Thứ Hai","Vàng nhẫn SJC 9999",88100000,91100000,3000000,8810000,9110000,2647.8,88600000,91600000,"23:30"
"15/10/2024","2024-10-15","Thứ Ba","Vàng nhẫn SJC 9999",88600000,91600000,3000000,8860000,9160000,2661.4,89100000,92100000,"23:30"
"16/10/2024","2024-10-16","Thứ Tư","Vàng nhẫn SJC 9999",89000000,92000000,3000000,8900000,9200000,2674,89500000,92500000,"23:30"
"17/10/2024","2024-10-17","Thứ Năm","Vàng nhẫn SJC 9999",89600000,92600000,3000000,8960000,9260000,2691,90100000,93100000,"23:30"
"18/10/2024","2024-10-18","Thứ Sáu","Vàng nhẫn SJC 9999",90400000,93400000,3000000,9040000,9340000,2713.7,90900000,93900000,"23:30"
"21/10/2024","2024-10-21","Thứ Hai","Vàng nhẫn SJC 9999",90700000,93700000,3000000,9070000,9370000,2723.1,91200000,94200000,"23:30"
"22/10/2024","2024-10-22","Thứ Ba","Vàng nhẫn SJC 9999",91400000,94400000,3000000,9140000,9440000,2744.2,91900000,94900000,"23:30"
"23/10/2024","2024-10-23","Thứ Tư","Vàng nhẫn SJC 9999",90400000,93400000,3000000,9040000,9340000,2714.4,90900000,93900000,"23:30"
"24/10/2024","2024-10-24","Thứ Năm","Vàng nhẫn SJC 9999",91100000,94100000,3000000,9110000,9410000,2734.9,91600000,94600000,"23:30"
"25/10/2024","2024-10-25","Thứ Sáu","Vàng nhẫn SJC 9999",91300000,94300000,3000000,9130000,9430000,2740.9,91800000,94800000,"23:30"
"28/10/2024","2024-10-28","Thứ Hai","Vàng nhẫn SJC 9999",91400000,94400000,3000000,9140000,9440000,2742.9,91900000,94900000,"23:30"
"29/10/2024","2024-10-29","Thứ Ba","Vàng nhẫn SJC 9999",92200000,95200000,3000000,9220000,9520000,2768.4,92700000,95700000,"23:30"
"30/10/2024","2024-10-30","Thứ Tư","Vàng nhẫn SJC 9999",92900000,95900000,3000000,9290000,9590000,2788.5,93400000,96400000,"23:30"
"31/10/2024","2024-10-31","Thứ Năm","Vàng nhẫn SJC 9999",91200000,94200000,3000000,9120000,9420000,2738.3,91700000,94700000,"23:30"
"01/11/2024","2024-11-01","Thứ Sáu","Vàng nhẫn SJC 9999",91200000,94200000,3000000,9120000,9420000,2738.6,91700000,94700000,"23:30"
"04/11/2024","2024-11-04","Thứ Hai","Vàng nhẫn SJC 9999",91100000,94100000,3000000,9110000,9410000,2736.1,91600000,94600000,"23:30"
"05/11/2024","2024-11-05","Thứ Ba","Vàng nhẫn SJC 9999",91300000,94300000,3000000,9130000,9430000,2740.3,91800000,94800000,"23:30"
"06/11/2024","2024-11-06","Thứ Tư","Vàng nhẫn SJC 9999",88800000,91800000,3000000,8880000,9180000,2667.6,89300000,92300000,"23:30"
"07/11/2024","2024-11-07","Thứ Năm","Vàng nhẫn SJC 9999",89800000,92800000,3000000,8980000,9280000,2698.4,90300000,93300000,"23:30"
"08/11/2024","2024-11-08","Thứ Sáu","Vàng nhẫn SJC 9999",89500000,92500000,3000000,8950000,9250000,2687.5,90000000,93000000,"23:30"
"11/11/2024","2024-11-11","Thứ Hai","Vàng nhẫn SJC 9999",86800000,89800000,3000000,8680000,8980000,2611.2,87300000,90300000,"23:30"
"12/11/2024","2024-11-12","Thứ Ba","Vàng nhẫn SJC 9999",86500000,89500000,3000000,8650000,8950000,2600,87000000,90000000,"23:30"
"13/11/2024","2024-11-13","Thứ Tư","Vàng nhẫn SJC 9999",85800000,88800000,3000000,8580000,8880000,2580.8,86300000,89300000,"23:30"
"14/11/2024","2024-11-14","Thứ Năm","Vàng nhẫn SJC 9999",85400000,88400000,3000000,8540000,8840000,2568.2,85900000,88900000,"23:30"
"15/11/2024","2024-11-15","Thứ Sáu","Vàng nhẫn SJC 9999",85300000,88300000,3000000,8530000,8830000,2565.7,85800000,88800000,"23:30"
"18/11/2024","2024-11-18","Thứ Hai","Vàng nhẫn SJC 9999",86800000,89800000,3000000,8680000,8980000,2610.6,87300000,90300000,"23:30"
"19/11/2024","2024-11-19","Thứ Ba","Vàng nhẫn SJC 9999",87400000,90400000,3000000,8740000,9040000,2627.1,87900000,90900000,"23:30"
"20/11/2024","2024-11-20","Thứ Tư","Vàng nhẫn SJC 9999",88100000,91100000,3000000,8810000,9110000,2648.2,88600000,91600000,"23:30"
"21/11/2024","2024-11-21","Thứ Năm","Vàng nhẫn SJC 9999",88900000,91900000,3000000,8890000,9190000,2672.1,89400000,92400000,"23:30"
"22/11/2024","2024-11-22","Thứ Sáu","Vàng nhẫn SJC 9999",90200000,93200000,3000000,9020000,9320000,2709.9,90700000,93700000,"23:30"
"25/11/2024","2024-11-25","Thứ Hai","Vàng nhẫn SJC 9999",87000000,90000000,3000000,8700000,9000000,2616.8,87500000,90500000,"23:30"
"26/11/2024","2024-11-26","Thứ Ba","Vàng nhẫn SJC 9999",87200000,90200000,3000000,8720000,9020000,2620.3,87700000,90700000,"23:30"
"27/11/2024","2024-11-27","Thứ Tư","Vàng nhẫn SJC 9999",87800000,90800000,3000000,8780000,9080000,2639.9,88300000,91300000,"23:30"
"29/11/2024","2024-11-29","Thứ Sáu","Vàng nhẫn SJC 9999",88400000,91400000,3000000,8840000,9140000,2657,88900000,91900000,"23:30"
"02/12/2024","2024-12-02","Thứ Hai","Vàng nhẫn SJC 9999",87700000,90700000,3000000,8770000,9070000,2634.9,88200000,91200000,"23:30"
"03/12/2024","2024-12-03","Thứ Ba","Vàng nhẫn SJC 9999",88000000,91000000,3000000,8800000,9100000,2644.7,88500000,91500000,"23:30"
"04/12/2024","2024-12-04","Thứ Tư","Vàng nhẫn SJC 9999",88300000,91300000,3000000,8830000,9130000,2653.8,88800000,91800000,"23:30"
"05/12/2024","2024-12-05","Thứ Năm","Vàng nhẫn SJC 9999",87400000,90400000,3000000,8740000,9040000,2626.6,87900000,90900000,"23:30"
"06/12/2024","2024-12-06","Thứ Sáu","Vàng nhẫn SJC 9999",87800000,90800000,3000000,8780000,9080000,2638.6,88300000,91300000,"23:30"
"09/12/2024","2024-12-09","Thứ Hai","Vàng nhẫn SJC 9999",88700000,91700000,3000000,8870000,9170000,2664.9,89200000,92200000,"23:30"
"10/12/2024","2024-12-10","Thứ Ba","Vàng nhẫn SJC 9999",89800000,92800000,3000000,8980000,9280000,2697.6,90300000,93300000,"23:30"
"11/12/2024","2024-12-11","Thứ Tư","Vàng nhẫn SJC 9999",91100000,94100000,3000000,9110000,9410000,2733.8,91600000,94600000,"23:30"
"12/12/2024","2024-12-12","Thứ Năm","Vàng nhẫn SJC 9999",89500000,92500000,3000000,8950000,9250000,2687.5,90000000,93000000,"23:30"
"13/12/2024","2024-12-13","Thứ Sáu","Vàng nhẫn SJC 9999",88400000,91400000,3000000,8840000,9140000,2656,88900000,91900000,"23:30"
"16/12/2024","2024-12-16","Thứ Hai","Vàng nhẫn SJC 9999",88200000,91200000,3000000,8820000,9120000,2651.4,88700000,91700000,"23:30"
"17/12/2024","2024-12-17","Thứ Ba","Vàng nhẫn SJC 9999",88000000,91000000,3000000,8800000,9100000,2644.4,88500000,91500000,"23:30"
"18/12/2024","2024-12-18","Thứ Tư","Vàng nhẫn SJC 9999",87700000,90700000,3000000,8770000,9070000,2636.5,88200000,91200000,"23:30"
"19/12/2024","2024-12-19","Thứ Năm","Vàng nhẫn SJC 9999",86200000,89200000,3000000,8620000,8920000,2592.2,86700000,89700000,"23:30"
"20/12/2024","2024-12-20","Thứ Sáu","Vàng nhẫn SJC 9999",87400000,90400000,3000000,8740000,9040000,2628.7,87900000,90900000,"23:30"
"23/12/2024","2024-12-23","Thứ Hai","Vàng nhẫn SJC 9999",86900000,89900000,3000000,8690000,8990000,2612.3,87400000,90400000,"23:30"
"24/12/2024","2024-12-24","Thứ Ba","Vàng nhẫn SJC 9999",87100000,90100000,3000000,8710000,9010000,2620,87600000,90600000,"23:30"
"26/12/2024","2024-12-26","Thứ Năm","Vàng nhẫn SJC 9999",87800000,90800000,3000000,8780000,9080000,2638.8,88300000,91300000,"23:30"
"27/12/2024","2024-12-27","Thứ Sáu","Vàng nhẫn SJC 9999",87000000,90000000,3000000,8700000,9000000,2617.2,87500000,90500000,"23:30"
"30/12/2024","2024-12-30","Thứ Hai","Vàng nhẫn SJC 9999",86700000,89700000,3000000,8670000,8970000,2606.1,87200000,90200000,"23:30"
"31/12/2024","2024-12-31","Thứ Ba","Vàng nhẫn SJC 9999",87500000,90500000,3000000,8750000,9050000,2629.2,88000000,91000000,"23:30"
"02/01/2025","2025-01-02","Thứ Năm","Vàng nhẫn SJC 9999",93100000,96100000,3000000,9310000,9610000,2658.9,93600000,96600000,"23:30"
"03/01/2025","2025-01-03","Thứ Sáu","Vàng nhẫn SJC 9999",92600000,95600000,3000000,9260000,9560000,2645,93100000,96100000,"23:30"
"06/01/2025","2025-01-06","Thứ Hai","Vàng nhẫn SJC 9999",92300000,95300000,3000000,9230000,9530000,2638.4,92800000,95800000,"23:30"
"07/01/2025","2025-01-07","Thứ Ba","Vàng nhẫn SJC 9999",93000000,96000000,3000000,9300000,9600000,2656.7,93500000,96500000,"23:30"
"08/01/2025","2025-01-08","Thứ Tư","Vàng nhẫn SJC 9999",93300000,96300000,3000000,9330000,9630000,2664.5,93800000,96800000,"23:30"
"09/01/2025","2025-01-09","Thứ Năm","Vàng nhẫn SJC 9999",94000000,97000000,3000000,9400000,9700000,2683.8,94500000,97500000,"23:30"
"10/01/2025","2025-01-10","Thứ Sáu","Vàng nhẫn SJC 9999",94900000,97900000,3000000,9490000,9790000,2708.5,95400000,98400000,"23:30"
"13/01/2025","2025-01-13","Thứ Hai","Vàng nhẫn SJC 9999",93600000,96600000,3000000,9360000,9660000,2673.5,94100000,97100000,"23:30"
"14/01/2025","2025-01-14","Thứ Ba","Vàng nhẫn SJC 9999",93800000,96800000,3000000,9380000,9680000,2677.5,94300000,97300000,"23:30"
"15/01/2025","2025-01-15","Thứ Tư","Vàng nhẫn SJC 9999",95000000,98000000,3000000,9500000,9800000,2712.5,95500000,98500000,"23:30"
"16/01/2025","2025-01-16","Thứ Năm","Vàng nhẫn SJC 9999",96200000,99200000,3000000,9620000,9920000,2746.4,96700000,99700000,"23:30"
"17/01/2025","2025-01-17","Thứ Sáu","Vàng nhẫn SJC 9999",96200000,99200000,3000000,9620000,9920000,2744.3,96700000,99700000,"23:30"
"21/01/2025","2025-01-21","Thứ Ba","Vàng nhẫn SJC 9999",96600000,99600000,3000000,9660000,9960000,2755,97100000,100100000,"23:30"
"22/01/2025","2025-01-22","Thứ Tư","Vàng nhẫn SJC 9999",97000000,100000000,3000000,9700000,10000000,2767.6,97500000,100500000,"23:30"
"23/01/2025","2025-01-23","Thứ Năm","Vàng nhẫn SJC 9999",96800000,99800000,3000000,9680000,9980000,2763.1,97300000,100300000,"23:30"
"24/01/2025","2025-01-24","Thứ Sáu","Vàng nhẫn SJC 9999",97400000,100400000,3000000,9740000,10040000,2777.3,97900000,100900000,"23:30"
"27/01/2025","2025-01-27","Thứ Hai","Vàng nhẫn SJC 9999",95900000,98900000,3000000,9590000,9890000,2737.5,96400000,99400000,"23:30"
"28/01/2025","2025-01-28","Thứ Ba","Vàng nhẫn SJC 9999",97000000,100000000,3000000,9700000,10000000,2766.8,97500000,100500000,"23:30"
"29/01/2025","2025-01-29","Thứ Tư","Vàng nhẫn SJC 9999",97100000,100100000,3000000,9710000,10010000,2769.1,97600000,100600000,"23:30"
"30/01/2025","2025-01-30","Thứ Năm","Vàng nhẫn SJC 9999",99000000,102000000,3000000,9900000,10200000,2823,99500000,102500000,"23:30"
"31/01/2025","2025-01-31","Thứ Sáu","Vàng nhẫn SJC 9999",98600000,101600000,3000000,9860000,10160000,2812.5,99100000,102100000,"23:30"
"03/02/2025","2025-02-03","Thứ Hai","Vàng nhẫn SJC 9999",99400000,102400000,3000000,9940000,10240000,2833.9,99900000,102900000,"23:30"
"04/02/2025","2025-02-04","Thứ Ba","Vàng nhẫn SJC 9999",100100000,103100000,3000000,10010000,10310000,2853.3,100600000,103600000,"23:30"
"05/02/2025","2025-02-05","Thứ Tư","Vàng nhẫn SJC 9999",100800000,103800000,3000000,10080000,10380000,2871.6,101300000,104300000,"23:30"
"06/02/2025","2025-02-06","Thứ Năm","Vàng nhẫn SJC 9999",100200000,103200000,3000000,10020000,10320000,2856,100700000,103700000,"23:30"
"07/02/2025","2025-02-07","Thứ Sáu","Vàng nhẫn SJC 9999",100600000,103600000,3000000,10060000,10360000,2867.3,101100000,104100000,"23:30"
"10/02/2025","2025-02-10","Thứ Hai","Vàng nhẫn SJC 9999",102300000,105300000,3000000,10230000,10530000,2914.3,102800000,105800000,"23:30"
"11/02/2025","2025-02-11","Thứ Ba","Vàng nhẫn SJC 9999",102200000,105200000,3000000,10220000,10520000,2912.5,102700000,105700000,"23:30"
"12/02/2025","2025-02-12","Thứ Tư","Vàng nhẫn SJC 9999",102100000,105100000,3000000,10210000,10510000,2909,102600000,105600000,"23:30"
"13/02/2025","2025-02-13","Thứ Năm","Vàng nhẫn SJC 9999",102700000,105700000,3000000,10270000,10570000,2925.9,103200000,106200000,"23:30"
"14/02/2025","2025-02-14","Thứ Sáu","Vàng nhẫn SJC 9999",101200000,104200000,3000000,10120000,10420000,2883.6,101700000,104700000,"23:30"
"18/02/2025","2025-02-18","Thứ Ba","Vàng nhẫn SJC 9999",102900000,105900000,3000000,10290000,10590000,2931.6,103400000,106400000,"23:30"
"19/02/2025","2025-02-19","Thứ Tư","Vàng nhẫn SJC 9999",102500000,105500000,3000000,10250000,10550000,2919.4,103000000,106000000,"23:30"
"20/02/2025","2025-02-20","Thứ Năm","Vàng nhẫn SJC 9999",103200000,106200000,3000000,10320000,10620000,2940,103700000,106700000,"23:30"
"21/02/2025","2025-02-21","Thứ Sáu","Vàng nhẫn SJC 9999",103200000,106200000,3000000,10320000,10620000,2937.6,103700000,106700000,"23:30"
"24/02/2025","2025-02-24","Thứ Hai","Vàng nhẫn SJC 9999",103500000,106500000,3000000,10350000,10650000,2947.9,104000000,107000000,"23:30"
"25/02/2025","2025-02-25","Thứ Ba","Vàng nhẫn SJC 9999",102000000,105000000,3000000,10200000,10500000,2904.5,102500000,105500000,"23:30"
"26/02/2025","2025-02-26","Thứ Tư","Vàng nhẫn SJC 9999",102400000,105400000,3000000,10240000,10540000,2916.8,102900000,105900000,"23:30"
"27/02/2025","2025-02-27","Thứ Năm","Vàng nhẫn SJC 9999",101200000,104200000,3000000,10120000,10420000,2883.2,101700000,104700000,"23:30"
"28/02/2025","2025-02-28","Thứ Sáu","Vàng nhẫn SJC 9999",99500000,102500000,3000000,9950000,10250000,2836.8,100000000,103000000,"23:30"
"03/03/2025","2025-03-03","Thứ Hai","Vàng nhẫn SJC 9999",101400000,104400000,3000000,10140000,10440000,2890.2,101900000,104900000,"23:30"
"04/03/2025","2025-03-04","Thứ Ba","Vàng nhẫn SJC 9999",102100000,105100000,3000000,10210000,10510000,2909.6,102600000,105600000,"23:30"
"05/03/2025","2025-03-05","Thứ Tư","Vàng nhẫn SJC 9999",102300000,105300000,3000000,10230000,10530000,2915.3,102800000,105800000,"23:30"
"06/03/2025","2025-03-06","Thứ Năm","Vàng nhẫn SJC 9999",102400000,105400000,3000000,10240000,10540000,2916.6,102900000,105900000,"23:30"
"07/03/2025","2025-03-07","Thứ Sáu","Vàng nhẫn SJC 9999",102000000,105000000,3000000,10200000,10500000,2904.7,102500000,105500000,"23:30"
"10/03/2025","2025-03-10","Thứ Hai","Vàng nhẫn SJC 9999",101500000,104500000,3000000,10150000,10450000,2891,102000000,105000000,"23:30"
"11/03/2025","2025-03-11","Thứ Ba","Vàng nhẫn SJC 9999",102300000,105300000,3000000,10230000,10530000,2912.9,102800000,105800000,"23:30"
"12/03/2025","2025-03-12","Thứ Tư","Vàng nhẫn SJC 9999",103200000,106200000,3000000,10320000,10620000,2939.1,103700000,106700000,"23:30"
"13/03/2025","2025-03-13","Thứ Năm","Vàng nhẫn SJC 9999",104800000,107800000,3000000,10480000,10780000,2984.3,105300000,108300000,"23:30"
"14/03/2025","2025-03-14","Thứ Sáu","Vàng nhẫn SJC 9999",105200000,108200000,3000000,10520000,10820000,2994.5,105700000,108700000,"23:30"
"17/03/2025","2025-03-17","Thứ Hai","Vàng nhẫn SJC 9999",105400000,108400000,3000000,10540000,10840000,3000,105900000,108900000,"23:30"
"18/03/2025","2025-03-18","Thứ Ba","Vàng nhẫn SJC 9999",106700000,109700000,3000000,10670000,10970000,3035.1,107200000,110200000,"23:30"
"19/03/2025","2025-03-19","Thứ Tư","Vàng nhẫn SJC 9999",106700000,109700000,3000000,10670000,10970000,3035.9,107200000,110200000,"23:30"
"20/03/2025","2025-03-20","Thứ Năm","Vàng nhẫn SJC 9999",106900000,109900000,3000000,10690000,10990000,3040,107400000,110400000,"23:30"
"21/03/2025","2025-03-21","Thứ Sáu","Vàng nhẫn SJC 9999",106100000,109100000,3000000,10610000,10910000,3018.2,106600000,109600000,"23:30"
"24/03/2025","2025-03-24","Thứ Hai","Vàng nhẫn SJC 9999",105900000,108900000,3000000,10590000,10890000,3013.1,106400000,109400000,"23:30"
"25/03/2025","2025-03-25","Thứ Ba","Vàng nhẫn SJC 9999",106300000,109300000,3000000,10630000,10930000,3023.7,106800000,109800000,"23:30"
"26/03/2025","2025-03-26","Thứ Tư","Vàng nhẫn SJC 9999",106200000,109200000,3000000,10620000,10920000,3020.9,106700000,109700000,"23:30"
"27/03/2025","2025-03-27","Thứ Năm","Vàng nhẫn SJC 9999",107600000,110600000,3000000,10760000,11060000,3060.2,108100000,111100000,"23:30"
"28/03/2025","2025-03-28","Thứ Sáu","Vàng nhẫn SJC 9999",108500000,111500000,3000000,10850000,11150000,3086.5,109000000,112000000,"23:30"
"31/03/2025","2025-03-31","Thứ Hai","Vàng nhẫn SJC 9999",109800000,112800000,3000000,10980000,11280000,3122.8,110300000,113300000,"23:30"
"01/04/2025","2025-04-01","Thứ Ba","Vàng nhẫn SJC 9999",109700000,112700000,3000000,10970000,11270000,3118.9,110200000,113200000,"23:30"
"02/04/2025","2025-04-02","Thứ Tư","Vàng nhẫn SJC 9999",110500000,113500000,3000000,11050000,11350000,3139.9,111000000,114000000,"23:30"
"03/04/2025","2025-04-03","Thứ Năm","Vàng nhẫn SJC 9999",108900000,111900000,3000000,10890000,11190000,3097,109400000,112400000,"23:30"
"04/04/2025","2025-04-04","Thứ Sáu","Vàng nhẫn SJC 9999",105800000,108800000,3000000,10580000,10880000,3012,106300000,109300000,"23:30"
"07/04/2025","2025-04-07","Thứ Hai","Vàng nhẫn SJC 9999",103600000,106600000,3000000,10360000,10660000,2951.3,104100000,107100000,"23:30"
"08/04/2025","2025-04-08","Thứ Ba","Vàng nhẫn SJC 9999",104300000,107300000,3000000,10430000,10730000,2968.4,104800000,107800000,"23:30"
"09/04/2025","2025-04-09","Thứ Tư","Vàng nhẫn SJC 9999",107400000,110400000,3000000,10740000,11040000,3056.5,107900000,110900000,"23:30"
"10/04/2025","2025-04-10","Thứ Năm","Vàng nhẫn SJC 9999",111000000,114000000,3000000,11100000,11400000,3155.2,111500000,114500000,"23:30"
"11/04/2025","2025-04-11","Thứ Sáu","Vàng nhẫn SJC 9999",113400000,116400000,3000000,11340000,11640000,3222.2,113900000,116900000,"23:30"
"14/04/2025","2025-04-14","Thứ Hai","Vàng nhẫn SJC 9999",112800000,115800000,3000000,11280000,11580000,3204.8,113300000,116300000,"23:30"
"15/04/2025","2025-04-15","Thứ Ba","Vàng nhẫn SJC 9999",113300000,116300000,3000000,11330000,11630000,3218.7,113800000,116800000,"23:30"
"16/04/2025","2025-04-16","Thứ Tư","Vàng nhẫn SJC 9999",117200000,120200000,3000000,11720000,12020000,3326.6,117700000,120700000,"23:30"
"17/04/2025","2025-04-17","Thứ Năm","Vàng nhẫn SJC 9999",116600000,119600000,3000000,11660000,11960000,3308.7,117100000,120100000,"23:30"
"21/04/2025","2025-04-21","Thứ Hai","Vàng nhẫn SJC 9999",120100000,123100000,3000000,12010000,12310000,3406.2,120600000,123600000,"23:30"
"22/04/2025","2025-04-22","Thứ Ba","Vàng nhẫn SJC 9999",119900000,122900000,3000000,11990000,12290000,3400.8,120400000,123400000,"23:30"
"23/04/2025","2025-04-23","Thứ Tư","Vàng nhẫn SJC 9999",115400000,118400000,3000000,11540000,11840000,3276.3,115900000,118900000,"23:30"
"24/04/2025","2025-04-24","Thứ Năm","Vàng nhẫn SJC 9999",117400000,120400000,3000000,11740000,12040000,3332,117900000,120900000,"23:30"
"25/04/2025","2025-04-25","Thứ Sáu","Vàng nhẫn SJC 9999",115600000,118600000,3000000,11560000,11860000,3282.4,116100000,119100000,"23:30"
"28/04/2025","2025-04-28","Thứ Hai","Vàng nhẫn SJC 9999",117400000,120400000,3000000,11740000,12040000,3332.5,117900000,120900000,"23:30"
"29/04/2025","2025-04-29","Thứ Ba","Vàng nhẫn SJC 9999",116900000,119900000,3000000,11690000,11990000,3318.8,117400000,120400000,"23:30"
"30/04/2025","2025-04-30","Thứ Tư","Vàng nhẫn SJC 9999",116400000,119400000,3000000,11640000,11940000,3305,116900000,119900000,"23:30"
"01/05/2025","2025-05-01","Thứ Năm","Vàng nhẫn SJC 9999",113000000,116000000,3000000,11300000,11600000,3210,113500000,116500000,"23:30"
"02/05/2025","2025-05-02","Thứ Sáu","Vàng nhẫn SJC 9999",113800000,116800000,3000000,11380000,11680000,3231.9,114300000,117300000,"23:30"
"05/05/2025","2025-05-05","Thứ Hai","Vàng nhẫn SJC 9999",116700000,119700000,3000000,11670000,11970000,3311.3,117200000,120200000,"23:30"
"06/05/2025","2025-05-06","Thứ Ba","Vàng nhẫn SJC 9999",120300000,123300000,3000000,12030000,12330000,3411.4,120800000,123800000,"23:30"
"07/05/2025","2025-05-07","Thứ Tư","Vàng nhẫn SJC 9999",119200000,122200000,3000000,11920000,12220000,3381.4,119700000,122700000,"23:30"
"08/05/2025","2025-05-08","Thứ Năm","Vàng nhẫn SJC 9999",116100000,119100000,3000000,11610000,11910000,3296.6,116600000,119600000,"23:30"
"09/05/2025","2025-05-09","Thứ Sáu","Vàng nhẫn SJC 9999",117500000,120500000,3000000,11750000,12050000,3335.4,118000000,121000000,"23:30"
"12/05/2025","2025-05-12","Thứ Hai","Vàng nhẫn SJC 9999",113400000,116400000,3000000,11340000,11640000,3220,113900000,116900000,"23:30"
"13/05/2025","2025-05-13","Thứ Ba","Vàng nhẫn SJC 9999",114100000,117100000,3000000,11410000,11710000,3240.3,114600000,117600000,"23:30"
"14/05/2025","2025-05-14","Thứ Tư","Vàng nhẫn SJC 9999",112000000,115000000,3000000,11200000,11500000,3181.4,112500000,115500000,"23:30"
"15/05/2025","2025-05-15","Thứ Năm","Vàng nhẫn SJC 9999",113400000,116400000,3000000,11340000,11640000,3220.7,113900000,116900000,"23:30"
"16/05/2025","2025-05-16","Thứ Sáu","Vàng nhẫn SJC 9999",112000000,115000000,3000000,11200000,11500000,3182,112500000,115500000,"23:30"
"19/05/2025","2025-05-19","Thứ Hai","Vàng nhẫn SJC 9999",113700000,116700000,3000000,11370000,11670000,3228.9,114200000,117200000,"23:30"
"20/05/2025","2025-05-20","Thứ Ba","Vàng nhẫn SJC 9999",115500000,118500000,3000000,11550000,11850000,3280.3,116000000,119000000,"23:30"
"21/05/2025","2025-05-21","Thứ Tư","Vàng nhẫn SJC 9999",116600000,119600000,3000000,11660000,11960000,3309.3,117100000,120100000,"23:30"
"22/05/2025","2025-05-22","Thứ Năm","Vàng nhẫn SJC 9999",116000000,119000000,3000000,11600000,11900000,3292.3,116500000,119500000,"23:30"
"23/05/2025","2025-05-23","Thứ Sáu","Vàng nhẫn SJC 9999",118500000,121500000,3000000,11850000,12150000,3363.6,119000000,122000000,"23:30"
"27/05/2025","2025-05-27","Thứ Ba","Vàng nhẫn SJC 9999",116200000,119200000,3000000,11620000,11920000,3299.1,116700000,119700000,"23:30"
"28/05/2025","2025-05-28","Thứ Tư","Vàng nhẫn SJC 9999",116000000,119000000,3000000,11600000,11900000,3293.6,116500000,119500000,"23:30"
"29/05/2025","2025-05-29","Thứ Năm","Vàng nhẫn SJC 9999",116900000,119900000,3000000,11690000,11990000,3317.1,117400000,120400000,"23:30"
"30/05/2025","2025-05-30","Thứ Sáu","Vàng nhẫn SJC 9999",115800000,118800000,3000000,11580000,11880000,3288.9,116300000,119300000,"23:30"
"02/06/2025","2025-06-02","Thứ Hai","Vàng nhẫn SJC 9999",118800000,121800000,3000000,11880000,12180000,3370.6,119300000,122300000,"23:30"
"03/06/2025","2025-06-03","Thứ Ba","Vàng nhẫn SJC 9999",118100000,121100000,3000000,11810000,12110000,3350.2,118600000,121600000,"23:30"
"04/06/2025","2025-06-04","Thứ Tư","Vàng nhẫn SJC 9999",118900000,121900000,3000000,11890000,12190000,3373.5,119400000,122400000,"23:30"
"05/06/2025","2025-06-05","Thứ Năm","Vàng nhẫn SJC 9999",118100000,121100000,3000000,11810000,12110000,3350.7,118600000,121600000,"23:30"
"06/06/2025","2025-06-06","Thứ Sáu","Vàng nhẫn SJC 9999",117100000,120100000,3000000,11710000,12010000,3322.7,117600000,120600000,"23:30"
"09/06/2025","2025-06-09","Thứ Hai","Vàng nhẫn SJC 9999",117400000,120400000,3000000,11740000,12040000,3332.1,117900000,120900000,"23:30"
"10/06/2025","2025-06-10","Thứ Ba","Vàng nhẫn SJC 9999",117000000,120000000,3000000,11700000,12000000,3320.9,117500000,120500000,"23:30"
"11/06/2025","2025-06-11","Thứ Tư","Vàng nhẫn SJC 9999",117000000,120000000,3000000,11700000,12000000,3321.3,117500000,120500000,"23:30"
"12/06/2025","2025-06-12","Thứ Năm","Vàng nhẫn SJC 9999",119200000,122200000,3000000,11920000,12220000,3380.9,119700000,122700000,"23:30"
"13/06/2025","2025-06-13","Thứ Sáu","Vàng nhẫn SJC 9999",121000000,124000000,3000000,12100000,12400000,3431.2,121500000,124500000,"23:30"
"16/06/2025","2025-06-16","Thứ Hai","Vàng nhẫn SJC 9999",119700000,122700000,3000000,11970000,12270000,3396.4,120200000,123200000,"23:30"
"17/06/2025","2025-06-17","Thứ Ba","Vàng nhẫn SJC 9999",119400000,122400000,3000000,11940000,12240000,3386.6,119900000,122900000,"23:30"
"18/06/2025","2025-06-18","Thứ Tư","Vàng nhẫn SJC 9999",119500000,122500000,3000000,11950000,12250000,3389.8,120000000,123000000,"23:30"
"20/06/2025","2025-06-20","Thứ Sáu","Vàng nhẫn SJC 9999",118700000,121700000,3000000,11870000,12170000,3368.1,119200000,122200000,"23:30"
"23/06/2025","2025-06-23","Thứ Hai","Vàng nhẫn SJC 9999",119100000,122100000,3000000,11910000,12210000,3377.7,119600000,122600000,"23:30"
"24/06/2025","2025-06-24","Thứ Ba","Vàng nhẫn SJC 9999",116900000,119900000,3000000,11690000,11990000,3317.4,117400000,120400000,"23:30"
"25/06/2025","2025-06-25","Thứ Tư","Vàng nhẫn SJC 9999",117200000,120200000,3000000,11720000,12020000,3327.1,117700000,120700000,"23:30"
"26/06/2025","2025-06-26","Thứ Năm","Vàng nhẫn SJC 9999",117500000,120500000,3000000,11750000,12050000,3333.5,118000000,121000000,"23:30"
"27/06/2025","2025-06-27","Thứ Sáu","Vàng nhẫn SJC 9999",115300000,118300000,3000000,11530000,11830000,3273.7,115800000,118800000,"23:30"
"30/06/2025","2025-06-30","Thứ Hai","Vàng nhẫn SJC 9999",116000000,119000000,3000000,11600000,11900000,3294.4,116500000,119500000,"23:30"
"01/07/2025","2025-07-01","Thứ Ba","Vàng nhẫn SJC 9999",117600000,120600000,3000000,11760000,12060000,3336.7,118100000,121100000,"23:30"
"02/07/2025","2025-07-02","Thứ Tư","Vàng nhẫn SJC 9999",118000000,121000000,3000000,11800000,12100000,3348,118500000,121500000,"23:30"
"03/07/2025","2025-07-03","Thứ Năm","Vàng nhẫn SJC 9999",117400000,120400000,3000000,11740000,12040000,3331.6,117900000,120900000,"23:30"
"04/07/2025","2025-07-04","Thứ Sáu","Vàng nhẫn SJC 9999",117400000,120400000,3000000,11740000,12040000,3332.5,117900000,120900000,"23:30"
"07/07/2025","2025-07-07","Thứ Hai","Vàng nhẫn SJC 9999",117400000,120400000,3000000,11740000,12040000,3332.2,117900000,120900000,"23:30"
"08/07/2025","2025-07-08","Thứ Ba","Vàng nhẫn SJC 9999",116500000,119500000,3000000,11650000,11950000,3307,117000000,120000000,"23:30"
"09/07/2025","2025-07-09","Thứ Tư","Vàng nhẫn SJC 9999",116700000,119700000,3000000,11670000,11970000,3311.6,117200000,120200000,"23:30"
"10/07/2025","2025-07-10","Thứ Năm","Vàng nhẫn SJC 9999",116900000,119900000,3000000,11690000,11990000,3317.4,117400000,120400000,"23:30"
"11/07/2025","2025-07-11","Thứ Sáu","Vàng nhẫn SJC 9999",118300000,121300000,3000000,11830000,12130000,3356,118800000,121800000,"23:30"
"14/07/2025","2025-07-14","Thứ Hai","Vàng nhẫn SJC 9999",118100000,121100000,3000000,11810000,12110000,3351.5,118600000,121600000,"23:30"
"15/07/2025","2025-07-15","Thứ Ba","Vàng nhẫn SJC 9999",117300000,120300000,3000000,11730000,12030000,3329.8,117800000,120800000,"23:30"
"16/07/2025","2025-07-16","Thứ Tư","Vàng nhẫn SJC 9999",118100000,121100000,3000000,11810000,12110000,3352.5,118600000,121600000,"23:30"
"17/07/2025","2025-07-17","Thứ Năm","Vàng nhẫn SJC 9999",117700000,120700000,3000000,11770000,12070000,3340.1,118200000,121200000,"23:30"
"18/07/2025","2025-07-18","Thứ Sáu","Vàng nhẫn SJC 9999",118200000,121200000,3000000,11820000,12120000,3353,118700000,121700000,"23:30"
"21/07/2025","2025-07-21","Thứ Hai","Vàng nhẫn SJC 9999",119900000,122900000,3000000,11990000,12290000,3401.9,120400000,123400000,"23:30"
"22/07/2025","2025-07-22","Thứ Ba","Vàng nhẫn SJC 9999",121300000,124300000,3000000,12130000,12430000,3439.2,121800000,124800000,"23:30"
"23/07/2025","2025-07-23","Thứ Tư","Vàng nhẫn SJC 9999",119600000,122600000,3000000,11960000,12260000,3394.1,120100000,123100000,"23:30"
"24/07/2025","2025-07-24","Thứ Năm","Vàng nhẫn SJC 9999",118800000,121800000,3000000,11880000,12180000,3371,119300000,122300000,"23:30"
"25/07/2025","2025-07-25","Thứ Sáu","Vàng nhẫn SJC 9999",117500000,120500000,3000000,11750000,12050000,3334,118000000,121000000,"23:30"
"28/07/2025","2025-07-28","Thứ Hai","Vàng nhẫn SJC 9999",116600000,119600000,3000000,11660000,11960000,3309.1,117100000,120100000,"23:30"
"29/07/2025","2025-07-29","Thứ Ba","Vàng nhẫn SJC 9999",117100000,120100000,3000000,11710000,12010000,3323.4,117600000,120600000,"23:30"
"30/07/2025","2025-07-30","Thứ Tư","Vàng nhẫn SJC 9999",116100000,119100000,3000000,11610000,11910000,3295.8,116600000,119600000,"23:30"
"31/07/2025","2025-07-31","Thứ Năm","Vàng nhẫn SJC 9999",116000000,119000000,3000000,11600000,11900000,3293.2,116500000,119500000,"23:30"
"01/08/2025","2025-08-01","Thứ Sáu","Vàng nhẫn SJC 9999",118000000,121000000,3000000,11800000,12100000,3347.7,118500000,121500000,"23:30"
"04/08/2025","2025-08-04","Thứ Hai","Vàng nhẫn SJC 9999",118900000,121900000,3000000,11890000,12190000,3374.4,119400000,122400000,"23:30"
"05/08/2025","2025-08-05","Thứ Ba","Vàng nhẫn SJC 9999",119200000,122200000,3000000,11920000,12220000,3381.9,119700000,122700000,"23:30"
"06/08/2025","2025-08-06","Thứ Tư","Vàng nhẫn SJC 9999",119100000,122100000,3000000,11910000,12210000,3380,119600000,122600000,"23:30"
"07/08/2025","2025-08-07","Thứ Năm","Vàng nhẫn SJC 9999",119900000,122900000,3000000,11990000,12290000,3400.3,120400000,123400000,"23:30"
"08/08/2025","2025-08-08","Thứ Sáu","Vàng nhẫn SJC 9999",121300000,124300000,3000000,12130000,12430000,3439.1,121800000,124800000,"23:30"
"11/08/2025","2025-08-11","Thứ Hai","Vàng nhẫn SJC 9999",118200000,121200000,3000000,11820000,12120000,3353.1,118700000,121700000,"23:30"
"12/08/2025","2025-08-12","Thứ Ba","Vàng nhẫn SJC 9999",118000000,121000000,3000000,11800000,12100000,3348.9,118500000,121500000,"23:30"
"13/08/2025","2025-08-13","Thứ Tư","Vàng nhẫn SJC 9999",118400000,121400000,3000000,11840000,12140000,3358.7,118900000,121900000,"23:30"
"14/08/2025","2025-08-14","Thứ Năm","Vàng nhẫn SJC 9999",117500000,120500000,3000000,11750000,12050000,3335.2,118000000,121000000,"23:30"
"15/08/2025","2025-08-15","Thứ Sáu","Vàng nhẫn SJC 9999",117500000,120500000,3000000,11750000,12050000,3336,118000000,121000000,"23:30"
"18/08/2025","2025-08-18","Thứ Hai","Vàng nhẫn SJC 9999",117400000,120400000,3000000,11740000,12040000,3331.7,117900000,120900000,"23:30"
"19/08/2025","2025-08-19","Thứ Ba","Vàng nhẫn SJC 9999",116700000,119700000,3000000,11670000,11970000,3313.4,117200000,120200000,"23:30"
"20/08/2025","2025-08-20","Thứ Tư","Vàng nhẫn SJC 9999",117800000,120800000,3000000,11780000,12080000,3343.4,118300000,121300000,"23:30"
"21/08/2025","2025-08-21","Thứ Năm","Vàng nhẫn SJC 9999",117600000,120600000,3000000,11760000,12060000,3336.9,118100000,121100000,"23:30"
"22/08/2025","2025-08-22","Thứ Sáu","Vàng nhẫn SJC 9999",118900000,121900000,3000000,11890000,12190000,3374.4,119400000,122400000,"23:30"
"25/08/2025","2025-08-25","Thứ Hai","Vàng nhẫn SJC 9999",118900000,121900000,3000000,11890000,12190000,3373.8,119400000,122400000,"23:30"
"26/08/2025","2025-08-26","Thứ Ba","Vàng nhẫn SJC 9999",119400000,122400000,3000000,11940000,12240000,3388.6,119900000,122900000,"23:30"
"27/08/2025","2025-08-27","Thứ Tư","Vàng nhẫn SJC 9999",120000000,123000000,3000000,12000000,12300000,3404.6,120500000,123500000,"23:30"
"28/08/2025","2025-08-28","Thứ Năm","Vàng nhẫn SJC 9999",121000000,124000000,3000000,12100000,12400000,3431.8,121500000,124500000,"23:30"
"29/08/2025","2025-08-29","Thứ Sáu","Vàng nhẫn SJC 9999",122500000,125500000,3000000,12250000,12550000,3473.7,123000000,126000000,"23:30"
"02/09/2025","2025-09-02","Thứ Ba","Vàng nhẫn SJC 9999",125300000,128300000,3000000,12530000,12830000,3549.4,125800000,128800000,"23:30"
"03/09/2025","2025-09-03","Thứ Tư","Vàng nhẫn SJC 9999",126800000,129800000,3000000,12680000,12980000,3593.2,127300000,130300000,"23:30"
"04/09/2025","2025-09-04","Thứ Năm","Vàng nhẫn SJC 9999",125900000,128900000,3000000,12590000,12890000,3565.8,126400000,129400000,"23:30"
"05/09/2025","2025-09-05","Thứ Sáu","Vàng nhẫn SJC 9999",127600000,130600000,3000000,12760000,13060000,3613.2,128100000,131100000,"23:30"
"08/09/2025","2025-09-08","Thứ Hai","Vàng nhẫn SJC 9999",128500000,131500000,3000000,12850000,13150000,3638.1,129000000,132000000,"23:30"
"09/09/2025","2025-09-09","Thứ Ba","Vàng nhẫn SJC 9999",128700000,131700000,3000000,12870000,13170000,3643.3,129200000,132200000,"23:30"
"10/09/2025","2025-09-10","Thứ Tư","Vàng nhẫn SJC 9999",128700000,131700000,3000000,12870000,13170000,3643.6,129200000,132200000,"23:30"
"11/09/2025","2025-09-11","Thứ Năm","Vàng nhẫn SJC 9999",128400000,131400000,3000000,12840000,13140000,3636.9,128900000,131900000,"23:30"
"12/09/2025","2025-09-12","Thứ Sáu","Vàng nhẫn SJC 9999",128900000,131900000,3000000,12890000,13190000,3649.4,129400000,132400000,"23:30"
"15/09/2025","2025-09-15","Thứ Hai","Vàng nhẫn SJC 9999",130100000,133100000,3000000,13010000,13310000,3682.2,130600000,133600000,"23:30"
"16/09/2025","2025-09-16","Thứ Ba","Vàng nhẫn SJC 9999",130300000,133300000,3000000,13030000,13330000,3688.9,130800000,133800000,"23:30"
"17/09/2025","2025-09-17","Thứ Tư","Vàng nhẫn SJC 9999",130000000,133000000,3000000,13000000,13300000,3681.8,130500000,133500000,"23:30"
"18/09/2025","2025-09-18","Thứ Năm","Vàng nhẫn SJC 9999",128700000,131700000,3000000,12870000,13170000,3643.7,129200000,132200000,"23:30"
"19/09/2025","2025-09-19","Thứ Sáu","Vàng nhẫn SJC 9999",129700000,132700000,3000000,12970000,13270000,3671.5,130200000,133200000,"23:30"
"22/09/2025","2025-09-22","Thứ Hai","Vàng nhẫn SJC 9999",132200000,135200000,3000000,13220000,13520000,3740.7,132700000,135700000,"23:30"
"23/09/2025","2025-09-23","Thứ Ba","Vàng nhẫn SJC 9999",133600000,136600000,3000000,13360000,13660000,3780.6,134100000,137100000,"23:30"
"24/09/2025","2025-09-24","Thứ Tư","Vàng nhẫn SJC 9999",131900000,134900000,3000000,13190000,13490000,3732.1,132400000,135400000,"23:30"
"25/09/2025","2025-09-25","Thứ Năm","Vàng nhẫn SJC 9999",132000000,135000000,3000000,13200000,13500000,3736.9,132500000,135500000,"23:30"
"26/09/2025","2025-09-26","Thứ Sáu","Vàng nhẫn SJC 9999",133400000,136400000,3000000,13340000,13640000,3775.3,133900000,136900000,"23:30"
"29/09/2025","2025-09-29","Thứ Hai","Vàng nhẫn SJC 9999",135100000,138100000,3000000,13510000,13810000,3820.9,135600000,138600000,"23:30"
"30/09/2025","2025-09-30","Thứ Ba","Vàng nhẫn SJC 9999",135800000,138800000,3000000,13580000,13880000,3840.8,136300000,139300000,"23:30"
"01/10/2025","2025-10-01","Thứ Tư","Vàng nhẫn SJC 9999",136800000,139800000,3000000,13680000,13980000,3867.5,137300000,140300000,"23:30"
"02/10/2025","2025-10-02","Thứ Năm","Vàng nhẫn SJC 9999",135800000,138800000,3000000,13580000,13880000,3839.7,136300000,139300000,"23:30"
"03/10/2025","2025-10-03","Thứ Sáu","Vàng nhẫn SJC 9999",137200000,140200000,3000000,13720000,14020000,3880.8,137700000,140700000,"23:30"
"06/10/2025","2025-10-06","Thứ Hai","Vàng nhẫn SJC 9999",139700000,142700000,3000000,13970000,14270000,3948.5,140200000,143200000,"23:30"
"07/10/2025","2025-10-07","Thứ Ba","Vàng nhẫn SJC 9999",140700000,143700000,3000000,14070000,14370000,3976.6,141200000,144200000,"23:30"
"08/10/2025","2025-10-08","Thứ Tư","Vàng nhẫn SJC 9999",143100000,146100000,3000000,14310000,14610000,4043.3,143600000,146600000,"23:30"
"09/10/2025","2025-10-09","Thứ Năm","Vàng nhẫn SJC 9999",139600000,142600000,3000000,13960000,14260000,3946.3,140100000,143100000,"23:30"
"10/10/2025","2025-10-10","Thứ Sáu","Vàng nhẫn SJC 9999",140700000,143700000,3000000,14070000,14370000,3975.9,141200000,144200000,"23:30"
"13/10/2025","2025-10-13","Thứ Hai","Vàng nhẫn SJC 9999",145500000,148500000,3000000,14550000,14850000,4108.6,146000000,149000000,"23:30"
"14/10/2025","2025-10-14","Thứ Ba","Vàng nhẫn SJC 9999",146600000,149600000,3000000,14660000,14960000,4138.7,147100000,150100000,"23:30"
"15/10/2025","2025-10-15","Thứ Tư","Vàng nhẫn SJC 9999",147900000,150900000,3000000,14790000,15090000,4176.9,148400000,151400000,"23:30"
"16/10/2025","2025-10-16","Thứ Năm","Vàng nhẫn SJC 9999",151700000,154700000,3000000,15170000,15470000,4280.2,152200000,155200000,"23:30"
"17/10/2025","2025-10-17","Thứ Sáu","Vàng nhẫn SJC 9999",148400000,151400000,3000000,14840000,15140000,4189.9,148900000,151900000,"23:30"
"20/10/2025","2025-10-20","Thứ Hai","Vàng nhẫn SJC 9999",153700000,156700000,3000000,15370000,15670000,4336.4,154200000,157200000,"23:30"
"21/10/2025","2025-10-21","Thứ Ba","Vàng nhẫn SJC 9999",144700000,147700000,3000000,14470000,14770000,4087.7,145200000,148200000,"23:30"
"22/10/2025","2025-10-22","Thứ Tư","Vàng nhẫn SJC 9999",143100000,146100000,3000000,14310000,14610000,4044.4,143600000,146600000,"23:30"
"23/10/2025","2025-10-23","Thứ Năm","Vàng nhẫn SJC 9999",146100000,149100000,3000000,14610000,14910000,4125.5,146600000,149600000,"23:30"
"24/10/2025","2025-10-24","Thứ Sáu","Vàng nhẫn SJC 9999",145800000,148800000,3000000,14580000,14880000,4118.4,146300000,149300000,"23:30"
"27/10/2025","2025-10-27","Thứ Hai","Vàng nhẫn SJC 9999",141600000,144600000,3000000,14160000,14460000,4001.9,142100000,145100000,"23:30"
"28/10/2025","2025-10-28","Thứ Ba","Vàng nhẫn SJC 9999",140300000,143300000,3000000,14030000,14330000,3966.2,140800000,143800000,"23:30"
"29/10/2025","2025-10-29","Thứ Tư","Vàng nhẫn SJC 9999",141000000,144000000,3000000,14100000,14400000,3983.7,141500000,144500000,"23:30"
"30/10/2025","2025-10-30","Thứ Năm","Vàng nhẫn SJC 9999",141600000,144600000,3000000,14160000,14460000,4001.3,142100000,145100000,"23:30"
"31/10/2025","2025-10-31","Thứ Sáu","Vàng nhẫn SJC 9999",140900000,143900000,3000000,14090000,14390000,3982.2,141400000,144400000,"23:30"
"03/11/2025","2025-11-03","Thứ Hai","Vàng nhẫn SJC 9999",141600000,144600000,3000000,14160000,14460000,4000.3,142100000,145100000,"23:30"
"04/11/2025","2025-11-04","Thứ Ba","Vàng nhẫn SJC 9999",139700000,142700000,3000000,13970000,14270000,3947.7,140200000,143200000,"23:30"
"05/11/2025","2025-11-05","Thứ Tư","Vàng nhẫn SJC 9999",140800000,143800000,3000000,14080000,14380000,3980.3,141300000,144300000,"23:30"
"06/11/2025","2025-11-06","Thứ Năm","Vàng nhẫn SJC 9999",140800000,143800000,3000000,14080000,14380000,3979.9,141300000,144300000,"23:30"
"07/11/2025","2025-11-07","Thứ Sáu","Vàng nhẫn SJC 9999",141500000,144500000,3000000,14150000,14450000,3999.4,142000000,145000000,"23:30"
"10/11/2025","2025-11-10","Thứ Hai","Vàng nhẫn SJC 9999",145600000,148600000,3000000,14560000,14860000,4111.8,146100000,149100000,"23:30"
"11/11/2025","2025-11-11","Thứ Ba","Vàng nhẫn SJC 9999",145400000,148400000,3000000,14540000,14840000,4106.8,145900000,148900000,"23:30"
"12/11/2025","2025-11-12","Thứ Tư","Vàng nhẫn SJC 9999",148900000,151900000,3000000,14890000,15190000,4204.4,149400000,152400000,"23:30"
"13/11/2025","2025-11-13","Thứ Năm","Vàng nhẫn SJC 9999",148300000,151300000,3000000,14830000,15130000,4186.9,148800000,151800000,"23:30"
"14/11/2025","2025-11-14","Thứ Sáu","Vàng nhẫn SJC 9999",144700000,147700000,3000000,14470000,14770000,4087.6,145200000,148200000,"23:30"
"17/11/2025","2025-11-17","Thứ Hai","Vàng nhẫn SJC 9999",144000000,147000000,3000000,14400000,14700000,4068.3,144500000,147500000,"23:30"
"18/11/2025","2025-11-18","Thứ Ba","Vàng nhẫn SJC 9999",143800000,146800000,3000000,14380000,14680000,4061.3,144300000,147300000,"23:30"
"19/11/2025","2025-11-19","Thứ Tư","Vàng nhẫn SJC 9999",144400000,147400000,3000000,14440000,14740000,4077.7,144900000,147900000,"23:30"
"20/11/2025","2025-11-20","Thứ Năm","Vàng nhẫn SJC 9999",143600000,146600000,3000000,14360000,14660000,4056.5,144100000,147100000,"23:30"
"21/11/2025","2025-11-21","Thứ Sáu","Vàng nhẫn SJC 9999",144300000,147300000,3000000,14430000,14730000,4076.7,144800000,147800000,"23:30"
"24/11/2025","2025-11-24","Thứ Hai","Vàng nhẫn SJC 9999",144900000,147900000,3000000,14490000,14790000,4091.9,145400000,148400000,"23:30"
"25/11/2025","2025-11-25","Thứ Ba","Vàng nhẫn SJC 9999",146600000,149600000,3000000,14660000,14960000,4139.2,147100000,150100000,"23:30"
"26/11/2025","2025-11-26","Thứ Tư","Vàng nhẫn SJC 9999",147500000,150500000,3000000,14750000,15050000,4165.2,148000000,151000000,"23:30"
"28/11/2025","2025-11-28","Thứ Sáu","Vàng nhẫn SJC 9999",149400000,152400000,3000000,14940000,15240000,4218.3,149900000,152900000,"23:30"
"01/12/2025","2025-12-01","Thứ Hai","Vàng nhẫn SJC 9999",150200000,153200000,3000000,15020000,15320000,4239.3,150700000,153700000,"23:30"
"02/12/2025","2025-12-02","Thứ Ba","Vàng nhẫn SJC 9999",148300000,151300000,3000000,14830000,15130000,4186.6,148800000,151800000,"23:30"
"03/12/2025","2025-12-03","Thứ Tư","Vàng nhẫn SJC 9999",148700000,151700000,3000000,14870000,15170000,4199.3,149200000,152200000,"23:30"
"04/12/2025","2025-12-04","Thứ Năm","Vàng nhẫn SJC 9999",149200000,152200000,3000000,14920000,15220000,4211.8,149700000,152700000,"23:30"
"05/12/2025","2025-12-05","Thứ Sáu","Vàng nhẫn SJC 9999",149200000,152200000,3000000,14920000,15220000,4212.9,149700000,152700000,"23:30"
"08/12/2025","2025-12-08","Thứ Hai","Vàng nhẫn SJC 9999",148300000,151300000,3000000,14830000,15130000,4187.2,148800000,151800000,"23:30"
"09/12/2025","2025-12-09","Thứ Ba","Vàng nhẫn SJC 9999",149000000,152000000,3000000,14900000,15200000,4206.7,149500000,152500000,"23:30"
"10/12/2025","2025-12-10","Thứ Tư","Vàng nhẫn SJC 9999",148600000,151600000,3000000,14860000,15160000,4196.4,149100000,152100000,"23:30"
"11/12/2025","2025-12-11","Thứ Năm","Vàng nhẫn SJC 9999",151900000,154900000,3000000,15190000,15490000,4285.5,152400000,155400000,"23:30"
"12/12/2025","2025-12-12","Thứ Sáu","Vàng nhẫn SJC 9999",152400000,155400000,3000000,15240000,15540000,4300.1,152900000,155900000,"23:30"
"15/12/2025","2025-12-15","Thứ Hai","Vàng nhẫn SJC 9999",152600000,155600000,3000000,15260000,15560000,4306.7,153100000,156100000,"23:30"
"16/12/2025","2025-12-16","Thứ Ba","Vàng nhẫn SJC 9999",152500000,155500000,3000000,15250000,15550000,4304.5,153000000,156000000,"23:30"
"17/12/2025","2025-12-17","Thứ Tư","Vàng nhẫn SJC 9999",154100000,157100000,3000000,15410000,15710000,4347.5,154600000,157600000,"23:30"
"18/12/2025","2025-12-18","Thứ Năm","Vàng nhẫn SJC 9999",153800000,156800000,3000000,15380000,15680000,4339.5,154300000,157300000,"23:30"
"19/12/2025","2025-12-19","Thứ Sáu","Vàng nhẫn SJC 9999",154600000,157600000,3000000,15460000,15760000,4361.4,155100000,158100000,"23:30"
"22/12/2025","2025-12-22","Thứ Hai","Vàng nhẫn SJC 9999",157600000,160600000,3000000,15760000,16060000,4444.6,158100000,161100000,"23:30"
"23/12/2025","2025-12-23","Thứ Ba","Vàng nhẫn SJC 9999",159000000,162000000,3000000,15900000,16200000,4482.8,159500000,162500000,"23:30"
"24/12/2025","2025-12-24","Thứ Tư","Vàng nhẫn SJC 9999",158900000,161900000,3000000,15890000,16190000,4480.6,159400000,162400000,"23:30"
"26/12/2025","2025-12-26","Thứ Sáu","Vàng nhẫn SJC 9999",160700000,163700000,3000000,16070000,16370000,4529.1,161200000,164200000,"23:30"
"29/12/2025","2025-12-29","Thứ Hai","Vàng nhẫn SJC 9999",153300000,156300000,3000000,15330000,15630000,4325.1,153800000,156800000,"23:30"
"30/12/2025","2025-12-30","Thứ Ba","Vàng nhẫn SJC 9999",154900000,157900000,3000000,15490000,15790000,4370.1,155400000,158400000,"23:30"
"31/12/2025","2025-12-31","Thứ Tư","Vàng nhẫn SJC 9999",153300000,156300000,3000000,15330000,15630000,4325.6,153800000,156800000,"23:30"
"02/01/2026","2026-01-02","Thứ Sáu","Vàng nhẫn SJC 9999",145900000,148900000,3000000,14590000,14890000,4322.4,0,0,"23:30"
"05/01/2026","2026-01-05","Thứ Hai","Vàng nhẫn SJC 9999",149900000,152900000,3000000,14990000,15290000,4443.2,0,0,"23:30"
"06/01/2026","2026-01-06","Thứ Ba","Vàng nhẫn SJC 9999",151000000,154000000,3000000,15100000,15400000,4484.5,0,0,"23:30"
"07/01/2026","2026-01-07","Thứ Tư","Vàng nhẫn SJC 9999",152100000,154600000,2500000,15210000,15460000,4457.8,0,0,"23:30"
"08/01/2026","2026-01-08","Thứ Năm","Vàng nhẫn SJC 9999",151900000,154400000,2500000,15190000,15440000,4456.2,0,0,"23:30"
"09/01/2026","2026-01-09","Thứ Sáu","Vàng nhẫn SJC 9999",152800000,155300000,2500000,15280000,15530000,4505,0,0,"23:30"
"12/01/2026","2026-01-12","Thứ Hai","Vàng nhẫn SJC 9999",156500000,159000000,2500000,15650000,15900000,4622.7,0,0,"23:00"
"13/01/2026","2026-01-13","Thứ Ba","Vàng nhẫn SJC 9999",156500000,159000000,2500000,15650000,15900000,4596.7,0,0,"23:30"
"14/01/2026","2026-01-14","Thứ Tư","Vàng nhẫn SJC 9999",157900000,160400000,2500000,15790000,16040000,4622.2,0,0,"23:30"
"15/01/2026","2026-01-15","Thứ Năm","Vàng nhẫn SJC 9999",157200000,159700000,2500000,15720000,15970000,4615.4,0,0,"23:30"
"16/01/2026","2026-01-16","Thứ Sáu","Vàng nhẫn SJC 9999",157200000,159700000,2500000,15720000,15970000,4594.3,0,0,"23:30"
"20/01/2026","2026-01-20","Thứ Ba","Vàng nhẫn SJC 9999",161000000,163500000,2500000,16100000,16350000,4743.3,0,0,"23:30"
"21/01/2026","2026-01-21","Thứ Tư","Vàng nhẫn SJC 9999",165900000,168400000,2500000,16590000,16840000,4839.2,0,0,"23:30"
"22/01/2026","2026-01-22","Thứ Năm","Vàng nhẫn SJC 9999",165200000,167700000,2500000,16520000,16770000,4879.2,0,0,"23:30"
"23/01/2026","2026-01-23","Thứ Sáu","Vàng nhẫn SJC 9999",168300000,170800000,2500000,16830000,17080000,4986.8,0,0,"23:30"
"26/01/2026","2026-01-26","Thứ Hai","Vàng nhẫn SJC 9999",173500000,176000000,2500000,17350000,17600000,5083.5,0,0,"23:30"
"27/01/2026","2026-01-27","Thứ Ba","Vàng nhẫn SJC 9999",174100000,176600000,2500000,17410000,17660000,5096.5,0,0,"23:30"
"28/01/2026","2026-01-28","Thứ Tư","Vàng nhẫn SJC 9999",180700000,183700000,3000000,18070000,18370000,5288,0,0,"23:30"
"29/01/2026","2026-01-29","Thứ Năm","Vàng nhẫn SJC 9999",186300000,189300000,3000000,18630000,18930000,5290.9,0,0,"23:30"
"30/01/2026","2026-01-30","Thứ Sáu","Vàng nhẫn SJC 9999",177000000,180000000,3000000,17700000,18000000,5001.9,0,0,"23:30"
"02/02/2026","2026-02-02","Thứ Hai","Vàng nhẫn SJC 9999",162500000,165500000,3000000,16250000,16550000,4667.4,0,0,"23:30"
"03/02/2026","2026-02-03","Thứ Ba","Vàng nhẫn SJC 9999",171500000,174500000,3000000,17150000,17450000,4979.4,0,0,"23:30"
"04/02/2026","2026-02-04","Thứ Tư","Vàng nhẫn SJC 9999",176700000,179700000,3000000,17670000,17970000,4922.6,0,0,"23:30"
"05/02/2026","2026-02-05","Thứ Năm","Vàng nhẫn SJC 9999",171500000,174500000,3000000,17150000,17450000,4855.7,0,0,"23:30"
"06/02/2026","2026-02-06","Thứ Sáu","Vàng nhẫn SJC 9999",173000000,176000000,3000000,17300000,17600000,4939.4,0,0,"23:30"
"09/02/2026","2026-02-09","Thứ Hai","Vàng nhẫn SJC 9999",176900000,179900000,3000000,17690000,17990000,5075,0,0,"23:30"
"10/02/2026","2026-02-10","Thứ Ba","Vàng nhẫn SJC 9999",177500000,180500000,3000000,17750000,18050000,5018.1,0,0,"23:30"
"11/02/2026","2026-02-11","Thứ Tư","Vàng nhẫn SJC 9999",177500000,180500000,3000000,17750000,18050000,5061.3,0,0,"23:30"
"12/02/2026","2026-02-12","Thứ Năm","Vàng nhẫn SJC 9999",177500000,180500000,3000000,17750000,18050000,4885,0,0,"23:30"
"13/02/2026","2026-02-13","Thứ Sáu","Vàng nhẫn SJC 9999",175500000,178500000,3000000,17550000,17850000,5024.7,0,0,"23:30"
"17/02/2026","2026-02-17","Thứ Ba","Vàng nhẫn SJC 9999",177500000,180500000,3000000,17750000,18050000,4886.9,0,0,"23:30"
"18/02/2026","2026-02-18","Thứ Tư","Vàng nhẫn SJC 9999",177500000,180500000,3000000,17750000,18050000,4995.7,0,0,"23:30"
"19/02/2026","2026-02-19","Thứ Năm","Vàng nhẫn SJC 9999",177500000,180500000,3000000,17750000,18050000,4999.3,0,0,"23:30"
"20/02/2026","2026-02-20","Thứ Sáu","Vàng nhẫn SJC 9999",177500000,180500000,3000000,17750000,18050000,5053.1,0,0,"23:30"
"23/02/2026","2026-02-23","Thứ Hai","Vàng nhẫn SJC 9999",181100000,184100000,3000000,18110000,18410000,5217.4,0,0,"23:30"
"24/02/2026","2026-02-24","Thứ Ba","Vàng nhẫn SJC 9999",181100000,184100000,3000000,18110000,18410000,5144.5,0,0,"23:30"
"25/02/2026","2026-02-25","Thứ Tư","Vàng nhẫn SJC 9999",181800000,184800000,3000000,18180000,18480000,5203.5,0,0,"23:30"
"26/02/2026","2026-02-26","Thứ Năm","Vàng nhẫn SJC 9999",181000000,184000000,3000000,18100000,18400000,5181.2,0,0,"23:30"
"27/02/2026","2026-02-27","Thứ Sáu","Vàng nhẫn SJC 9999",180800000,183800000,3000000,18080000,18380000,5235.5,0,0,"23:30"
"02/03/2026","2026-03-02","Thứ Hai","Vàng nhẫn SJC 9999",186400000,189400000,3000000,18640000,18940000,5309,0,0,"23:30"
"03/03/2026","2026-03-03","Thứ Ba","Vàng nhẫn SJC 9999",184900000,187900000,3000000,18490000,18790000,5117.9,0,0,"23:30"
"04/03/2026","2026-03-04","Thứ Tư","Vàng nhẫn SJC 9999",180900000,183900000,3000000,18090000,18390000,5151.2,0,0,"23:30"
"05/03/2026","2026-03-05","Thứ Năm","Vàng nhẫn SJC 9999",181400000,184400000,3000000,18140000,18440000,5070.9,0,0,"23:30"
"06/03/2026","2026-03-06","Thứ Sáu","Vàng nhẫn SJC 9999",180500000,183500000,3000000,18050000,18350000,5143.1,0,0,"23:30"
"09/03/2026","2026-03-09","Thứ Hai","Vàng nhẫn SJC 9999",180800000,183800000,3000000,18080000,18380000,5105.3,0,0,"23:30"
"10/03/2026","2026-03-10","Thứ Ba","Vàng nhẫn SJC 9999",182800000,185800000,3000000,18280000,18580000,5234.2,0,0,"23:30"
"11/03/2026","2026-03-11","Thứ Tư","Vàng nhẫn SJC 9999",183900000,186900000,3000000,18390000,18690000,5169,0,0,"23:30"
"12/03/2026","2026-03-12","Thứ Năm","Vàng nhẫn SJC 9999",183000000,186000000,3000000,18300000,18600000,5135.1,0,0,"23:30"
"13/03/2026","2026-03-13","Thứ Sáu","Vàng nhẫn SJC 9999",181500000,184500000,3000000,18150000,18450000,5038.3,0,0,"23:30"
"16/03/2026","2026-03-16","Thứ Hai","Vàng nhẫn SJC 9999",179800000,182800000,3000000,17980000,18280000,4981,0,0,"23:30"
"17/03/2026","2026-03-17","Thứ Ba","Vàng nhẫn SJC 9999",179700000,182700000,3000000,17970000,18270000,5003.6,0,0,"23:30"
"18/03/2026","2026-03-18","Thứ Tư","Vàng nhẫn SJC 9999",179700000,182700000,3000000,17970000,18270000,4881.6,0,0,"23:30"
"19/03/2026","2026-03-19","Thứ Năm","Vàng nhẫn SJC 9999",172200000,175200000,3000000,17220000,17520000,4602.3,0,0,"23:30"
"20/03/2026","2026-03-20","Thứ Sáu","Vàng nhẫn SJC 9999",172800000,175800000,3000000,17280000,17580000,4588.6,0,0,"23:30"
"23/03/2026","2026-03-23","Thứ Hai","Vàng nhẫn SJC 9999",162800000,165800000,3000000,16280000,16580000,4362.3,0,0,"23:30"
"24/03/2026","2026-03-24","Thứ Ba","Vàng nhẫn SJC 9999",167000000,170000000,3000000,16700000,17000000,4423.9,0,0,"23:30"
"25/03/2026","2026-03-25","Thứ Tư","Vàng nhẫn SJC 9999",170300000,173300000,3000000,17030000,17330000,4558.2,0,0,"23:30"
"26/03/2026","2026-03-26","Thứ Năm","Vàng nhẫn SJC 9999",168300000,171300000,3000000,16830000,17130000,4395,0,0,"23:30"
"27/03/2026","2026-03-27","Thứ Sáu","Vàng nhẫn SJC 9999",168400000,171400000,3000000,16840000,17140000,4529.8,0,0,"23:30"
"30/03/2026","2026-03-30","Thứ Hai","Vàng nhẫn SJC 9999",170600000,173600000,3000000,17060000,17360000,4539.9,0,0,"23:30"
"31/03/2026","2026-03-31","Thứ Ba","Vàng nhẫn SJC 9999",171700000,174700000,3000000,17170000,17470000,4619.2,0,0,"23:30"
"01/04/2026","2026-04-01","Thứ Tư","Vàng nhẫn SJC 9999",173500000,176500000,3000000,17350000,17650000,4787.1,0,0,"23:00"
"02/04/2026","2026-04-02","Thứ Năm","Vàng nhẫn SJC 9999",169800000,173300000,3500000,16980000,17330000,4656.5,0,0,"23:30"
"06/04/2026","2026-04-06","Thứ Hai","Vàng nhẫn SJC 9999",169600000,172600000,3000000,16960000,17260000,4669.3,0,0,"23:30"
"07/04/2026","2026-04-07","Thứ Ba","Vàng nhẫn SJC 9999",169000000,172000000,3000000,16900000,17200000,4662.2,0,0,"23:30"
"08/04/2026","2026-04-08","Thứ Tư","Vàng nhẫn SJC 9999",170500000,174500000,4000000,17050000,17450000,4750.8,0,0,"23:30"
"09/04/2026","2026-04-09","Thứ Năm","Vàng nhẫn SJC 9999",168000000,171000000,3000000,16800000,17100000,4794.3,0,0,"23:30"
"10/04/2026","2026-04-10","Thứ Sáu","Vàng nhẫn SJC 9999",169400000,172400000,3000000,16940000,17240000,4762.4,0,0,"23:30"
"13/04/2026","2026-04-13","Thứ Hai","Vàng nhẫn SJC 9999",168200000,171200000,3000000,16820000,17120000,4731.7,0,0,"23:30"
"14/04/2026","2026-04-14","Thứ Ba","Vàng nhẫn SJC 9999",170200000,172700000,2500000,17020000,17270000,4820.2,0,0,"23:30"
"15/04/2026","2026-04-15","Thứ Tư","Vàng nhẫn SJC 9999",169700000,173200000,3500000,16970000,17320000,4810.1,0,0,"23:30"
"16/04/2026","2026-04-16","Thứ Năm","Vàng nhẫn SJC 9999",167200000,170700000,3500000,16720000,17070000,4801.1,0,0,"23:30"
"17/04/2026","2026-04-17","Thứ Sáu","Vàng nhẫn SJC 9999",167000000,170500000,3500000,16700000,17050000,4870.7,0,0,"23:30"
"20/04/2026","2026-04-20","Thứ Hai","Vàng nhẫn SJC 9999",167800000,170800000,3000000,16780000,17080000,4801.7,0,0,"23:30"
"21/04/2026","2026-04-21","Thứ Ba","Vàng nhẫn SJC 9999",167900000,170400000,2500000,16790000,17040000,4726.8,0,0,"23:30"
"22/04/2026","2026-04-22","Thứ Tư","Vàng nhẫn SJC 9999",167300000,169800000,2500000,16730000,16980000,4728.8,0,0,"23:30"
"23/04/2026","2026-04-23","Thứ Năm","Vàng nhẫn SJC 9999",166500000,169000000,2500000,16650000,16900000,4724.7,0,0,"23:30"
"24/04/2026","2026-04-24","Thứ Sáu","Vàng nhẫn SJC 9999",165000000,167500000,2500000,16500000,16750000,4725.3,0,0,"23:30"
"27/04/2026","2026-04-27","Thứ Hai","Vàng nhẫn SJC 9999",165800000,168300000,2500000,16580000,16830000,4676.6,0,0,"23:30"
"28/04/2026","2026-04-28","Thứ Ba","Vàng nhẫn SJC 9999",165800000,168300000,2500000,16580000,16830000,4585.7,0,0,"23:30"
"29/04/2026","2026-04-29","Thứ Tư","Vàng nhẫn SJC 9999",165800000,168300000,2500000,16580000,16830000,4564.7,0,0,"23:30"
"30/04/2026","2026-04-30","Thứ Năm","Vàng nhẫn SJC 9999",162500000,165500000,3000000,16250000,16550000,4609.9,0,0,"23:30"
"01/05/2026","2026-05-01","Thứ Sáu","Vàng nhẫn SJC 9999",162500000,165500000,3000000,16250000,16550000,4641.5,0,0,"23:30"
"04/05/2026","2026-05-04","Thứ Hai","Vàng nhẫn SJC 9999",162800000,165800000,3000000,16280000,16580000,4515.3,0,0,"23:30"
"05/05/2026","2026-05-05","Thứ Ba","Vàng nhẫn SJC 9999",161500000,164500000,3000000,16150000,16450000,4560.2,0,0,"23:30"
"06/05/2026","2026-05-06","Thứ Tư","Vàng nhẫn SJC 9999",162500000,165500000,3000000,16250000,16550000,4688.9,0,0,"23:30"
"07/05/2026","2026-05-07","Thứ Năm","Vàng nhẫn SJC 9999",164000000,167000000,3000000,16400000,16700000,4724,0,0,"23:30"
"08/05/2026","2026-05-08","Thứ Sáu","Vàng nhẫn SJC 9999",164000000,167000000,3000000,16400000,16700000,4716.9,0,0,"23:30"
"11/05/2026","2026-05-11","Thứ Hai","Vàng nhẫn SJC 9999",161700000,164700000,3000000,16170000,16470000,4725.9,0,0,"23:30"
"12/05/2026","2026-05-12","Thứ Ba","Vàng nhẫn SJC 9999",162300000,165300000,3000000,16230000,16530000,4670.6,0,0,"23:30"
"13/05/2026","2026-05-13","Thứ Tư","Vàng nhẫn SJC 9999",161800000,164800000,3000000,16180000,16480000,4710.8,0,0,"23:30"
"14/05/2026","2026-05-14","Thứ Năm","Vàng nhẫn SJC 9999",161800000,164800000,3000000,16180000,16480000,4677.7,0,0,"23:30"
"15/05/2026","2026-05-15","Thứ Sáu","Vàng nhẫn SJC 9999",160800000,163800000,3000000,16080000,16380000,4540.9,0,0,"23:30"
"18/05/2026","2026-05-18","Thứ Hai","Vàng nhẫn SJC 9999",160300000,163300000,3000000,16030000,16330000,4541.2,0,0,"23:30"
"19/05/2026","2026-05-19","Thứ Ba","Vàng nhẫn SJC 9999",160300000,163300000,3000000,16030000,16330000,4509.5,0,0,"23:30"
"20/05/2026","2026-05-20","Thứ Tư","Vàng nhẫn SJC 9999",158000000,161000000,3000000,15800000,16100000,4528.4,0,0,"23:30"
"21/05/2026","2026-05-21","Thứ Năm","Vàng nhẫn SJC 9999",158900000,161900000,3000000,15890000,16190000,4518.4,0,0,"23:30"
"22/05/2026","2026-05-22","Thứ Sáu","Vàng nhẫn SJC 9999",158500000,161500000,3000000,15850000,16150000,4524,0,0,"23:30"
"26/05/2026","2026-05-26","Thứ Ba","Vàng nhẫn SJC 9999",158000000,161000000,3000000,15800000,16100000,4509,0,0,"23:30"
"27/05/2026","2026-05-27","Thứ Tư","Vàng nhẫn SJC 9999",157200000,160200000,3000000,15720000,16020000,4447.1,0,0,"23:30"
"28/05/2026","2026-05-28","Thứ Năm","Vàng nhẫn SJC 9999",154300000,157300000,3000000,15430000,15730000,4501.5,0,0,"23:30"
"29/05/2026","2026-05-29","Thứ Sáu","Vàng nhẫn SJC 9999",155300000,158300000,3000000,15530000,15830000,4563,0,0,"23:30"
"01/06/2026","2026-06-01","Thứ Hai","Vàng nhẫn SJC 9999",155300000,158300000,3000000,15530000,15830000,4468.2,0,0,"23:30"
"02/06/2026","2026-06-02","Thứ Ba","Vàng nhẫn SJC 9999",154300000,157300000,3000000,15430000,15730000,4492.7,0,0,"23:30"
"03/06/2026","2026-06-03","Thứ Tư","Vàng nhẫn SJC 9999",153800000,156800000,3000000,15380000,15680000,4437.9,0,0,"23:30"
"04/06/2026","2026-06-04","Thứ Năm","Vàng nhẫn SJC 9999",152800000,155800000,3000000,15280000,15580000,4485.3,0,0,"23:30"
"05/06/2026","2026-06-05","Thứ Sáu","Vàng nhẫn SJC 9999",149000000,153000000,4000000,14900000,15300000,4332.5,0,0,"23:30"
"08/06/2026","2026-06-08","Thứ Hai","Vàng nhẫn SJC 9999",138600000,143600000,5000000,13860000,14360000,4343.7,0,0,"23:30"
"09/06/2026","2026-06-09","Thứ Ba","Vàng nhẫn SJC 9999",138600000,143600000,5000000,13860000,14360000,4264.2,0,0,"23:30"
"10/06/2026","2026-06-10","Thứ Tư","Vàng nhẫn SJC 9999",133200000,138200000,5000000,13320000,13820000,4132.7,0,0,"23:30"
"11/06/2026","2026-06-11","Thứ Năm","Vàng nhẫn SJC 9999",133300000,138300000,5000000,13330000,13830000,4084.6,0,0,"23:30"
"12/06/2026","2026-06-12","Thứ Sáu","Vàng nhẫn SJC 9999",142300000,145300000,3000000,14230000,14530000,4218.5,0,0,"23:30"
"15/06/2026","2026-06-15","Thứ Hai","Vàng nhẫn SJC 9999",147900000,150400000,2500000,14790000,15040000,4342.4,0,0,"23:30"
"16/06/2026","2026-06-16","Thứ Ba","Vàng nhẫn SJC 9999",149400000,151400000,2000000,14940000,15140000,4346.1,0,0,"23:30"
"17/06/2026","2026-06-17","Thứ Tư","Vàng nhẫn SJC 9999",148700000,151200000,2500000,14870000,15120000,4366.5,0,0,"23:30"
"18/06/2026","2026-06-18","Thứ Năm","Vàng nhẫn SJC 9999",148700000,151200000,2500000,14870000,15120000,4226.1,0,0,"23:30"
"22/06/2026","2026-06-22","Thứ Hai","Vàng nhẫn SJC 9999",145500000,148500000,3000000,14550000,14850000,4183,0,0,"23:30"
"23/06/2026","2026-06-23","Thứ Ba","Vàng nhẫn SJC 9999",143900000,146900000,3000000,14390000,14690000,4137.5,0,0,"23:30"
"24/06/2026","2026-06-24","Thứ Tư","Vàng nhẫn SJC 9999",143900000,146900000,3000000,14390000,14690000,4014.6,0,0,"23:30"
"25/06/2026","2026-06-25","Thứ Năm","Vàng nhẫn SJC 9999",143100000,146100000,3000000,14310000,14610000,4043.1,0,0,"23:30"
"26/06/2026","2026-06-26","Thứ Sáu","Vàng nhẫn SJC 9999",143900000,146900000,3000000,14390000,14690000,4089,0,0,"23:30"
"29/06/2026","2026-06-29","Thứ Hai","Vàng nhẫn SJC 9999",144900000,147900000,3000000,14490000,14790000,4024.8,0,0,"23:30"
"30/06/2026","2026-06-30","Thứ Ba","Vàng nhẫn SJC 9999",143900000,146900000,3000000,14390000,14690000,4029.8,0,0,"23:30"
"01/07/2026","2026-07-01","Thứ Tư","Vàng nhẫn SJC 9999",143300000,146300000,3000000,14330000,14630000,4084.9,0,0,"23:30"
"02/07/2026","2026-07-02","Thứ Năm","Vàng nhẫn SJC 9999",145300000,148300000,3000000,14530000,14830000,4119.4,0,0,"23:30"
"06/07/2026","2026-07-06","Thứ Hai","Vàng nhẫn SJC 9999",147900000,150900000,3000000,14790000,15090000,4145.9,0,0,"23:30"
"07/07/2026","2026-07-07","Thứ Ba","Vàng nhẫn SJC 9999",146700000,149700000,3000000,14670000,14970000,4147.7,0,0,"23:30"
"08/07/2026","2026-07-08","Thứ Tư","Vàng nhẫn SJC 9999",145200000,148200000,3000000,14520000,14820000,4044.9,0,0,"23:30"
"09/07/2026","2026-07-09","Thứ Năm","Vàng nhẫn SJC 9999",145700000,148700000,3000000,14570000,14870000,4131,0,0,"23:30"
"10/07/2026","2026-07-10","Thứ Sáu","Vàng nhẫn SJC 9999",146400000,149400000,3000000,14640000,14940000,4102.2,0,0,"22:30"
"13/07/2026","2026-07-13","Thứ Hai","Vàng nhẫn SJC 9999",144400000,147900000,3500000,14440000,14790000,4013.4,0,0,"22:00"
"14/07/2026","2026-07-14","Thứ Ba","Vàng nhẫn SJC 9999",143500000,147000000,3500000,14350000,14700000,4061.5,0,0,"23:30"
"15/07/2026","2026-07-15","Thứ Tư","Vàng nhẫn SJC 9999",144500000,148000000,3500000,14450000,14800000,4035.3,0,0,"23:30"
"16/07/2026","2026-07-16","Thứ Năm","Vàng nhẫn SJC 9999",143700000,147200000,3500000,14370000,14720000,3986.6,0,0,"23:30"
"17/07/2026","2026-07-17","Thứ Sáu","Vàng nhẫn SJC 9999",142100000,145600000,3500000,14210000,14560000,4021,0,0,"23:30"
"20/07/2026","2026-07-20","Thứ Hai","Vàng nhẫn SJC 9999",141500000,145000000,3500000,14150000,14500000,4013.5,0,0,"23:30"
"21/07/2026","2026-07-21","Thứ Ba","Vàng nhẫn SJC 9999",141900000,145400000,3500000,14190000,14540000,4076.7,0,0,"23:30"
"22/07/2026","2026-07-22","Thứ Tư","Vàng nhẫn SJC 9999",141000000,145000000,4000000,14100000,14500000,4149.8,0,0,"23:30"
"23/07/2026","2026-07-23","Thứ Năm","Vàng nhẫn SJC 9999",134000000,139000000,5000000,13400000,13900000,4051.3,0,0,"23:30"
"24/07/2026","2026-07-24","Thứ Sáu","Vàng nhẫn SJC 9999",135000000,140000000,5000000,13500000,14000000,4077.8,0,0,"23:30"
"27/07/2026","2026-07-27","Thứ Hai","Vàng nhẫn SJC 9999",138500000,142500000,4000000,13850000,14250000,4087,0,0,"23:30"
"28/07/2026","2026-07-28","Thứ Ba","Vàng nhẫn SJC 9999",137000000,141000000,4000000,13700000,14100000,4044,0,0,"23:30"
"29/07/2026","2026-07-29","Thứ Tư","Vàng nhẫn SJC 9999",137000000,141000000,4000000,13700000,14100000,4017.3,0,0,"23:30"
"30/07/2026","2026-07-30","Thứ Năm","Vàng nhẫn SJC 9999",137200000,141200000,4000000,13720000,14120000,4117.8,0,0,"23:30"
"31/07/2026","2026-07-31","Thứ Sáu","Vàng nhẫn SJC 9999",137400000,141400000,4000000,13740000,14140000,4048,0,0,"23:30"
"03/08/2026","2026-08-03","Thứ Hai","Vàng nhẫn SJC 9999",136500000,140500000,4000000,13650000,14050000,4038.2,0,0,"23:30"
"04/08/2026","2026-08-04","Thứ Ba","Vàng nhẫn SJC 9999",136500000,140000000,3500000,13650000,14000000,4090.6,0,0,"23:30"
"05/08/2026","2026-08-05","Thứ Tư","Vàng nhẫn SJC 9999",138300000,141300000,3000000,13830000,14130000,4242.1,0,0,"23:30"
"06/08/2026","2026-08-06","Thứ Năm","Vàng nhẫn SJC 9999",139200000,142200000,3000000,13920000,14220000,4228.5,0,0,"23:30"
"07/08/2026","2026-08-07","Thứ Sáu","Vàng nhẫn SJC 9999",138700000,141700000,3000000,13870000,14170000,4337.7,0,0,"23:30"
"10/08/2026","2026-08-10","Thứ Hai","Vàng nhẫn SJC 9999",140600000,143600000,3000000,14060000,14360000,4364.3,0,0,"23:30"
"11/08/2026","2026-08-11","Thứ Ba","Vàng nhẫn SJC 9999",140000000,143000000,3000000,14000000,14300000,4383.9,0,0,"23:30"
"12/08/2026","2026-08-12","Thứ Tư","Vàng nhẫn SJC 9999",140800000,143800000,3000000,14080000,14380000,4424.6,0,0,"23:30"
"13/08/2026","2026-08-13","Thứ Năm","Vàng nhẫn SJC 9999",140800000,143800000,3000000,14080000,14380000,4357.9,0,0,"23:30"
"14/08/2026","2026-08-14","Thứ Sáu","Vàng nhẫn SJC 9999",139800000,142800000,3000000,13980000,14280000,4388.6,0,0,"23:30"
"17/08/2026","2026-08-17","Thứ Hai","Vàng nhẫn SJC 9999",140700000,143700000,3000000,14070000,14370000,4424.6,0,0,"23:30"
"18/08/2026","2026-08-18","Thứ Ba","Vàng nhẫn SJC 9999",140800000,143800000,3000000,14080000,14380000,4365.7,0,0,"23:30"
"19/08/2026","2026-08-19","Thứ Tư","Vàng nhẫn SJC 9999",139200000,142200000,3000000,13920000,14220000,4493.7,0,0,"23:30"
"20/08/2026","2026-08-20","Thứ Năm","Vàng nhẫn SJC 9999",142500000,145500000,3000000,14250000,14550000,4533.9,0,0,"22:30"
"21/08/2026","2026-08-21","Thứ Sáu","Vàng nhẫn SJC 9999",143500000,146500000,3000000,14350000,14650000,4613.5,0,0,"23:30"
"22/08/2026","2026-08-22","Thứ Bảy","Vàng nhẫn SJC 9999",144100000,147100000,3000000,14410000,14710000,4604.4,144600000,147600000,"11:00"
"23/08/2026","2026-08-23","Chủ Nhật","Vàng nhẫn SJC 9999",144100000,147100000,3000000,14410000,14710000,4604.4,144600000,147600000,"00:00"
"24/08/2026","2026-08-24","Thứ Hai","Vàng nhẫn SJC 9999",146500000,149500000,3000000,14650000,14950000,4659.4,147000000,150000000,"23:30"
"25/08/2026","2026-08-25","Thứ Ba","Vàng nhẫn SJC 9999",147100000,150100000,3000000,14710000,15010000,4641.5,147600000,150600000,"23:30"
"26/08/2026","2026-08-26","Thứ Tư","Vàng nhẫn SJC 9999",146800000,149800000,3000000,14680000,14980000,4596.5,147300000,150300000,"23:30"
"27/08/2026","2026-08-27","Thứ Năm","Vàng nhẫn SJC 9999",146500000,149500000,3000000,14650000,14950000,4608.9,147000000,150000000,"23:30"
"28/08/2026","2026-08-28","Thứ Sáu","Vàng nhẫn SJC 9999",146500000,149500000,3000000,14650000,14950000,4614.8,147000000,150000000,"00:00"
